cohort	id	records	xcomet_xxl
native	gemini25flashlite_gitksan_grammar_original_chain_gloss_baseline	37	0.24041910731309168
native	gemini25flashlite_gitksan_grammar_original_modelgloss_baseline	37	0.48716930118766993
native	gemini25flashlite_gitksan_grammar_original_shot_baseline	37	0.23429435551972003
native	gemini25flashlite_gitksan_pdf1_brown_original_chain_gloss_cheatsheet_jpg	37	0.1992303956602071
native	gemini25flashlite_gitksan_pdf1_brown_original_chain_gloss_cheatsheet_txt	37	0.19843303190695272
native	gemini25flashlite_gitksan_pdf1_brown_original_chain_gloss_pdfpages_impactful_jpg	37	0.19191300123929977
native	gemini25flashlite_gitksan_pdf1_brown_original_chain_gloss_summary_tables_jpg	37	0.22711716471491633
native	gemini25flashlite_gitksan_pdf1_brown_original_chain_gloss_summary_tables_txt	37	0.23188126348965876
native	gemini25flashlite_gitksan_pdf1_brown_original_chain_gloss_summary_text_txt	37	0.214732466517268
native	gemini25flashlite_gitksan_pdf1_brown_original_modelgloss_cheatsheet_jpg	37	0.4649097428128526
native	gemini25flashlite_gitksan_pdf1_brown_original_modelgloss_cheatsheet_txt	37	0.47874213231576457
native	gemini25flashlite_gitksan_pdf1_brown_original_modelgloss_pdfpages_impactful_jpg	37	0.4535346152009191
native	gemini25flashlite_gitksan_pdf1_brown_original_modelgloss_summary_tables_jpg	37	0.4567627713486955
native	gemini25flashlite_gitksan_pdf1_brown_original_modelgloss_summary_tables_txt	37	0.47258374860157837
native	gemini25flashlite_gitksan_pdf1_brown_original_modelgloss_summary_text_txt	37	0.477857922380035
native	gemini25flashlite_gitksan_pdf1_brown_original_shot_cheatsheet_jpg	37	0.21862927743711988
native	gemini25flashlite_gitksan_pdf1_brown_original_shot_cheatsheet_txt	37	0.23349064714401155
native	gemini25flashlite_gitksan_pdf1_brown_original_shot_pdfpages_impactful_jpg	37	0.21178421116358526
native	gemini25flashlite_gitksan_pdf1_brown_original_shot_summary_tables_jpg	37	0.21545801795012243
native	gemini25flashlite_gitksan_pdf1_brown_original_shot_summary_tables_txt	37	0.23694460557119265
native	gemini25flashlite_gitksan_pdf1_brown_original_shot_summary_text_txt	37	0.23649035494875265
native	gemini25flashlite_gitksan_pdf2_rigsby_original_chain_gloss_cheatsheet_jpg	37	0.19828300500238263
native	gemini25flashlite_gitksan_pdf2_rigsby_original_chain_gloss_cheatsheet_txt	37	0.21654705562301585
native	gemini25flashlite_gitksan_pdf2_rigsby_original_chain_gloss_pdfpages_impactful_jpg	37	0.22638417478348757
native	gemini25flashlite_gitksan_pdf2_rigsby_original_chain_gloss_summary_tables_jpg	37	0.20098391014176445
native	gemini25flashlite_gitksan_pdf2_rigsby_original_chain_gloss_summary_tables_txt	37	0.24061292530717077
native	gemini25flashlite_gitksan_pdf2_rigsby_original_chain_gloss_summary_text_txt	37	0.2190757840871811
native	gemini25flashlite_gitksan_pdf2_rigsby_original_modelgloss_cheatsheet_jpg	37	0.45551128685474396
native	gemini25flashlite_gitksan_pdf2_rigsby_original_modelgloss_cheatsheet_txt	37	0.484738756675978
native	gemini25flashlite_gitksan_pdf2_rigsby_original_modelgloss_pdfpages_impactful_jpg	37	0.42678086580456914
native	gemini25flashlite_gitksan_pdf2_rigsby_original_modelgloss_summary_tables_jpg	37	0.44758127670030334
native	gemini25flashlite_gitksan_pdf2_rigsby_original_modelgloss_summary_tables_txt	37	0.4634732249620798
native	gemini25flashlite_gitksan_pdf2_rigsby_original_modelgloss_summary_text_txt	37	0.47780707156335983
native	gemini25flashlite_gitksan_pdf2_rigsby_original_shot_cheatsheet_jpg	37	0.21841515842321757
native	gemini25flashlite_gitksan_pdf2_rigsby_original_shot_cheatsheet_txt	37	0.22018293512834086
native	gemini25flashlite_gitksan_pdf2_rigsby_original_shot_pdfpages_impactful_jpg	37	0.2158965766429901
native	gemini25flashlite_gitksan_pdf2_rigsby_original_shot_summary_tables_jpg	37	0.2225004396325833
native	gemini25flashlite_gitksan_pdf2_rigsby_original_shot_summary_tables_txt	37	0.23805080495170644
native	gemini25flashlite_gitksan_pdf2_rigsby_original_shot_summary_text_txt	37	0.22244856506586075
native	gemini25flashlite_lezgi_grammar_cyrillic_chain_gloss_cheatsheet_jpg	87	0.33203447310403844
native	gemini25flashlite_lezgi_grammar_cyrillic_chain_gloss_cheatsheet_txt	87	0.2949050430251264
native	gemini25flashlite_lezgi_grammar_cyrillic_chain_gloss_summary_tables_jpg	87	0.3090427797929994
native	gemini25flashlite_lezgi_grammar_cyrillic_chain_gloss_summary_tables_txt	87	0.29174876504245845
native	gemini25flashlite_lezgi_grammar_cyrillic_chain_gloss_summary_text_txt	87	0.28274325726703664
native	gemini25flashlite_lezgi_grammar_cyrillic_modelgloss_cheatsheet_jpg	87	0.39153879041644346
native	gemini25flashlite_lezgi_grammar_cyrillic_modelgloss_cheatsheet_txt	87	0.3708085364651406
native	gemini25flashlite_lezgi_grammar_cyrillic_modelgloss_summary_tables_jpg	87	0.38989014486814366
native	gemini25flashlite_lezgi_grammar_cyrillic_modelgloss_summary_tables_txt	87	0.37713139958080205
native	gemini25flashlite_lezgi_grammar_cyrillic_modelgloss_summary_text_txt	87	0.37282118432480715
native	gemini25flashlite_lezgi_grammar_cyrillic_shot_cheatsheet_jpg	87	0.3336666948322592
native	gemini25flashlite_lezgi_grammar_cyrillic_shot_cheatsheet_txt	87	0.3028545590310261
native	gemini25flashlite_lezgi_grammar_cyrillic_shot_summary_tables_jpg	87	0.33712823911644946
native	gemini25flashlite_lezgi_grammar_cyrillic_shot_summary_tables_txt	87	0.31007723082071065
native	gemini25flashlite_lezgi_grammar_cyrillic_shot_summary_text_txt	87	0.32168738201431846
native	gemini25flashlite_lezgi_grammar_original_chain_gloss_baseline	87	0.3151989233219761
native	gemini25flashlite_lezgi_grammar_original_chain_gloss_cheatsheet_jpg	87	0.3187813388033845
native	gemini25flashlite_lezgi_grammar_original_chain_gloss_cheatsheet_txt	87	0.2968214472820019
native	gemini25flashlite_lezgi_grammar_original_chain_gloss_pdfpages_impactful_jpg	87	0.32954903452218265
native	gemini25flashlite_lezgi_grammar_original_chain_gloss_summary_tables_jpg	87	0.31559298435846966
native	gemini25flashlite_lezgi_grammar_original_chain_gloss_summary_tables_txt	87	0.2947741788009117
native	gemini25flashlite_lezgi_grammar_original_chain_gloss_summary_text_txt	87	0.2846973732798949
native	gemini25flashlite_lezgi_grammar_original_modelgloss_baseline	87	0.38859497413210486
native	gemini25flashlite_lezgi_grammar_original_modelgloss_cheatsheet_jpg	87	0.38776284516200255
native	gemini25flashlite_lezgi_grammar_original_modelgloss_cheatsheet_txt	87	0.3704110576674856
native	gemini25flashlite_lezgi_grammar_original_modelgloss_pdfpages_impactful_jpg	87	0.38883827917877284
native	gemini25flashlite_lezgi_grammar_original_modelgloss_summary_tables_jpg	87	0.39301435075614644
native	gemini25flashlite_lezgi_grammar_original_modelgloss_summary_tables_txt	87	0.3767847751920251
native	gemini25flashlite_lezgi_grammar_original_modelgloss_summary_text_txt	87	0.36327570025948275
native	gemini25flashlite_lezgi_grammar_original_shot_baseline	87	0.31959600284181794
native	gemini25flashlite_lezgi_grammar_original_shot_cheatsheet_jpg	87	0.32606181819206
native	gemini25flashlite_lezgi_grammar_original_shot_cheatsheet_txt	87	0.30579558066253004
native	gemini25flashlite_lezgi_grammar_original_shot_pdfpages_impactful_jpg	87	0.32899774850785046
native	gemini25flashlite_lezgi_grammar_original_shot_summary_tables_jpg	87	0.3393452985362075
native	gemini25flashlite_lezgi_grammar_original_shot_summary_tables_txt	87	0.3030825409738497
native	gemini25flashlite_lezgi_grammar_original_shot_summary_text_txt	87	0.307736667579618
native	gemini25flashlite_natugu_grammar_original_chain_gloss_baseline	99	0.19635837841214557
native	gemini25flashlite_natugu_grammar_original_chain_gloss_cheatsheet_jpg	99	0.19749847716755337
native	gemini25flashlite_natugu_grammar_original_chain_gloss_cheatsheet_txt	99	0.1816778446387763
native	gemini25flashlite_natugu_grammar_original_chain_gloss_pdfpages_impactful_jpg	99	0.17734256853358915
native	gemini25flashlite_natugu_grammar_original_chain_gloss_summary_tables_jpg	99	0.18571192914187307
native	gemini25flashlite_natugu_grammar_original_chain_gloss_summary_tables_txt	99	0.18649202020782413
native	gemini25flashlite_natugu_grammar_original_chain_gloss_summary_text_txt	99	0.18980332509134756
native	gemini25flashlite_natugu_grammar_original_modelgloss_baseline	99	0.4234719481131043
native	gemini25flashlite_natugu_grammar_original_modelgloss_cheatsheet_jpg	99	0.41017198848603953
native	gemini25flashlite_natugu_grammar_original_modelgloss_cheatsheet_txt	99	0.4238971700572004
native	gemini25flashlite_natugu_grammar_original_modelgloss_pdfpages_impactful_jpg	99	0.39359247917779766
native	gemini25flashlite_natugu_grammar_original_modelgloss_summary_tables_jpg	99	0.4095503865468382
native	gemini25flashlite_natugu_grammar_original_modelgloss_summary_tables_txt	99	0.41822753048906425
native	gemini25flashlite_natugu_grammar_original_modelgloss_summary_text_txt	99	0.4166527897721589
native	gemini25flashlite_natugu_grammar_original_shot_baseline	99	0.20099855161676503
native	gemini25flashlite_natugu_grammar_original_shot_cheatsheet_jpg	99	0.1950254536638356
native	gemini25flashlite_natugu_grammar_original_shot_cheatsheet_txt	99	0.1900806249392153
native	gemini25flashlite_natugu_grammar_original_shot_pdfpages_impactful_jpg	99	0.17165546096635587
native	gemini25flashlite_natugu_grammar_original_shot_summary_tables_jpg	99	0.18893282559483943
native	gemini25flashlite_natugu_grammar_original_shot_summary_tables_txt	99	0.19389031556519595
native	gemini25flashlite_natugu_grammar_original_shot_summary_text_txt	99	0.20760794089298057
native	gemini25flashlite_tsez_grammar_original_chain_gloss_baseline	99	0.15282956465627207
native	gemini25flashlite_tsez_grammar_original_chain_gloss_cheatsheet_jpg	99	0.13993970839062123
native	gemini25flashlite_tsez_grammar_original_chain_gloss_cheatsheet_txt	99	0.14410220440288987
native	gemini25flashlite_tsez_grammar_original_chain_gloss_pdfpages_impactful_jpg	99	0.1391959252080532
native	gemini25flashlite_tsez_grammar_original_chain_gloss_summary_tables_jpg	99	0.14402562297052807
native	gemini25flashlite_tsez_grammar_original_chain_gloss_summary_tables_txt	99	0.15394748438789388
native	gemini25flashlite_tsez_grammar_original_chain_gloss_summary_text_txt	99	0.15085124555561277
native	gemini25flashlite_tsez_grammar_original_modelgloss_baseline	99	0.39835601887016586
native	gemini25flashlite_tsez_grammar_original_modelgloss_cheatsheet_jpg	99	0.39375272144873935
native	gemini25flashlite_tsez_grammar_original_modelgloss_cheatsheet_txt	99	0.39405880973796653
native	gemini25flashlite_tsez_grammar_original_modelgloss_pdfpages_impactful_jpg	99	0.3901402930719684
native	gemini25flashlite_tsez_grammar_original_modelgloss_summary_tables_jpg	99	0.3942250917957287
native	gemini25flashlite_tsez_grammar_original_modelgloss_summary_tables_txt	99	0.3972309743515169
native	gemini25flashlite_tsez_grammar_original_modelgloss_summary_text_txt	99	0.4003269227616715
native	gemini25flashlite_tsez_grammar_original_shot_baseline	99	0.1507686118435378
native	gemini25flashlite_tsez_grammar_original_shot_cheatsheet_jpg	99	0.14071970147014867
native	gemini25flashlite_tsez_grammar_original_shot_cheatsheet_txt	99	0.15080120655322315
native	gemini25flashlite_tsez_grammar_original_shot_pdfpages_impactful_jpg	99	0.13576462556316396
native	gemini25flashlite_tsez_grammar_original_shot_summary_tables_jpg	99	0.14100542416175207
native	gemini25flashlite_tsez_grammar_original_shot_summary_tables_txt	99	0.1453214834133784
native	gemini25flashlite_tsez_grammar_original_shot_summary_text_txt	99	0.14139160686972166
native	qwen35_gitksan_grammar_original_chain_gloss_baseline	37	0.18876159473045453
native	qwen35_gitksan_grammar_original_modelgloss_baseline	37	0.45192461762879343
native	qwen35_gitksan_grammar_original_shot_baseline	37	0.19690055420269836
native	qwen35_gitksan_pdf1_brown_original_chain_gloss_cheatsheet_jpg	37	0.18858601052213358
native	qwen35_gitksan_pdf1_brown_original_chain_gloss_cheatsheet_txt	37	0.1933662073837744
native	qwen35_gitksan_pdf1_brown_original_chain_gloss_pdfpages_impactful_jpg	37	0.1769723789514722
native	qwen35_gitksan_pdf1_brown_original_chain_gloss_summary_tables_jpg	37	0.16648570468296875
native	qwen35_gitksan_pdf1_brown_original_chain_gloss_summary_tables_txt	37	0.18326766849369616
native	qwen35_gitksan_pdf1_brown_original_chain_gloss_summary_text_txt	37	0.1936116425974949
native	qwen35_gitksan_pdf1_brown_original_modelgloss_cheatsheet_jpg	37	0.4442538405592377
native	qwen35_gitksan_pdf1_brown_original_modelgloss_cheatsheet_txt	37	0.4486950603691307
native	qwen35_gitksan_pdf1_brown_original_modelgloss_pdfpages_impactful_jpg	37	0.46766965775876435
native	qwen35_gitksan_pdf1_brown_original_modelgloss_summary_tables_jpg	37	0.4429494154614371
native	qwen35_gitksan_pdf1_brown_original_modelgloss_summary_tables_txt	37	0.42995228276059433
native	qwen35_gitksan_pdf1_brown_original_modelgloss_summary_text_txt	37	0.40819901268224457
native	qwen35_gitksan_pdf1_brown_original_shot_cheatsheet_jpg	37	0.202609602462601
native	qwen35_gitksan_pdf1_brown_original_shot_cheatsheet_txt	37	0.19815743835391225
native	qwen35_gitksan_pdf1_brown_original_shot_pdfpages_impactful_jpg	37	0.19854663574212306
native	qwen35_gitksan_pdf1_brown_original_shot_summary_tables_jpg	37	0.197198981771598
native	qwen35_gitksan_pdf1_brown_original_shot_summary_tables_txt	37	0.18929002212511525
native	qwen35_gitksan_pdf1_brown_original_shot_summary_text_txt	37	0.2036378170187409
native	qwen35_gitksan_pdf2_rigsby_original_chain_gloss_cheatsheet_jpg	37	0.1664312967174762
native	qwen35_gitksan_pdf2_rigsby_original_chain_gloss_cheatsheet_txt	37	0.203289429078231
native	qwen35_gitksan_pdf2_rigsby_original_chain_gloss_pdfpages_impactful_jpg	37	0.19012513958119057
native	qwen35_gitksan_pdf2_rigsby_original_chain_gloss_summary_tables_jpg	37	0.1724948077588468
native	qwen35_gitksan_pdf2_rigsby_original_chain_gloss_summary_tables_txt	37	0.19502180170368505
native	qwen35_gitksan_pdf2_rigsby_original_chain_gloss_summary_text_txt	37	0.18231179323550817
native	qwen35_gitksan_pdf2_rigsby_original_modelgloss_cheatsheet_jpg	37	0.4530824148977125
native	qwen35_gitksan_pdf2_rigsby_original_modelgloss_cheatsheet_txt	37	0.45011067068254623
native	qwen35_gitksan_pdf2_rigsby_original_modelgloss_pdfpages_impactful_jpg	37	0.4360873956938048
native	qwen35_gitksan_pdf2_rigsby_original_modelgloss_summary_tables_jpg	37	0.46342967088158066
native	qwen35_gitksan_pdf2_rigsby_original_modelgloss_summary_tables_txt	37	0.4515409654862172
native	qwen35_gitksan_pdf2_rigsby_original_modelgloss_summary_text_txt	37	0.45032202069823807
native	qwen35_gitksan_pdf2_rigsby_original_shot_cheatsheet_jpg	37	0.18796987569815404
native	qwen35_gitksan_pdf2_rigsby_original_shot_cheatsheet_txt	37	0.18873068428522832
native	qwen35_gitksan_pdf2_rigsby_original_shot_pdfpages_impactful_jpg	37	0.18711824574180552
native	qwen35_gitksan_pdf2_rigsby_original_shot_summary_tables_jpg	37	0.19064736466955495
native	qwen35_gitksan_pdf2_rigsby_original_shot_summary_tables_txt	37	0.1938935488059714
native	qwen35_gitksan_pdf2_rigsby_original_shot_summary_text_txt	37	0.19850321174473376
native	qwen35_lezgi_grammar_cyrillic_chain_gloss_cheatsheet_jpg	87	0.19689254137291307
native	qwen35_lezgi_grammar_cyrillic_chain_gloss_cheatsheet_txt	87	0.20523057269981537
native	qwen35_lezgi_grammar_cyrillic_chain_gloss_summary_tables_jpg	87	0.19839977755628782
native	qwen35_lezgi_grammar_cyrillic_chain_gloss_summary_tables_txt	87	0.20225311378980504
native	qwen35_lezgi_grammar_cyrillic_chain_gloss_summary_text_txt	87	0.20131105116043968
native	qwen35_lezgi_grammar_cyrillic_modelgloss_cheatsheet_jpg	87	0.3535826758577906
native	qwen35_lezgi_grammar_cyrillic_modelgloss_cheatsheet_txt	87	0.34591414702349693
native	qwen35_lezgi_grammar_cyrillic_modelgloss_summary_tables_jpg	87	0.3578619007235286
native	qwen35_lezgi_grammar_cyrillic_modelgloss_summary_tables_txt	87	0.35760302002402555
native	qwen35_lezgi_grammar_cyrillic_modelgloss_summary_text_txt	87	0.34682484202343844
native	qwen35_lezgi_grammar_cyrillic_shot_cheatsheet_jpg	87	0.213972854374469
native	qwen35_lezgi_grammar_cyrillic_shot_cheatsheet_txt	87	0.20608760270921664
native	qwen35_lezgi_grammar_cyrillic_shot_summary_tables_jpg	87	0.21254407160583583
native	qwen35_lezgi_grammar_cyrillic_shot_summary_tables_txt	87	0.19904854739534444
native	qwen35_lezgi_grammar_cyrillic_shot_summary_text_txt	87	0.1946811011467857
native	qwen35_lezgi_grammar_original_chain_gloss_baseline	87	0.21673960598378345
native	qwen35_lezgi_grammar_original_chain_gloss_cheatsheet_jpg	87	0.20498405919335355
native	qwen35_lezgi_grammar_original_chain_gloss_cheatsheet_txt	87	0.21062645110590705
native	qwen35_lezgi_grammar_original_chain_gloss_pdfpages_impactful_jpg	87	0.20446777395133314
native	qwen35_lezgi_grammar_original_chain_gloss_summary_tables_jpg	87	0.201677154364257
native	qwen35_lezgi_grammar_original_chain_gloss_summary_tables_txt	87	0.18743896852622086
native	qwen35_lezgi_grammar_original_chain_gloss_summary_text_txt	87	0.2041227882620932
native	qwen35_lezgi_grammar_original_modelgloss_baseline	87	0.35428207119305927
native	qwen35_lezgi_grammar_original_modelgloss_cheatsheet_jpg	87	0.3545782225227904
native	qwen35_lezgi_grammar_original_modelgloss_cheatsheet_txt	87	0.347943182392367
native	qwen35_lezgi_grammar_original_modelgloss_pdfpages_impactful_jpg	87	0.3596046793906168
native	qwen35_lezgi_grammar_original_modelgloss_summary_tables_jpg	87	0.3525699520933217
native	qwen35_lezgi_grammar_original_modelgloss_summary_tables_txt	87	0.3463993863812808
native	qwen35_lezgi_grammar_original_modelgloss_summary_text_txt	87	0.3506164036091717
native	qwen35_lezgi_grammar_original_shot_baseline	87	0.2102545547759396
native	qwen35_lezgi_grammar_original_shot_cheatsheet_jpg	87	0.21445548791309882
native	qwen35_lezgi_grammar_original_shot_cheatsheet_txt	87	0.19513966066056285
native	qwen35_lezgi_grammar_original_shot_pdfpages_impactful_jpg	87	0.20809014158687372
native	qwen35_lezgi_grammar_original_shot_summary_tables_jpg	87	0.2162127642967235
native	qwen35_lezgi_grammar_original_shot_summary_tables_txt	87	0.20110450993324147
native	qwen35_lezgi_grammar_original_shot_summary_text_txt	87	0.19305662442555374
native	qwen35_natugu_grammar_original_chain_gloss_baseline	99	0.16613300227456623
native	qwen35_natugu_grammar_original_chain_gloss_cheatsheet_jpg	99	0.162242961426576
native	qwen35_natugu_grammar_original_chain_gloss_cheatsheet_txt	99	0.1628596307051302
native	qwen35_natugu_grammar_original_chain_gloss_pdfpages_impactful_jpg	99	0.16703095490282233
native	qwen35_natugu_grammar_original_chain_gloss_summary_tables_jpg	99	0.1614494775280808
native	qwen35_natugu_grammar_original_chain_gloss_summary_tables_txt	99	0.15383129581959562
native	qwen35_natugu_grammar_original_chain_gloss_summary_text_txt	99	0.16203152109878233
native	qwen35_natugu_grammar_original_modelgloss_baseline	99	0.40947346705378906
native	qwen35_natugu_grammar_original_modelgloss_cheatsheet_jpg	99	0.40356125276197086
native	qwen35_natugu_grammar_original_modelgloss_cheatsheet_txt	99	0.4021972128839204
native	qwen35_natugu_grammar_original_modelgloss_pdfpages_impactful_jpg	99	0.4015217251849897
native	qwen35_natugu_grammar_original_modelgloss_summary_tables_jpg	99	0.40642620924145284
native	qwen35_natugu_grammar_original_modelgloss_summary_tables_txt	99	0.39815127924837246
native	qwen35_natugu_grammar_original_modelgloss_summary_text_txt	99	0.39404454962773755
native	qwen35_natugu_grammar_original_shot_baseline	99	0.17047436128963123
native	qwen35_natugu_grammar_original_shot_cheatsheet_jpg	99	0.16176528265379897
native	qwen35_natugu_grammar_original_shot_cheatsheet_txt	99	0.1760689468696864
native	qwen35_natugu_grammar_original_shot_pdfpages_impactful_jpg	99	0.17822930006065754
native	qwen35_natugu_grammar_original_shot_summary_tables_jpg	99	0.16610507922943193
native	qwen35_natugu_grammar_original_shot_summary_tables_txt	99	0.16678019951690326
native	qwen35_natugu_grammar_original_shot_summary_text_txt	99	0.16982080524015908
native	qwen35_tsez_grammar_original_chain_gloss_baseline	445	0.13036245666862872
native	qwen35_tsez_grammar_original_chain_gloss_cheatsheet_jpg	445	0.12691637465123382
native	qwen35_tsez_grammar_original_chain_gloss_cheatsheet_txt	445	0.13397401554530927
native	qwen35_tsez_grammar_original_chain_gloss_pdfpages_impactful_jpg	445	0.1277089254574829
native	qwen35_tsez_grammar_original_chain_gloss_summary_tables_jpg	445	0.12668776309557175
native	qwen35_tsez_grammar_original_chain_gloss_summary_tables_txt	445	0.12993791945529787
native	qwen35_tsez_grammar_original_chain_gloss_summary_text_txt	445	0.13295955301335688
native	qwen35_tsez_grammar_original_modelgloss_baseline	445	0.36610188256488757
native	qwen35_tsez_grammar_original_modelgloss_cheatsheet_jpg	445	0.3559889994477958
native	qwen35_tsez_grammar_original_modelgloss_cheatsheet_txt	445	0.364242899166734
native	qwen35_tsez_grammar_original_modelgloss_pdfpages_impactful_jpg	445	0.35271512125985005
native	qwen35_tsez_grammar_original_modelgloss_summary_tables_jpg	445	0.3518489264872637
native	qwen35_tsez_grammar_original_modelgloss_summary_tables_txt	445	0.3666042054971952
native	qwen35_tsez_grammar_original_modelgloss_summary_text_txt	445	0.3655403235320295
native	qwen35_tsez_grammar_original_shot_baseline	445	0.1420465459147196
native	qwen35_tsez_grammar_original_shot_cheatsheet_jpg	445	0.13828122604094195
native	qwen35_tsez_grammar_original_shot_cheatsheet_txt	445	0.1442145916350772
native	qwen35_tsez_grammar_original_shot_pdfpages_impactful_jpg	445	0.13665392681788863
native	qwen35_tsez_grammar_original_shot_summary_tables_jpg	445	0.1374206479178386
native	qwen35_tsez_grammar_original_shot_summary_tables_txt	445	0.1412096858192026
native	qwen35_tsez_grammar_original_shot_summary_text_txt	445	0.14196400987298302
native	qwen3_gitksan_grammar_original_chain_gloss_baseline	37	0.18441005272639766
native	qwen3_gitksan_grammar_original_modelgloss_baseline	37	0.43246806634439006
native	qwen3_gitksan_grammar_original_shot_baseline	37	0.220044582679465
native	qwen3_gitksan_pdf1_brown_original_chain_gloss_cheatsheet_jpg	37	0.17511891009839806
native	qwen3_gitksan_pdf1_brown_original_chain_gloss_cheatsheet_txt	37	0.17848070992811307
native	qwen3_gitksan_pdf1_brown_original_chain_gloss_pdfpages_impactful_jpg	37	0.18601358379866625
native	qwen3_gitksan_pdf1_brown_original_chain_gloss_summary_tables_jpg	37	0.1867942904701104
native	qwen3_gitksan_pdf1_brown_original_chain_gloss_summary_tables_txt	37	0.19289094189534317
native	qwen3_gitksan_pdf1_brown_original_chain_gloss_summary_text_txt	37	0.18984488478383502
native	qwen3_gitksan_pdf1_brown_original_modelgloss_cheatsheet_jpg	37	0.42531700190660116
native	qwen3_gitksan_pdf1_brown_original_modelgloss_cheatsheet_txt	37	0.4520015080232878
native	qwen3_gitksan_pdf1_brown_original_modelgloss_pdfpages_impactful_jpg	37	0.4033847616330997
native	qwen3_gitksan_pdf1_brown_original_modelgloss_summary_tables_jpg	37	0.42577992842809576
native	qwen3_gitksan_pdf1_brown_original_modelgloss_summary_tables_txt	37	0.4366122892982251
native	qwen3_gitksan_pdf1_brown_original_modelgloss_summary_text_txt	37	0.4475452448870685
native	qwen3_gitksan_pdf1_brown_original_shot_cheatsheet_jpg	37	0.20703920883101387
native	qwen3_gitksan_pdf1_brown_original_shot_cheatsheet_txt	37	0.22449505792276278
native	qwen3_gitksan_pdf1_brown_original_shot_pdfpages_impactful_jpg	37	0.1963002669650155
native	qwen3_gitksan_pdf1_brown_original_shot_summary_tables_jpg	37	0.21263943250114853
native	qwen3_gitksan_pdf1_brown_original_shot_summary_tables_txt	37	0.20094330286657489
native	qwen3_gitksan_pdf1_brown_original_shot_summary_text_txt	37	0.21652226552769943
native	qwen3_gitksan_pdf2_rigsby_original_chain_gloss_cheatsheet_jpg	37	0.16912339486785838
native	qwen3_gitksan_pdf2_rigsby_original_chain_gloss_cheatsheet_txt	37	0.17365408809603872
native	qwen3_gitksan_pdf2_rigsby_original_chain_gloss_pdfpages_impactful_jpg	37	0.18594678612174215
native	qwen3_gitksan_pdf2_rigsby_original_chain_gloss_summary_tables_jpg	37	0.1809635061669994
native	qwen3_gitksan_pdf2_rigsby_original_chain_gloss_summary_tables_txt	37	0.18173638993018382
native	qwen3_gitksan_pdf2_rigsby_original_chain_gloss_summary_text_txt	37	0.1830490553701246
native	qwen3_gitksan_pdf2_rigsby_original_modelgloss_cheatsheet_jpg	37	0.42572701239102595
native	qwen3_gitksan_pdf2_rigsby_original_modelgloss_cheatsheet_txt	37	0.42876179616998983
native	qwen3_gitksan_pdf2_rigsby_original_modelgloss_pdfpages_impactful_jpg	37	0.4316540847758989
native	qwen3_gitksan_pdf2_rigsby_original_modelgloss_summary_tables_jpg	37	0.43161848127036484
native	qwen3_gitksan_pdf2_rigsby_original_modelgloss_summary_tables_txt	37	0.4299380656432461
native	qwen3_gitksan_pdf2_rigsby_original_modelgloss_summary_text_txt	37	0.4359012983135275
native	qwen3_gitksan_pdf2_rigsby_original_shot_cheatsheet_jpg	37	0.2095003987889032
native	qwen3_gitksan_pdf2_rigsby_original_shot_cheatsheet_txt	37	0.21000108928293795
native	qwen3_gitksan_pdf2_rigsby_original_shot_pdfpages_impactful_jpg	37	0.2139505876882656
native	qwen3_gitksan_pdf2_rigsby_original_shot_summary_tables_jpg	37	0.20833518577588572
native	qwen3_gitksan_pdf2_rigsby_original_shot_summary_tables_txt	37	0.20237703621387482
native	qwen3_gitksan_pdf2_rigsby_original_shot_summary_text_txt	37	0.2030863614903914
native	qwen3_lezgi_grammar_cyrillic_chain_gloss_cheatsheet_jpg	87	0.15630746178928462
native	qwen3_lezgi_grammar_cyrillic_chain_gloss_cheatsheet_txt	87	0.15280650633162465
native	qwen3_lezgi_grammar_cyrillic_chain_gloss_summary_tables_jpg	87	0.15446293148501167
native	qwen3_lezgi_grammar_cyrillic_chain_gloss_summary_tables_txt	87	0.15829601096010756
native	qwen3_lezgi_grammar_cyrillic_chain_gloss_summary_text_txt	87	0.14574225178395195
native	qwen3_lezgi_grammar_cyrillic_modelgloss_cheatsheet_jpg	87	0.3263441178647951
native	qwen3_lezgi_grammar_cyrillic_modelgloss_cheatsheet_txt	87	0.3440451171548887
native	qwen3_lezgi_grammar_cyrillic_modelgloss_summary_tables_jpg	87	0.3322628781884566
native	qwen3_lezgi_grammar_cyrillic_modelgloss_summary_tables_txt	87	0.34761574376246024
native	qwen3_lezgi_grammar_cyrillic_modelgloss_summary_text_txt	87	0.3372173145755954
native	qwen3_lezgi_grammar_cyrillic_shot_cheatsheet_jpg	87	0.15277772876380505
native	qwen3_lezgi_grammar_cyrillic_shot_cheatsheet_txt	87	0.14425522482943262
native	qwen3_lezgi_grammar_cyrillic_shot_summary_tables_jpg	87	0.14494643206226415
native	qwen3_lezgi_grammar_cyrillic_shot_summary_tables_txt	87	0.1581611704381033
native	qwen3_lezgi_grammar_cyrillic_shot_summary_text_txt	87	0.1535277452277041
native	qwen3_lezgi_grammar_original_chain_gloss_baseline	87	0.15703006628258476
native	qwen3_lezgi_grammar_original_chain_gloss_cheatsheet_jpg	87	0.1709687738925561
native	qwen3_lezgi_grammar_original_chain_gloss_cheatsheet_txt	87	0.1620292622467567
native	qwen3_lezgi_grammar_original_chain_gloss_pdfpages_impactful_jpg	87	0.14293425247587008
native	qwen3_lezgi_grammar_original_chain_gloss_summary_tables_jpg	87	0.15330941966552844
native	qwen3_lezgi_grammar_original_chain_gloss_summary_tables_txt	87	0.1590580968507405
native	qwen3_lezgi_grammar_original_chain_gloss_summary_text_txt	87	0.1539212617723421
native	qwen3_lezgi_grammar_original_modelgloss_baseline	87	0.3344304770573802
native	qwen3_lezgi_grammar_original_modelgloss_cheatsheet_jpg	87	0.3362642274848346
native	qwen3_lezgi_grammar_original_modelgloss_cheatsheet_txt	87	0.34693976277592536
native	qwen3_lezgi_grammar_original_modelgloss_pdfpages_impactful_jpg	87	0.3258870852062072
native	qwen3_lezgi_grammar_original_modelgloss_summary_tables_jpg	87	0.3299567098247594
native	qwen3_lezgi_grammar_original_modelgloss_summary_tables_txt	87	0.3419187378951873
native	qwen3_lezgi_grammar_original_modelgloss_summary_text_txt	87	0.3428577311422633
native	qwen3_lezgi_grammar_original_shot_baseline	87	0.16404719368137163
native	qwen3_lezgi_grammar_original_shot_cheatsheet_jpg	87	0.16277169924357843
native	qwen3_lezgi_grammar_original_shot_cheatsheet_txt	87	0.15323907119789343
native	qwen3_lezgi_grammar_original_shot_pdfpages_impactful_jpg	87	0.1488915006148404
native	qwen3_lezgi_grammar_original_shot_summary_tables_jpg	87	0.15030729796352058
native	qwen3_lezgi_grammar_original_shot_summary_tables_txt	87	0.15303204645370616
native	qwen3_lezgi_grammar_original_shot_summary_text_txt	87	0.15031699099759946
native	qwen3_natugu_grammar_original_chain_gloss_baseline	99	0.17625243593044956
native	qwen3_natugu_grammar_original_chain_gloss_cheatsheet_jpg	99	0.16989975226948958
native	qwen3_natugu_grammar_original_chain_gloss_cheatsheet_txt	99	0.16460786443768124
native	qwen3_natugu_grammar_original_chain_gloss_pdfpages_impactful_jpg	99	0.14017572735596184
native	qwen3_natugu_grammar_original_chain_gloss_summary_tables_jpg	99	0.16103104351445882
native	qwen3_natugu_grammar_original_chain_gloss_summary_tables_txt	99	0.17407588179063316
native	qwen3_natugu_grammar_original_chain_gloss_summary_text_txt	99	0.17871260469911074
native	qwen3_natugu_grammar_original_modelgloss_baseline	99	0.39692837978252254
native	qwen3_natugu_grammar_original_modelgloss_cheatsheet_jpg	99	0.3888348401194871
native	qwen3_natugu_grammar_original_modelgloss_cheatsheet_txt	99	0.3933732949122034
native	qwen3_natugu_grammar_original_modelgloss_pdfpages_impactful_jpg	99	0.38059832230962887
native	qwen3_natugu_grammar_original_modelgloss_summary_tables_jpg	99	0.385347789887226
native	qwen3_natugu_grammar_original_modelgloss_summary_tables_txt	99	0.39565464869292094
native	qwen3_natugu_grammar_original_modelgloss_summary_text_txt	99	0.4042808520372468
native	qwen3_natugu_grammar_original_shot_baseline	99	0.1660729782900425
native	qwen3_natugu_grammar_original_shot_cheatsheet_jpg	99	0.16641983578000405
native	qwen3_natugu_grammar_original_shot_cheatsheet_txt	99	0.17324898226393592
native	qwen3_natugu_grammar_original_shot_pdfpages_impactful_jpg	99	0.1742583034616528
native	qwen3_natugu_grammar_original_shot_summary_tables_jpg	99	0.16446134959808503
native	qwen3_natugu_grammar_original_shot_summary_tables_txt	99	0.17654973908205224
native	qwen3_natugu_grammar_original_shot_summary_text_txt	99	0.17757892021627136
native	qwen3_tsez_grammar_original_chain_gloss_baseline	445	0.13051218037190063
native	qwen3_tsez_grammar_original_chain_gloss_cheatsheet_jpg	445	0.12940331602029587
native	qwen3_tsez_grammar_original_chain_gloss_cheatsheet_txt	445	0.13168745432676893
native	qwen3_tsez_grammar_original_chain_gloss_pdfpages_impactful_jpg	445	0.12975801850637694
native	qwen3_tsez_grammar_original_chain_gloss_summary_tables_jpg	445	0.12705129667949142
native	qwen3_tsez_grammar_original_chain_gloss_summary_tables_txt	445	0.13174957159195053
native	qwen3_tsez_grammar_original_chain_gloss_summary_text_txt	445	0.13349599215421784
native	qwen3_tsez_grammar_original_modelgloss_baseline	445	0.3615185781308774
native	qwen3_tsez_grammar_original_modelgloss_cheatsheet_jpg	445	0.3538635627942139
native	qwen3_tsez_grammar_original_modelgloss_cheatsheet_txt	445	0.358677916530143
native	qwen3_tsez_grammar_original_modelgloss_pdfpages_impactful_jpg	445	0.3478813305832027
native	qwen3_tsez_grammar_original_modelgloss_summary_tables_jpg	445	0.35462784100784345
native	qwen3_tsez_grammar_original_modelgloss_summary_tables_txt	445	0.3618409425355075
native	qwen3_tsez_grammar_original_modelgloss_summary_text_txt	445	0.3602628478006031
native	qwen3_tsez_grammar_original_shot_baseline	445	0.1445997520109241
native	qwen3_tsez_grammar_original_shot_cheatsheet_jpg	445	0.14018877999166424
native	qwen3_tsez_grammar_original_shot_cheatsheet_txt	445	0.13672766342256845
native	qwen3_tsez_grammar_original_shot_pdfpages_impactful_jpg	445	0.13634093139278755
native	qwen3_tsez_grammar_original_shot_summary_tables_jpg	445	0.13946797447593023
native	qwen3_tsez_grammar_original_shot_summary_tables_txt	445	0.14057644615682324
native	qwen3_tsez_grammar_original_shot_summary_text_txt	445	0.13925666048955382
common99	gemini25flashlite_gitksan_grammar_original_chain_gloss_baseline	37	0.24041910731309168
common99	gemini25flashlite_gitksan_grammar_original_modelgloss_baseline	37	0.48716930118766993
common99	gemini25flashlite_gitksan_grammar_original_shot_baseline	37	0.23429435551972003
common99	gemini25flashlite_gitksan_pdf1_brown_original_chain_gloss_cheatsheet_jpg	37	0.1992303956602071
common99	gemini25flashlite_gitksan_pdf1_brown_original_chain_gloss_cheatsheet_txt	37	0.19843303190695272
common99	gemini25flashlite_gitksan_pdf1_brown_original_chain_gloss_pdfpages_impactful_jpg	37	0.19191300123929977
common99	gemini25flashlite_gitksan_pdf1_brown_original_chain_gloss_summary_tables_jpg	37	0.22711716471491633
common99	gemini25flashlite_gitksan_pdf1_brown_original_chain_gloss_summary_tables_txt	37	0.23188126348965876
common99	gemini25flashlite_gitksan_pdf1_brown_original_chain_gloss_summary_text_txt	37	0.214732466517268
common99	gemini25flashlite_gitksan_pdf1_brown_original_modelgloss_cheatsheet_jpg	37	0.4649097428128526
common99	gemini25flashlite_gitksan_pdf1_brown_original_modelgloss_cheatsheet_txt	37	0.47874213231576457
common99	gemini25flashlite_gitksan_pdf1_brown_original_modelgloss_pdfpages_impactful_jpg	37	0.4535346152009191
common99	gemini25flashlite_gitksan_pdf1_brown_original_modelgloss_summary_tables_jpg	37	0.4567627713486955
common99	gemini25flashlite_gitksan_pdf1_brown_original_modelgloss_summary_tables_txt	37	0.47258374860157837
common99	gemini25flashlite_gitksan_pdf1_brown_original_modelgloss_summary_text_txt	37	0.477857922380035
common99	gemini25flashlite_gitksan_pdf1_brown_original_shot_cheatsheet_jpg	37	0.21862927743711988
common99	gemini25flashlite_gitksan_pdf1_brown_original_shot_cheatsheet_txt	37	0.23349064714401155
common99	gemini25flashlite_gitksan_pdf1_brown_original_shot_pdfpages_impactful_jpg	37	0.21178421116358526
common99	gemini25flashlite_gitksan_pdf1_brown_original_shot_summary_tables_jpg	37	0.21545801795012243
common99	gemini25flashlite_gitksan_pdf1_brown_original_shot_summary_tables_txt	37	0.23694460557119265
common99	gemini25flashlite_gitksan_pdf1_brown_original_shot_summary_text_txt	37	0.23649035494875265
common99	gemini25flashlite_gitksan_pdf2_rigsby_original_chain_gloss_cheatsheet_jpg	37	0.19828300500238263
common99	gemini25flashlite_gitksan_pdf2_rigsby_original_chain_gloss_cheatsheet_txt	37	0.21654705562301585
common99	gemini25flashlite_gitksan_pdf2_rigsby_original_chain_gloss_pdfpages_impactful_jpg	37	0.22638417478348757
common99	gemini25flashlite_gitksan_pdf2_rigsby_original_chain_gloss_summary_tables_jpg	37	0.20098391014176445
common99	gemini25flashlite_gitksan_pdf2_rigsby_original_chain_gloss_summary_tables_txt	37	0.24061292530717077
common99	gemini25flashlite_gitksan_pdf2_rigsby_original_chain_gloss_summary_text_txt	37	0.2190757840871811
common99	gemini25flashlite_gitksan_pdf2_rigsby_original_modelgloss_cheatsheet_jpg	37	0.45551128685474396
common99	gemini25flashlite_gitksan_pdf2_rigsby_original_modelgloss_cheatsheet_txt	37	0.484738756675978
common99	gemini25flashlite_gitksan_pdf2_rigsby_original_modelgloss_pdfpages_impactful_jpg	37	0.42678086580456914
common99	gemini25flashlite_gitksan_pdf2_rigsby_original_modelgloss_summary_tables_jpg	37	0.44758127670030334
common99	gemini25flashlite_gitksan_pdf2_rigsby_original_modelgloss_summary_tables_txt	37	0.4634732249620798
common99	gemini25flashlite_gitksan_pdf2_rigsby_original_modelgloss_summary_text_txt	37	0.47780707156335983
common99	gemini25flashlite_gitksan_pdf2_rigsby_original_shot_cheatsheet_jpg	37	0.21841515842321757
common99	gemini25flashlite_gitksan_pdf2_rigsby_original_shot_cheatsheet_txt	37	0.22018293512834086
common99	gemini25flashlite_gitksan_pdf2_rigsby_original_shot_pdfpages_impactful_jpg	37	0.2158965766429901
common99	gemini25flashlite_gitksan_pdf2_rigsby_original_shot_summary_tables_jpg	37	0.2225004396325833
common99	gemini25flashlite_gitksan_pdf2_rigsby_original_shot_summary_tables_txt	37	0.23805080495170644
common99	gemini25flashlite_gitksan_pdf2_rigsby_original_shot_summary_text_txt	37	0.22244856506586075
common99	gemini25flashlite_lezgi_grammar_cyrillic_chain_gloss_cheatsheet_jpg	87	0.33203447310403844
common99	gemini25flashlite_lezgi_grammar_cyrillic_chain_gloss_cheatsheet_txt	87	0.2949050430251264
common99	gemini25flashlite_lezgi_grammar_cyrillic_chain_gloss_summary_tables_jpg	87	0.3090427797929994
common99	gemini25flashlite_lezgi_grammar_cyrillic_chain_gloss_summary_tables_txt	87	0.29174876504245845
common99	gemini25flashlite_lezgi_grammar_cyrillic_chain_gloss_summary_text_txt	87	0.28274325726703664
common99	gemini25flashlite_lezgi_grammar_cyrillic_modelgloss_cheatsheet_jpg	87	0.39153879041644346
common99	gemini25flashlite_lezgi_grammar_cyrillic_modelgloss_cheatsheet_txt	87	0.3708085364651406
common99	gemini25flashlite_lezgi_grammar_cyrillic_modelgloss_summary_tables_jpg	87	0.38989014486814366
common99	gemini25flashlite_lezgi_grammar_cyrillic_modelgloss_summary_tables_txt	87	0.37713139958080205
common99	gemini25flashlite_lezgi_grammar_cyrillic_modelgloss_summary_text_txt	87	0.37282118432480715
common99	gemini25flashlite_lezgi_grammar_cyrillic_shot_cheatsheet_jpg	87	0.3336666948322592
common99	gemini25flashlite_lezgi_grammar_cyrillic_shot_cheatsheet_txt	87	0.3028545590310261
common99	gemini25flashlite_lezgi_grammar_cyrillic_shot_summary_tables_jpg	87	0.33712823911644946
common99	gemini25flashlite_lezgi_grammar_cyrillic_shot_summary_tables_txt	87	0.31007723082071065
common99	gemini25flashlite_lezgi_grammar_cyrillic_shot_summary_text_txt	87	0.32168738201431846
common99	gemini25flashlite_lezgi_grammar_original_chain_gloss_baseline	87	0.3151989233219761
common99	gemini25flashlite_lezgi_grammar_original_chain_gloss_cheatsheet_jpg	87	0.3187813388033845
common99	gemini25flashlite_lezgi_grammar_original_chain_gloss_cheatsheet_txt	87	0.2968214472820019
common99	gemini25flashlite_lezgi_grammar_original_chain_gloss_pdfpages_impactful_jpg	87	0.32954903452218265
common99	gemini25flashlite_lezgi_grammar_original_chain_gloss_summary_tables_jpg	87	0.31559298435846966
common99	gemini25flashlite_lezgi_grammar_original_chain_gloss_summary_tables_txt	87	0.2947741788009117
common99	gemini25flashlite_lezgi_grammar_original_chain_gloss_summary_text_txt	87	0.2846973732798949
common99	gemini25flashlite_lezgi_grammar_original_modelgloss_baseline	87	0.38859497413210486
common99	gemini25flashlite_lezgi_grammar_original_modelgloss_cheatsheet_jpg	87	0.38776284516200255
common99	gemini25flashlite_lezgi_grammar_original_modelgloss_cheatsheet_txt	87	0.3704110576674856
common99	gemini25flashlite_lezgi_grammar_original_modelgloss_pdfpages_impactful_jpg	87	0.38883827917877284
common99	gemini25flashlite_lezgi_grammar_original_modelgloss_summary_tables_jpg	87	0.39301435075614644
common99	gemini25flashlite_lezgi_grammar_original_modelgloss_summary_tables_txt	87	0.3767847751920251
common99	gemini25flashlite_lezgi_grammar_original_modelgloss_summary_text_txt	87	0.36327570025948275
common99	gemini25flashlite_lezgi_grammar_original_shot_baseline	87	0.31959600284181794
common99	gemini25flashlite_lezgi_grammar_original_shot_cheatsheet_jpg	87	0.32606181819206
common99	gemini25flashlite_lezgi_grammar_original_shot_cheatsheet_txt	87	0.30579558066253004
common99	gemini25flashlite_lezgi_grammar_original_shot_pdfpages_impactful_jpg	87	0.32899774850785046
common99	gemini25flashlite_lezgi_grammar_original_shot_summary_tables_jpg	87	0.3393452985362075
common99	gemini25flashlite_lezgi_grammar_original_shot_summary_tables_txt	87	0.3030825409738497
common99	gemini25flashlite_lezgi_grammar_original_shot_summary_text_txt	87	0.307736667579618
common99	gemini25flashlite_natugu_grammar_original_chain_gloss_baseline	99	0.19635837841214557
common99	gemini25flashlite_natugu_grammar_original_chain_gloss_cheatsheet_jpg	99	0.19749847716755337
common99	gemini25flashlite_natugu_grammar_original_chain_gloss_cheatsheet_txt	99	0.1816778446387763
common99	gemini25flashlite_natugu_grammar_original_chain_gloss_pdfpages_impactful_jpg	99	0.17734256853358915
common99	gemini25flashlite_natugu_grammar_original_chain_gloss_summary_tables_jpg	99	0.18571192914187307
common99	gemini25flashlite_natugu_grammar_original_chain_gloss_summary_tables_txt	99	0.18649202020782413
common99	gemini25flashlite_natugu_grammar_original_chain_gloss_summary_text_txt	99	0.18980332509134756
common99	gemini25flashlite_natugu_grammar_original_modelgloss_baseline	99	0.4234719481131043
common99	gemini25flashlite_natugu_grammar_original_modelgloss_cheatsheet_jpg	99	0.41017198848603953
common99	gemini25flashlite_natugu_grammar_original_modelgloss_cheatsheet_txt	99	0.4238971700572004
common99	gemini25flashlite_natugu_grammar_original_modelgloss_pdfpages_impactful_jpg	99	0.39359247917779766
common99	gemini25flashlite_natugu_grammar_original_modelgloss_summary_tables_jpg	99	0.4095503865468382
common99	gemini25flashlite_natugu_grammar_original_modelgloss_summary_tables_txt	99	0.41822753048906425
common99	gemini25flashlite_natugu_grammar_original_modelgloss_summary_text_txt	99	0.4166527897721589
common99	gemini25flashlite_natugu_grammar_original_shot_baseline	99	0.20099855161676503
common99	gemini25flashlite_natugu_grammar_original_shot_cheatsheet_jpg	99	0.1950254536638356
common99	gemini25flashlite_natugu_grammar_original_shot_cheatsheet_txt	99	0.1900806249392153
common99	gemini25flashlite_natugu_grammar_original_shot_pdfpages_impactful_jpg	99	0.17165546096635587
common99	gemini25flashlite_natugu_grammar_original_shot_summary_tables_jpg	99	0.18893282559483943
common99	gemini25flashlite_natugu_grammar_original_shot_summary_tables_txt	99	0.19389031556519595
common99	gemini25flashlite_natugu_grammar_original_shot_summary_text_txt	99	0.20760794089298057
common99	gemini25flashlite_tsez_grammar_original_chain_gloss_baseline	99	0.15282956465627207
common99	gemini25flashlite_tsez_grammar_original_chain_gloss_cheatsheet_jpg	99	0.13993970839062123
common99	gemini25flashlite_tsez_grammar_original_chain_gloss_cheatsheet_txt	99	0.14410220440288987
common99	gemini25flashlite_tsez_grammar_original_chain_gloss_pdfpages_impactful_jpg	99	0.1391959252080532
common99	gemini25flashlite_tsez_grammar_original_chain_gloss_summary_tables_jpg	99	0.14402562297052807
common99	gemini25flashlite_tsez_grammar_original_chain_gloss_summary_tables_txt	99	0.15394748438789388
common99	gemini25flashlite_tsez_grammar_original_chain_gloss_summary_text_txt	99	0.15085124555561277
common99	gemini25flashlite_tsez_grammar_original_modelgloss_baseline	99	0.39835601887016586
common99	gemini25flashlite_tsez_grammar_original_modelgloss_cheatsheet_jpg	99	0.39375272144873935
common99	gemini25flashlite_tsez_grammar_original_modelgloss_cheatsheet_txt	99	0.39405880973796653
common99	gemini25flashlite_tsez_grammar_original_modelgloss_pdfpages_impactful_jpg	99	0.3901402930719684
common99	gemini25flashlite_tsez_grammar_original_modelgloss_summary_tables_jpg	99	0.3942250917957287
common99	gemini25flashlite_tsez_grammar_original_modelgloss_summary_tables_txt	99	0.3972309743515169
common99	gemini25flashlite_tsez_grammar_original_modelgloss_summary_text_txt	99	0.4003269227616715
common99	gemini25flashlite_tsez_grammar_original_shot_baseline	99	0.1507686118435378
common99	gemini25flashlite_tsez_grammar_original_shot_cheatsheet_jpg	99	0.14071970147014867
common99	gemini25flashlite_tsez_grammar_original_shot_cheatsheet_txt	99	0.15080120655322315
common99	gemini25flashlite_tsez_grammar_original_shot_pdfpages_impactful_jpg	99	0.13576462556316396
common99	gemini25flashlite_tsez_grammar_original_shot_summary_tables_jpg	99	0.14100542416175207
common99	gemini25flashlite_tsez_grammar_original_shot_summary_tables_txt	99	0.1453214834133784
common99	gemini25flashlite_tsez_grammar_original_shot_summary_text_txt	99	0.14139160686972166
common99	qwen35_gitksan_grammar_original_chain_gloss_baseline	37	0.18876159473045453
common99	qwen35_gitksan_grammar_original_modelgloss_baseline	37	0.45192461762879343
common99	qwen35_gitksan_grammar_original_shot_baseline	37	0.19690055420269836
common99	qwen35_gitksan_pdf1_brown_original_chain_gloss_cheatsheet_jpg	37	0.18858601052213358
common99	qwen35_gitksan_pdf1_brown_original_chain_gloss_cheatsheet_txt	37	0.1933662073837744
common99	qwen35_gitksan_pdf1_brown_original_chain_gloss_pdfpages_impactful_jpg	37	0.1769723789514722
common99	qwen35_gitksan_pdf1_brown_original_chain_gloss_summary_tables_jpg	37	0.16648570468296875
common99	qwen35_gitksan_pdf1_brown_original_chain_gloss_summary_tables_txt	37	0.18326766849369616
common99	qwen35_gitksan_pdf1_brown_original_chain_gloss_summary_text_txt	37	0.1936116425974949
common99	qwen35_gitksan_pdf1_brown_original_modelgloss_cheatsheet_jpg	37	0.4442538405592377
common99	qwen35_gitksan_pdf1_brown_original_modelgloss_cheatsheet_txt	37	0.4486950603691307
common99	qwen35_gitksan_pdf1_brown_original_modelgloss_pdfpages_impactful_jpg	37	0.46766965775876435
common99	qwen35_gitksan_pdf1_brown_original_modelgloss_summary_tables_jpg	37	0.4429494154614371
common99	qwen35_gitksan_pdf1_brown_original_modelgloss_summary_tables_txt	37	0.42995228276059433
common99	qwen35_gitksan_pdf1_brown_original_modelgloss_summary_text_txt	37	0.40819901268224457
common99	qwen35_gitksan_pdf1_brown_original_shot_cheatsheet_jpg	37	0.202609602462601
common99	qwen35_gitksan_pdf1_brown_original_shot_cheatsheet_txt	37	0.19815743835391225
common99	qwen35_gitksan_pdf1_brown_original_shot_pdfpages_impactful_jpg	37	0.19854663574212306
common99	qwen35_gitksan_pdf1_brown_original_shot_summary_tables_jpg	37	0.197198981771598
common99	qwen35_gitksan_pdf1_brown_original_shot_summary_tables_txt	37	0.18929002212511525
common99	qwen35_gitksan_pdf1_brown_original_shot_summary_text_txt	37	0.2036378170187409
common99	qwen35_gitksan_pdf2_rigsby_original_chain_gloss_cheatsheet_jpg	37	0.1664312967174762
common99	qwen35_gitksan_pdf2_rigsby_original_chain_gloss_cheatsheet_txt	37	0.203289429078231
common99	qwen35_gitksan_pdf2_rigsby_original_chain_gloss_pdfpages_impactful_jpg	37	0.19012513958119057
common99	qwen35_gitksan_pdf2_rigsby_original_chain_gloss_summary_tables_jpg	37	0.1724948077588468
common99	qwen35_gitksan_pdf2_rigsby_original_chain_gloss_summary_tables_txt	37	0.19502180170368505
common99	qwen35_gitksan_pdf2_rigsby_original_chain_gloss_summary_text_txt	37	0.18231179323550817
common99	qwen35_gitksan_pdf2_rigsby_original_modelgloss_cheatsheet_jpg	37	0.4530824148977125
common99	qwen35_gitksan_pdf2_rigsby_original_modelgloss_cheatsheet_txt	37	0.45011067068254623
common99	qwen35_gitksan_pdf2_rigsby_original_modelgloss_pdfpages_impactful_jpg	37	0.4360873956938048
common99	qwen35_gitksan_pdf2_rigsby_original_modelgloss_summary_tables_jpg	37	0.46342967088158066
common99	qwen35_gitksan_pdf2_rigsby_original_modelgloss_summary_tables_txt	37	0.4515409654862172
common99	qwen35_gitksan_pdf2_rigsby_original_modelgloss_summary_text_txt	37	0.45032202069823807
common99	qwen35_gitksan_pdf2_rigsby_original_shot_cheatsheet_jpg	37	0.18796987569815404
common99	qwen35_gitksan_pdf2_rigsby_original_shot_cheatsheet_txt	37	0.18873068428522832
common99	qwen35_gitksan_pdf2_rigsby_original_shot_pdfpages_impactful_jpg	37	0.18711824574180552
common99	qwen35_gitksan_pdf2_rigsby_original_shot_summary_tables_jpg	37	0.19064736466955495
common99	qwen35_gitksan_pdf2_rigsby_original_shot_summary_tables_txt	37	0.1938935488059714
common99	qwen35_gitksan_pdf2_rigsby_original_shot_summary_text_txt	37	0.19850321174473376
common99	qwen35_lezgi_grammar_cyrillic_chain_gloss_cheatsheet_jpg	87	0.19689254137291307
common99	qwen35_lezgi_grammar_cyrillic_chain_gloss_cheatsheet_txt	87	0.20523057269981537
common99	qwen35_lezgi_grammar_cyrillic_chain_gloss_summary_tables_jpg	87	0.19839977755628782
common99	qwen35_lezgi_grammar_cyrillic_chain_gloss_summary_tables_txt	87	0.20225311378980504
common99	qwen35_lezgi_grammar_cyrillic_chain_gloss_summary_text_txt	87	0.20131105116043968
common99	qwen35_lezgi_grammar_cyrillic_modelgloss_cheatsheet_jpg	87	0.3535826758577906
common99	qwen35_lezgi_grammar_cyrillic_modelgloss_cheatsheet_txt	87	0.34591414702349693
common99	qwen35_lezgi_grammar_cyrillic_modelgloss_summary_tables_jpg	87	0.3578619007235286
common99	qwen35_lezgi_grammar_cyrillic_modelgloss_summary_tables_txt	87	0.35760302002402555
common99	qwen35_lezgi_grammar_cyrillic_modelgloss_summary_text_txt	87	0.34682484202343844
common99	qwen35_lezgi_grammar_cyrillic_shot_cheatsheet_jpg	87	0.213972854374469
common99	qwen35_lezgi_grammar_cyrillic_shot_cheatsheet_txt	87	0.20608760270921664
common99	qwen35_lezgi_grammar_cyrillic_shot_summary_tables_jpg	87	0.21254407160583583
common99	qwen35_lezgi_grammar_cyrillic_shot_summary_tables_txt	87	0.19904854739534444
common99	qwen35_lezgi_grammar_cyrillic_shot_summary_text_txt	87	0.1946811011467857
common99	qwen35_lezgi_grammar_original_chain_gloss_baseline	87	0.21673960598378345
common99	qwen35_lezgi_grammar_original_chain_gloss_cheatsheet_jpg	87	0.20498405919335355
common99	qwen35_lezgi_grammar_original_chain_gloss_cheatsheet_txt	87	0.21062645110590705
common99	qwen35_lezgi_grammar_original_chain_gloss_pdfpages_impactful_jpg	87	0.20446777395133314
common99	qwen35_lezgi_grammar_original_chain_gloss_summary_tables_jpg	87	0.201677154364257
common99	qwen35_lezgi_grammar_original_chain_gloss_summary_tables_txt	87	0.18743896852622086
common99	qwen35_lezgi_grammar_original_chain_gloss_summary_text_txt	87	0.2041227882620932
common99	qwen35_lezgi_grammar_original_modelgloss_baseline	87	0.35428207119305927
common99	qwen35_lezgi_grammar_original_modelgloss_cheatsheet_jpg	87	0.3545782225227904
common99	qwen35_lezgi_grammar_original_modelgloss_cheatsheet_txt	87	0.347943182392367
common99	qwen35_lezgi_grammar_original_modelgloss_pdfpages_impactful_jpg	87	0.3596046793906168
common99	qwen35_lezgi_grammar_original_modelgloss_summary_tables_jpg	87	0.3525699520933217
common99	qwen35_lezgi_grammar_original_modelgloss_summary_tables_txt	87	0.3463993863812808
common99	qwen35_lezgi_grammar_original_modelgloss_summary_text_txt	87	0.3506164036091717
common99	qwen35_lezgi_grammar_original_shot_baseline	87	0.2102545547759396
common99	qwen35_lezgi_grammar_original_shot_cheatsheet_jpg	87	0.21445548791309882
common99	qwen35_lezgi_grammar_original_shot_cheatsheet_txt	87	0.19513966066056285
common99	qwen35_lezgi_grammar_original_shot_pdfpages_impactful_jpg	87	0.20809014158687372
common99	qwen35_lezgi_grammar_original_shot_summary_tables_jpg	87	0.2162127642967235
common99	qwen35_lezgi_grammar_original_shot_summary_tables_txt	87	0.20110450993324147
common99	qwen35_lezgi_grammar_original_shot_summary_text_txt	87	0.19305662442555374
common99	qwen35_natugu_grammar_original_chain_gloss_baseline	99	0.16613300227456623
common99	qwen35_natugu_grammar_original_chain_gloss_cheatsheet_jpg	99	0.162242961426576
common99	qwen35_natugu_grammar_original_chain_gloss_cheatsheet_txt	99	0.1628596307051302
common99	qwen35_natugu_grammar_original_chain_gloss_pdfpages_impactful_jpg	99	0.16703095490282233
common99	qwen35_natugu_grammar_original_chain_gloss_summary_tables_jpg	99	0.1614494775280808
common99	qwen35_natugu_grammar_original_chain_gloss_summary_tables_txt	99	0.15383129581959562
common99	qwen35_natugu_grammar_original_chain_gloss_summary_text_txt	99	0.16203152109878233
common99	qwen35_natugu_grammar_original_modelgloss_baseline	99	0.40947346705378906
common99	qwen35_natugu_grammar_original_modelgloss_cheatsheet_jpg	99	0.40356125276197086
common99	qwen35_natugu_grammar_original_modelgloss_cheatsheet_txt	99	0.4021972128839204
common99	qwen35_natugu_grammar_original_modelgloss_pdfpages_impactful_jpg	99	0.4015217251849897
common99	qwen35_natugu_grammar_original_modelgloss_summary_tables_jpg	99	0.40642620924145284
common99	qwen35_natugu_grammar_original_modelgloss_summary_tables_txt	99	0.39815127924837246
common99	qwen35_natugu_grammar_original_modelgloss_summary_text_txt	99	0.39404454962773755
common99	qwen35_natugu_grammar_original_shot_baseline	99	0.17047436128963123
common99	qwen35_natugu_grammar_original_shot_cheatsheet_jpg	99	0.16176528265379897
common99	qwen35_natugu_grammar_original_shot_cheatsheet_txt	99	0.1760689468696864
common99	qwen35_natugu_grammar_original_shot_pdfpages_impactful_jpg	99	0.17822930006065754
common99	qwen35_natugu_grammar_original_shot_summary_tables_jpg	99	0.16610507922943193
common99	qwen35_natugu_grammar_original_shot_summary_tables_txt	99	0.16678019951690326
common99	qwen35_natugu_grammar_original_shot_summary_text_txt	99	0.16982080524015908
common99	qwen35_tsez_grammar_original_chain_gloss_baseline	99	0.13578099343511793
common99	qwen35_tsez_grammar_original_chain_gloss_cheatsheet_jpg	99	0.1233544470083834
common99	qwen35_tsez_grammar_original_chain_gloss_cheatsheet_txt	99	0.13367556765525027
common99	qwen35_tsez_grammar_original_chain_gloss_pdfpages_impactful_jpg	99	0.12805808200077576
common99	qwen35_tsez_grammar_original_chain_gloss_summary_tables_jpg	99	0.1269399495136858
common99	qwen35_tsez_grammar_original_chain_gloss_summary_tables_txt	99	0.13008858632258694
common99	qwen35_tsez_grammar_original_chain_gloss_summary_text_txt	99	0.1315228214318102
common99	qwen35_tsez_grammar_original_modelgloss_baseline	99	0.35900232225957546
common99	qwen35_tsez_grammar_original_modelgloss_cheatsheet_jpg	99	0.3428928174003206
common99	qwen35_tsez_grammar_original_modelgloss_cheatsheet_txt	99	0.3568296476144983
common99	qwen35_tsez_grammar_original_modelgloss_pdfpages_impactful_jpg	99	0.3546326798622054
common99	qwen35_tsez_grammar_original_modelgloss_summary_tables_jpg	99	0.3365593858138479
common99	qwen35_tsez_grammar_original_modelgloss_summary_tables_txt	99	0.3556546536509437
common99	qwen35_tsez_grammar_original_modelgloss_summary_text_txt	99	0.3644040598712786
common99	qwen35_tsez_grammar_original_shot_baseline	99	0.13499985560022218
common99	qwen35_tsez_grammar_original_shot_cheatsheet_jpg	99	0.13697474645544785
common99	qwen35_tsez_grammar_original_shot_cheatsheet_txt	99	0.14607779937561113
common99	qwen35_tsez_grammar_original_shot_pdfpages_impactful_jpg	99	0.13211958035074098
common99	qwen35_tsez_grammar_original_shot_summary_tables_jpg	99	0.13645623375972113
common99	qwen35_tsez_grammar_original_shot_summary_tables_txt	99	0.13808394373968394
common99	qwen35_tsez_grammar_original_shot_summary_text_txt	99	0.13899866747434694
common99	qwen3_gitksan_grammar_original_chain_gloss_baseline	37	0.18441005272639766
common99	qwen3_gitksan_grammar_original_modelgloss_baseline	37	0.43246806634439006
common99	qwen3_gitksan_grammar_original_shot_baseline	37	0.220044582679465
common99	qwen3_gitksan_pdf1_brown_original_chain_gloss_cheatsheet_jpg	37	0.17511891009839806
common99	qwen3_gitksan_pdf1_brown_original_chain_gloss_cheatsheet_txt	37	0.17848070992811307
common99	qwen3_gitksan_pdf1_brown_original_chain_gloss_pdfpages_impactful_jpg	37	0.18601358379866625
common99	qwen3_gitksan_pdf1_brown_original_chain_gloss_summary_tables_jpg	37	0.1867942904701104
common99	qwen3_gitksan_pdf1_brown_original_chain_gloss_summary_tables_txt	37	0.19289094189534317
common99	qwen3_gitksan_pdf1_brown_original_chain_gloss_summary_text_txt	37	0.18984488478383502
common99	qwen3_gitksan_pdf1_brown_original_modelgloss_cheatsheet_jpg	37	0.42531700190660116
common99	qwen3_gitksan_pdf1_brown_original_modelgloss_cheatsheet_txt	37	0.4520015080232878
common99	qwen3_gitksan_pdf1_brown_original_modelgloss_pdfpages_impactful_jpg	37	0.4033847616330997
common99	qwen3_gitksan_pdf1_brown_original_modelgloss_summary_tables_jpg	37	0.42577992842809576
common99	qwen3_gitksan_pdf1_brown_original_modelgloss_summary_tables_txt	37	0.4366122892982251
common99	qwen3_gitksan_pdf1_brown_original_modelgloss_summary_text_txt	37	0.4475452448870685
common99	qwen3_gitksan_pdf1_brown_original_shot_cheatsheet_jpg	37	0.20703920883101387
common99	qwen3_gitksan_pdf1_brown_original_shot_cheatsheet_txt	37	0.22449505792276278
common99	qwen3_gitksan_pdf1_brown_original_shot_pdfpages_impactful_jpg	37	0.1963002669650155
common99	qwen3_gitksan_pdf1_brown_original_shot_summary_tables_jpg	37	0.21263943250114853
common99	qwen3_gitksan_pdf1_brown_original_shot_summary_tables_txt	37	0.20094330286657489
common99	qwen3_gitksan_pdf1_brown_original_shot_summary_text_txt	37	0.21652226552769943
common99	qwen3_gitksan_pdf2_rigsby_original_chain_gloss_cheatsheet_jpg	37	0.16912339486785838
common99	qwen3_gitksan_pdf2_rigsby_original_chain_gloss_cheatsheet_txt	37	0.17365408809603872
common99	qwen3_gitksan_pdf2_rigsby_original_chain_gloss_pdfpages_impactful_jpg	37	0.18594678612174215
common99	qwen3_gitksan_pdf2_rigsby_original_chain_gloss_summary_tables_jpg	37	0.1809635061669994
common99	qwen3_gitksan_pdf2_rigsby_original_chain_gloss_summary_tables_txt	37	0.18173638993018382
common99	qwen3_gitksan_pdf2_rigsby_original_chain_gloss_summary_text_txt	37	0.1830490553701246
common99	qwen3_gitksan_pdf2_rigsby_original_modelgloss_cheatsheet_jpg	37	0.42572701239102595
common99	qwen3_gitksan_pdf2_rigsby_original_modelgloss_cheatsheet_txt	37	0.42876179616998983
common99	qwen3_gitksan_pdf2_rigsby_original_modelgloss_pdfpages_impactful_jpg	37	0.4316540847758989
common99	qwen3_gitksan_pdf2_rigsby_original_modelgloss_summary_tables_jpg	37	0.43161848127036484
common99	qwen3_gitksan_pdf2_rigsby_original_modelgloss_summary_tables_txt	37	0.4299380656432461
common99	qwen3_gitksan_pdf2_rigsby_original_modelgloss_summary_text_txt	37	0.4359012983135275
common99	qwen3_gitksan_pdf2_rigsby_original_shot_cheatsheet_jpg	37	0.2095003987889032
common99	qwen3_gitksan_pdf2_rigsby_original_shot_cheatsheet_txt	37	0.21000108928293795
common99	qwen3_gitksan_pdf2_rigsby_original_shot_pdfpages_impactful_jpg	37	0.2139505876882656
common99	qwen3_gitksan_pdf2_rigsby_original_shot_summary_tables_jpg	37	0.20833518577588572
common99	qwen3_gitksan_pdf2_rigsby_original_shot_summary_tables_txt	37	0.20237703621387482
common99	qwen3_gitksan_pdf2_rigsby_original_shot_summary_text_txt	37	0.2030863614903914
common99	qwen3_lezgi_grammar_cyrillic_chain_gloss_cheatsheet_jpg	87	0.15630746178928462
common99	qwen3_lezgi_grammar_cyrillic_chain_gloss_cheatsheet_txt	87	0.15280650633162465
common99	qwen3_lezgi_grammar_cyrillic_chain_gloss_summary_tables_jpg	87	0.15446293148501167
common99	qwen3_lezgi_grammar_cyrillic_chain_gloss_summary_tables_txt	87	0.15829601096010756
common99	qwen3_lezgi_grammar_cyrillic_chain_gloss_summary_text_txt	87	0.14574225178395195
common99	qwen3_lezgi_grammar_cyrillic_modelgloss_cheatsheet_jpg	87	0.3263441178647951
common99	qwen3_lezgi_grammar_cyrillic_modelgloss_cheatsheet_txt	87	0.3440451171548887
common99	qwen3_lezgi_grammar_cyrillic_modelgloss_summary_tables_jpg	87	0.3322628781884566
common99	qwen3_lezgi_grammar_cyrillic_modelgloss_summary_tables_txt	87	0.34761574376246024
common99	qwen3_lezgi_grammar_cyrillic_modelgloss_summary_text_txt	87	0.3372173145755954
common99	qwen3_lezgi_grammar_cyrillic_shot_cheatsheet_jpg	87	0.15277772876380505
common99	qwen3_lezgi_grammar_cyrillic_shot_cheatsheet_txt	87	0.14425522482943262
common99	qwen3_lezgi_grammar_cyrillic_shot_summary_tables_jpg	87	0.14494643206226415
common99	qwen3_lezgi_grammar_cyrillic_shot_summary_tables_txt	87	0.1581611704381033
common99	qwen3_lezgi_grammar_cyrillic_shot_summary_text_txt	87	0.1535277452277041
common99	qwen3_lezgi_grammar_original_chain_gloss_baseline	87	0.15703006628258476
common99	qwen3_lezgi_grammar_original_chain_gloss_cheatsheet_jpg	87	0.1709687738925561
common99	qwen3_lezgi_grammar_original_chain_gloss_cheatsheet_txt	87	0.1620292622467567
common99	qwen3_lezgi_grammar_original_chain_gloss_pdfpages_impactful_jpg	87	0.14293425247587008
common99	qwen3_lezgi_grammar_original_chain_gloss_summary_tables_jpg	87	0.15330941966552844
common99	qwen3_lezgi_grammar_original_chain_gloss_summary_tables_txt	87	0.1590580968507405
common99	qwen3_lezgi_grammar_original_chain_gloss_summary_text_txt	87	0.1539212617723421
common99	qwen3_lezgi_grammar_original_modelgloss_baseline	87	0.3344304770573802
common99	qwen3_lezgi_grammar_original_modelgloss_cheatsheet_jpg	87	0.3362642274848346
common99	qwen3_lezgi_grammar_original_modelgloss_cheatsheet_txt	87	0.34693976277592536
common99	qwen3_lezgi_grammar_original_modelgloss_pdfpages_impactful_jpg	87	0.3258870852062072
common99	qwen3_lezgi_grammar_original_modelgloss_summary_tables_jpg	87	0.3299567098247594
common99	qwen3_lezgi_grammar_original_modelgloss_summary_tables_txt	87	0.3419187378951873
common99	qwen3_lezgi_grammar_original_modelgloss_summary_text_txt	87	0.3428577311422633
common99	qwen3_lezgi_grammar_original_shot_baseline	87	0.16404719368137163
common99	qwen3_lezgi_grammar_original_shot_cheatsheet_jpg	87	0.16277169924357843
common99	qwen3_lezgi_grammar_original_shot_cheatsheet_txt	87	0.15323907119789343
common99	qwen3_lezgi_grammar_original_shot_pdfpages_impactful_jpg	87	0.1488915006148404
common99	qwen3_lezgi_grammar_original_shot_summary_tables_jpg	87	0.15030729796352058
common99	qwen3_lezgi_grammar_original_shot_summary_tables_txt	87	0.15303204645370616
common99	qwen3_lezgi_grammar_original_shot_summary_text_txt	87	0.15031699099759946
common99	qwen3_natugu_grammar_original_chain_gloss_baseline	99	0.17625243593044956
common99	qwen3_natugu_grammar_original_chain_gloss_cheatsheet_jpg	99	0.16989975226948958
common99	qwen3_natugu_grammar_original_chain_gloss_cheatsheet_txt	99	0.16460786443768124
common99	qwen3_natugu_grammar_original_chain_gloss_pdfpages_impactful_jpg	99	0.14017572735596184
common99	qwen3_natugu_grammar_original_chain_gloss_summary_tables_jpg	99	0.16103104351445882
common99	qwen3_natugu_grammar_original_chain_gloss_summary_tables_txt	99	0.17407588179063316
common99	qwen3_natugu_grammar_original_chain_gloss_summary_text_txt	99	0.17871260469911074
common99	qwen3_natugu_grammar_original_modelgloss_baseline	99	0.39692837978252254
common99	qwen3_natugu_grammar_original_modelgloss_cheatsheet_jpg	99	0.3888348401194871
common99	qwen3_natugu_grammar_original_modelgloss_cheatsheet_txt	99	0.3933732949122034
common99	qwen3_natugu_grammar_original_modelgloss_pdfpages_impactful_jpg	99	0.38059832230962887
common99	qwen3_natugu_grammar_original_modelgloss_summary_tables_jpg	99	0.385347789887226
common99	qwen3_natugu_grammar_original_modelgloss_summary_tables_txt	99	0.39565464869292094
common99	qwen3_natugu_grammar_original_modelgloss_summary_text_txt	99	0.4042808520372468
common99	qwen3_natugu_grammar_original_shot_baseline	99	0.1660729782900425
common99	qwen3_natugu_grammar_original_shot_cheatsheet_jpg	99	0.16641983578000405
common99	qwen3_natugu_grammar_original_shot_cheatsheet_txt	99	0.17324898226393592
common99	qwen3_natugu_grammar_original_shot_pdfpages_impactful_jpg	99	0.1742583034616528
common99	qwen3_natugu_grammar_original_shot_summary_tables_jpg	99	0.16446134959808503
common99	qwen3_natugu_grammar_original_shot_summary_tables_txt	99	0.17654973908205224
common99	qwen3_natugu_grammar_original_shot_summary_text_txt	99	0.17757892021627136
common99	qwen3_tsez_grammar_original_chain_gloss_baseline	99	0.12991704814361804
common99	qwen3_tsez_grammar_original_chain_gloss_cheatsheet_jpg	99	0.12359939748891677
common99	qwen3_tsez_grammar_original_chain_gloss_cheatsheet_txt	99	0.12580023721011
common99	qwen3_tsez_grammar_original_chain_gloss_pdfpages_impactful_jpg	99	0.12462989737590154
common99	qwen3_tsez_grammar_original_chain_gloss_summary_tables_jpg	99	0.1255441548848393
common99	qwen3_tsez_grammar_original_chain_gloss_summary_tables_txt	99	0.1269634741574827
common99	qwen3_tsez_grammar_original_chain_gloss_summary_text_txt	99	0.13492564616179226
common99	qwen3_tsez_grammar_original_modelgloss_baseline	99	0.35226383060216904
common99	qwen3_tsez_grammar_original_modelgloss_cheatsheet_jpg	99	0.34204462268436797
common99	qwen3_tsez_grammar_original_modelgloss_cheatsheet_txt	99	0.3522511600243925
common99	qwen3_tsez_grammar_original_modelgloss_pdfpages_impactful_jpg	99	0.33913847465406766
common99	qwen3_tsez_grammar_original_modelgloss_summary_tables_jpg	99	0.34479703927280925
common99	qwen3_tsez_grammar_original_modelgloss_summary_tables_txt	99	0.35710275165661415
common99	qwen3_tsez_grammar_original_modelgloss_summary_text_txt	99	0.3567434118101091
common99	qwen3_tsez_grammar_original_shot_baseline	99	0.13731773987864004
common99	qwen3_tsez_grammar_original_shot_cheatsheet_jpg	99	0.13568567243790386
common99	qwen3_tsez_grammar_original_shot_cheatsheet_txt	99	0.1332854926586151
common99	qwen3_tsez_grammar_original_shot_pdfpages_impactful_jpg	99	0.13410070395529872
common99	qwen3_tsez_grammar_original_shot_summary_tables_jpg	99	0.13570152388678658
common99	qwen3_tsez_grammar_original_shot_summary_tables_txt	99	0.13838022646277842
common99	qwen3_tsez_grammar_original_shot_summary_text_txt	99	0.13798327902049728
