package	family	model	language	seed	left	right	cohort	metric	n	left_score	right_score	delta	ci_low	ci_high	p_raw	p_holm	family_tests
G	G	qwen3	Gitksan		qwen3_gitksan_grammar_original_modelgloss_baseline_s20260910_t512_oracle	qwen3_gitksan_grammar_original_modelgloss_baseline_s20260910_t512	native	chrF++	37	38.67529689700969	46.10421310786265	-7.428916210852961	-12.5752695489337	-2.322532406193797	0.004679953200467995		24
G	G	qwen3	Gitksan		qwen3_gitksan_grammar_original_modelgloss_baseline_s20260910_t512_oracle	qwen3_gitksan_grammar_original_modelgloss_baseline_s20260910_t512	native	BLEU	37	11.445075649806716	14.97832538252319	-3.533249732716474	-8.270308169241057	1.6876898573130708	0.16441835581644185		24
F	F	qwen3	Gitksan		qwen3_gitksan_grammar_original_chain_gloss_baseline_s20260910_t1024	qwen3_gitksan_grammar_original_chain_gloss_baseline_s20260910_t512	native	chrF++	37	18.111654252001863	18.111654252001863	0.0	0.0	0.0	1.0		24
F	F	qwen3	Gitksan		qwen3_gitksan_grammar_original_chain_gloss_baseline_s20260910_t1024	qwen3_gitksan_grammar_original_chain_gloss_baseline_s20260910_t512	native	BLEU	37	3.7978111582165055	3.7978111582165055	0.0	0.0	0.0	1.0		24
G	G	qwen3	Lezgi		qwen3_lezgi_grammar_original_modelgloss_baseline_s20260910_t512_oracle	qwen3_lezgi_grammar_original_modelgloss_baseline_s20260910_t512	valid84	chrF++	84	34.00184143769039	34.7787215992417	-0.7768801615513112	-3.3860021435367376	1.7810651651036078	0.5551044489555105		24
G	G	qwen3	Lezgi		qwen3_lezgi_grammar_original_modelgloss_baseline_s20260910_t512_oracle	qwen3_lezgi_grammar_original_modelgloss_baseline_s20260910_t512	valid84	BLEU	84	7.8021425286495445	8.809500149153884	-1.0073576205043393	-3.4531446947247826	1.1593618512957307	0.3894361056389436		24
G	G	qwen3	Lezgi		qwen3_lezgi_grammar_original_modelgloss_baseline_s20260910_t512_oracle	qwen3_lezgi_grammar_original_modelgloss_baseline_s20260910_t512	sensitivity83	chrF++	83	33.634983503981395	34.507069416673524	-0.8720859126921283	-3.5081790333826497	1.7084215354436716	0.5112148878511215		24
G	G	qwen3	Lezgi		qwen3_lezgi_grammar_original_modelgloss_baseline_s20260910_t512_oracle	qwen3_lezgi_grammar_original_modelgloss_baseline_s20260910_t512	sensitivity83	BLEU	83	7.2729007655226265	8.463536036072586	-1.1906352705499597	-3.7132656365933725	1.0705468511355185	0.32716672833271665		24
F	F	qwen3	Lezgi		qwen3_lezgi_grammar_original_chain_gloss_baseline_s20260910_t1024	qwen3_lezgi_grammar_original_chain_gloss_baseline_s20260910_t512	valid84	chrF++	84	19.263656345955404	19.263656345955404	0.0	0.0	0.0	1.0		24
F	F	qwen3	Lezgi		qwen3_lezgi_grammar_original_chain_gloss_baseline_s20260910_t1024	qwen3_lezgi_grammar_original_chain_gloss_baseline_s20260910_t512	valid84	BLEU	84	4.2634809273315035	4.2634809273315035	0.0	0.0	0.0	1.0		24
F	F	qwen3	Lezgi		qwen3_lezgi_grammar_original_chain_gloss_baseline_s20260910_t1024	qwen3_lezgi_grammar_original_chain_gloss_baseline_s20260910_t512	sensitivity83	chrF++	83	18.77547905138926	18.77547905138926	0.0	0.0	0.0	1.0		24
F	F	qwen3	Lezgi		qwen3_lezgi_grammar_original_chain_gloss_baseline_s20260910_t1024	qwen3_lezgi_grammar_original_chain_gloss_baseline_s20260910_t512	sensitivity83	BLEU	83	3.6289452909978097	3.6289452909978097	0.0	0.0	0.0	1.0		24
G	G	qwen3	Natugu		qwen3_natugu_grammar_original_modelgloss_baseline_s20260910_t512_oracle	qwen3_natugu_grammar_original_modelgloss_baseline_s20260910_t512	native	chrF++	99	36.21345876331702	39.14468793800005	-2.9312291746830255	-5.222617244777294	-0.6715411083078632	0.011789882101178989		24
G	G	qwen3	Natugu		qwen3_natugu_grammar_original_modelgloss_baseline_s20260910_t512_oracle	qwen3_natugu_grammar_original_modelgloss_baseline_s20260910_t512	native	BLEU	99	11.979412910082639	14.088380580051682	-2.1089676699690436	-5.508084089305759	0.9032119371958386	0.1989080109198908		24
F	F	qwen3	Natugu		qwen3_natugu_grammar_original_chain_gloss_baseline_s20260910_t1024	qwen3_natugu_grammar_original_chain_gloss_baseline_s20260910_t512	native	chrF++	99	18.69523255370943	18.69523255370943	0.0	0.0	0.0	1.0		24
F	F	qwen3	Natugu		qwen3_natugu_grammar_original_chain_gloss_baseline_s20260910_t1024	qwen3_natugu_grammar_original_chain_gloss_baseline_s20260910_t512	native	BLEU	99	3.1946789397647914	3.1946789397647914	0.0	0.0	0.0	1.0		24
G	G	qwen3	Tsez		qwen3_tsez_grammar_original_modelgloss_baseline_s20260910_t512_oracle	qwen3_tsez_grammar_original_modelgloss_baseline_s20260910_t512	native	chrF++	445	39.34167593863027	38.94532452307673	0.39635141555353925	-0.12845399999358462	0.9247813737981915	0.13876861231387685		24
G	G	qwen3	Tsez		qwen3_tsez_grammar_original_modelgloss_baseline_s20260910_t512_oracle	qwen3_tsez_grammar_original_modelgloss_baseline_s20260910_t512	native	BLEU	445	12.287535802756922	12.075441242537064	0.2120945602198585	-0.4027579676255958	0.8276177658837276	0.4990750092499075		24
G	G	qwen3	Tsez		qwen3_tsez_grammar_original_modelgloss_baseline_s20260910_t512_oracle	qwen3_tsez_grammar_original_modelgloss_baseline_s20260910_t512	common99	chrF++	99	39.09702468729669	38.175098759039216	0.9219259282574725	-0.0442013190765095	1.9003841576134417	0.06322936770632294		24
G	G	qwen3	Tsez		qwen3_tsez_grammar_original_modelgloss_baseline_s20260910_t512_oracle	qwen3_tsez_grammar_original_modelgloss_baseline_s20260910_t512	common99	BLEU	99	13.03636231638678	11.835913255994832	1.2004490603919482	-0.10217261495490827	2.539076302817073	0.07442925570744292		24
F	F	qwen3	Tsez		qwen3_tsez_grammar_original_chain_gloss_baseline_s20260910_t1024	qwen3_tsez_grammar_original_chain_gloss_baseline_s20260910_t512	native	chrF++	445	15.552616343683653	15.524380837201745	0.028235506481907535	0.0	0.08720459983604142	0.5388746112538875		24
F	F	qwen3	Tsez		qwen3_tsez_grammar_original_chain_gloss_baseline_s20260910_t1024	qwen3_tsez_grammar_original_chain_gloss_baseline_s20260910_t512	native	BLEU	445	1.2208892502933923	1.219289719358583	0.0015995309348093567	0.0	0.005539901308134245	0.5262547374526255		24
F	F	qwen3	Tsez		qwen3_tsez_grammar_original_chain_gloss_baseline_s20260910_t1024	qwen3_tsez_grammar_original_chain_gloss_baseline_s20260910_t512	common99	chrF++	99	15.642035394898857	15.642035394898857	0.0	0.0	0.0	1.0		24
F	F	qwen3	Tsez		qwen3_tsez_grammar_original_chain_gloss_baseline_s20260910_t1024	qwen3_tsez_grammar_original_chain_gloss_baseline_s20260910_t512	common99	BLEU	99	1.2563538727200825	1.2563538727200825	0.0	0.0	0.0	1.0		24
I	I	qwen3	Gitksan	20260910	qwen3_gitksan_pdf1_brown_original_shot_cheatsheet_txt_s20260910_t512	qwen3_gitksan_grammar_original_shot_baseline_s20260910_t512	native	chrF++	37	25.231830751777423	22.932749817715877	2.2990809340615463					
I	I	qwen3	Gitksan	20260910	qwen3_gitksan_pdf1_brown_original_shot_cheatsheet_txt_s20260910_t512	qwen3_gitksan_grammar_original_shot_baseline_s20260910_t512	native	BLEU	37	5.143720362358696	4.856615191094912	0.287105171263784					
I	I	qwen3	Gitksan	20260925	qwen3_gitksan_pdf1_brown_original_shot_cheatsheet_txt_s20260925_t512	qwen3_gitksan_grammar_original_shot_baseline_s20260925_t512	native	chrF++	37	26.120878646810162	25.902690480522004	0.21818816628815796					
I	I	qwen3	Gitksan	20260925	qwen3_gitksan_pdf1_brown_original_shot_cheatsheet_txt_s20260925_t512	qwen3_gitksan_grammar_original_shot_baseline_s20260925_t512	native	BLEU	37	4.575806589495812	6.087419601266669	-1.5116130117708568					
I	I	qwen3	Gitksan	20261001	qwen3_gitksan_pdf1_brown_original_shot_cheatsheet_txt_s20261001_t512	qwen3_gitksan_grammar_original_shot_baseline_s20261001_t512	native	chrF++	37	24.283898471776013	23.834791992497433	0.44910647927857994					
I	I	qwen3	Gitksan	20261001	qwen3_gitksan_pdf1_brown_original_shot_cheatsheet_txt_s20261001_t512	qwen3_gitksan_grammar_original_shot_baseline_s20261001_t512	native	BLEU	37	4.474561221336763	4.407128148966017	0.06743307237074614					
I	I	qwen3	Lezgi	20260910	qwen3_lezgi_grammar_original_chain_gloss_cheatsheet_txt_s20260910_t512	qwen3_lezgi_grammar_original_chain_gloss_baseline_s20260910_t512	valid84	chrF++	84	20.250525144731142	19.263656345955404	0.9868687987757383					
I	I	qwen3	Lezgi	20260910	qwen3_lezgi_grammar_original_chain_gloss_cheatsheet_txt_s20260910_t512	qwen3_lezgi_grammar_original_chain_gloss_baseline_s20260910_t512	valid84	BLEU	84	3.8527102513783973	4.2634809273315035	-0.41077067595310623					
I	I	qwen3	Lezgi	20260910	qwen3_lezgi_grammar_original_chain_gloss_cheatsheet_txt_s20260910_t512	qwen3_lezgi_grammar_original_chain_gloss_baseline_s20260910_t512	sensitivity83	chrF++	83	19.75800167351283	18.77547905138926	0.9825226221235681					
I	I	qwen3	Lezgi	20260910	qwen3_lezgi_grammar_original_chain_gloss_cheatsheet_txt_s20260910_t512	qwen3_lezgi_grammar_original_chain_gloss_baseline_s20260910_t512	sensitivity83	BLEU	83	3.085524341187607	3.6289452909978097	-0.5434209498102027					
I	I	qwen3	Lezgi	20260925	qwen3_lezgi_grammar_original_chain_gloss_cheatsheet_txt_s20260925_t512	qwen3_lezgi_grammar_original_chain_gloss_baseline_s20260925_t512	valid84	chrF++	84	19.075628764742817	18.203137155691987	0.8724916090508295					
I	I	qwen3	Lezgi	20260925	qwen3_lezgi_grammar_original_chain_gloss_cheatsheet_txt_s20260925_t512	qwen3_lezgi_grammar_original_chain_gloss_baseline_s20260925_t512	valid84	BLEU	84	4.083010031451266	4.692332049961681	-0.6093220185104151					
I	I	qwen3	Lezgi	20260925	qwen3_lezgi_grammar_original_chain_gloss_cheatsheet_txt_s20260925_t512	qwen3_lezgi_grammar_original_chain_gloss_baseline_s20260925_t512	sensitivity83	chrF++	83	18.573733544021596	17.70440378700613	0.8693297570154677					
I	I	qwen3	Lezgi	20260925	qwen3_lezgi_grammar_original_chain_gloss_cheatsheet_txt_s20260925_t512	qwen3_lezgi_grammar_original_chain_gloss_baseline_s20260925_t512	sensitivity83	BLEU	83	3.4022560397189436	4.1007163203880115	-0.6984602806690678					
I	I	qwen3	Lezgi	20261001	qwen3_lezgi_grammar_original_chain_gloss_cheatsheet_txt_s20261001_t512	qwen3_lezgi_grammar_original_chain_gloss_baseline_s20261001_t512	valid84	chrF++	84	20.02023771794098	19.62823311089523	0.3920046070457488					
I	I	qwen3	Lezgi	20261001	qwen3_lezgi_grammar_original_chain_gloss_cheatsheet_txt_s20261001_t512	qwen3_lezgi_grammar_original_chain_gloss_baseline_s20261001_t512	valid84	BLEU	84	4.403057136690774	5.081000555484009	-0.6779434187932356					
I	I	qwen3	Lezgi	20261001	qwen3_lezgi_grammar_original_chain_gloss_cheatsheet_txt_s20261001_t512	qwen3_lezgi_grammar_original_chain_gloss_baseline_s20261001_t512	sensitivity83	chrF++	83	19.52349939765102	19.143982501799734	0.37951689585128534					
I	I	qwen3	Lezgi	20261001	qwen3_lezgi_grammar_original_chain_gloss_cheatsheet_txt_s20261001_t512	qwen3_lezgi_grammar_original_chain_gloss_baseline_s20261001_t512	sensitivity83	BLEU	83	3.744275905924293	4.528897154537791	-0.7846212486134982					
I	I	qwen3	Natugu	20260910	qwen3_natugu_grammar_original_modelgloss_cheatsheet_jpg_s20260910_t512	qwen3_natugu_grammar_original_modelgloss_baseline_s20260910_t512	native	chrF++	99	38.31561365149984	39.14468793800005	-0.8290742865002088					
I	I	qwen3	Natugu	20260910	qwen3_natugu_grammar_original_modelgloss_cheatsheet_jpg_s20260910_t512	qwen3_natugu_grammar_original_modelgloss_baseline_s20260910_t512	native	BLEU	99	13.430221464302452	14.088380580051682	-0.6581591157492301					
I	I	qwen3	Natugu	20260925	qwen3_natugu_grammar_original_modelgloss_cheatsheet_jpg_s20260925_t512	qwen3_natugu_grammar_original_modelgloss_baseline_s20260925_t512	native	chrF++	99	37.80555256755635	38.734333080393085	-0.9287805128367381					
I	I	qwen3	Natugu	20260925	qwen3_natugu_grammar_original_modelgloss_cheatsheet_jpg_s20260925_t512	qwen3_natugu_grammar_original_modelgloss_baseline_s20260925_t512	native	BLEU	99	13.491207534206678	14.137779076721737	-0.6465715425150584					
I	I	qwen3	Natugu	20261001	qwen3_natugu_grammar_original_modelgloss_cheatsheet_jpg_s20261001_t512	qwen3_natugu_grammar_original_modelgloss_baseline_s20261001_t512	native	chrF++	99	38.430483606832176	38.69477071072676	-0.2642871038945813					
I	I	qwen3	Natugu	20261001	qwen3_natugu_grammar_original_modelgloss_cheatsheet_jpg_s20261001_t512	qwen3_natugu_grammar_original_modelgloss_baseline_s20261001_t512	native	BLEU	99	14.448173582478672	13.850655863044327	0.5975177194343448					
I	I	qwen3	Tsez	20260910	qwen3_tsez_grammar_original_chain_gloss_summary_text_txt_s20260910_t512	qwen3_tsez_grammar_original_chain_gloss_baseline_s20260910_t512	native	chrF++	445	16.109189067804326	15.524380837201745	0.5848082306025812					
I	I	qwen3	Tsez	20260910	qwen3_tsez_grammar_original_chain_gloss_summary_text_txt_s20260910_t512	qwen3_tsez_grammar_original_chain_gloss_baseline_s20260910_t512	native	BLEU	445	1.5734575499768753	1.219289719358583	0.35416783061829227					
I	I	qwen3	Tsez	20260910	qwen3_tsez_grammar_original_chain_gloss_summary_text_txt_s20260910_t512	qwen3_tsez_grammar_original_chain_gloss_baseline_s20260910_t512	common99	chrF++	99	16.219761961484647	15.642035394898857	0.57772656658579					
I	I	qwen3	Tsez	20260910	qwen3_tsez_grammar_original_chain_gloss_summary_text_txt_s20260910_t512	qwen3_tsez_grammar_original_chain_gloss_baseline_s20260910_t512	common99	BLEU	99	1.3509915042561589	1.2563538727200825	0.0946376315360764					
I	I	qwen3	Tsez	20260925	qwen3_tsez_grammar_original_chain_gloss_summary_text_txt_s20260925_t512	qwen3_tsez_grammar_original_chain_gloss_baseline_s20260925_t512	native	chrF++	445	16.03281544575857	15.527215122380031	0.5056003233785376					
I	I	qwen3	Tsez	20260925	qwen3_tsez_grammar_original_chain_gloss_summary_text_txt_s20260925_t512	qwen3_tsez_grammar_original_chain_gloss_baseline_s20260925_t512	native	BLEU	445	1.4742399681142655	1.1268696837155716	0.3473702843986939					
I	I	qwen3	Tsez	20260925	qwen3_tsez_grammar_original_chain_gloss_summary_text_txt_s20260925_t512	qwen3_tsez_grammar_original_chain_gloss_baseline_s20260925_t512	common99	chrF++	99	16.29183556875607	14.519229889424984	1.772605679331086					
I	I	qwen3	Tsez	20260925	qwen3_tsez_grammar_original_chain_gloss_summary_text_txt_s20260925_t512	qwen3_tsez_grammar_original_chain_gloss_baseline_s20260925_t512	common99	BLEU	99	1.3777862263022504	0.9659066380506088	0.4118795882516416					
I	I	qwen3	Tsez	20261001	qwen3_tsez_grammar_original_chain_gloss_summary_text_txt_s20261001_t512	qwen3_tsez_grammar_original_chain_gloss_baseline_s20261001_t512	native	chrF++	445	16.581965854470237	16.003447528486955	0.578518325983282					
I	I	qwen3	Tsez	20261001	qwen3_tsez_grammar_original_chain_gloss_summary_text_txt_s20261001_t512	qwen3_tsez_grammar_original_chain_gloss_baseline_s20261001_t512	native	BLEU	445	1.796600280051179	1.2922895233302303	0.5043107567209488					
I	I	qwen3	Tsez	20261001	qwen3_tsez_grammar_original_chain_gloss_summary_text_txt_s20261001_t512	qwen3_tsez_grammar_original_chain_gloss_baseline_s20261001_t512	common99	chrF++	99	16.809861227070595	16.05718063987759	0.7526805871930051					
I	I	qwen3	Tsez	20261001	qwen3_tsez_grammar_original_chain_gloss_summary_text_txt_s20261001_t512	qwen3_tsez_grammar_original_chain_gloss_baseline_s20261001_t512	common99	BLEU	99	1.5078586190615253	1.0872562435648738	0.42060237549665147					
