id	model	language	cohort	metric	n	seed	budget	oracle	score	empty	truncated	sha256
qwen3_gitksan_grammar_original_modelgloss_baseline_s20260910_t512	qwen3	Gitksan	native	BLEU	37	20260910	512	False	14.97832538252319	0	0	e514a52e28be99d0ad2287f1cbb620ab2f3ff5ef7f40fa6b0a8afe3eb245dd87
qwen3_gitksan_grammar_original_modelgloss_baseline_s20260910_t512	qwen3	Gitksan	native	chrF++	37	20260910	512	False	46.10421310786265	0	0	e514a52e28be99d0ad2287f1cbb620ab2f3ff5ef7f40fa6b0a8afe3eb245dd87
qwen3_gitksan_grammar_original_modelgloss_baseline_s20260910_t512_oracle	qwen3	Gitksan	native	BLEU	37	20260910	512	True	11.445075649806716	0	0	ba626342f6d92d512a69ff891547c5d892bcad719d2e7c0493a9a864de9f22df
qwen3_gitksan_grammar_original_modelgloss_baseline_s20260910_t512_oracle	qwen3	Gitksan	native	chrF++	37	20260910	512	True	38.67529689700969	0	0	ba626342f6d92d512a69ff891547c5d892bcad719d2e7c0493a9a864de9f22df
qwen3_gitksan_grammar_original_chain_gloss_baseline_s20260910_t512	qwen3	Gitksan	native	BLEU	37	20260910	512	False	3.7978111582165055	1	1	c5a066803e8bbace02cd2da5608da51d3a320d54d23715da8b019ebba4dad4ac
qwen3_gitksan_grammar_original_chain_gloss_baseline_s20260910_t512	qwen3	Gitksan	native	chrF++	37	20260910	512	False	18.111654252001863	1	1	c5a066803e8bbace02cd2da5608da51d3a320d54d23715da8b019ebba4dad4ac
qwen3_gitksan_grammar_original_chain_gloss_baseline_s20260910_t1024	qwen3	Gitksan	native	BLEU	37	20260910	1024	False	3.7978111582165055	1	1	4a54321d9af0c38487a297869f449f953bcdba5894319e18016453c5e0296fe0
qwen3_gitksan_grammar_original_chain_gloss_baseline_s20260910_t1024	qwen3	Gitksan	native	chrF++	37	20260910	1024	False	18.111654252001863	1	1	4a54321d9af0c38487a297869f449f953bcdba5894319e18016453c5e0296fe0
qwen3_lezgi_grammar_original_modelgloss_baseline_s20260910_t512	qwen3	Lezgi	valid84	BLEU	84	20260910	512	False	8.809500149153884	0	0	d451c78a65a9604214cdc0c8bf84fb078e01863f5ddf7c950e406a060dba5844
qwen3_lezgi_grammar_original_modelgloss_baseline_s20260910_t512	qwen3	Lezgi	valid84	chrF++	84	20260910	512	False	34.7787215992417	0	0	d451c78a65a9604214cdc0c8bf84fb078e01863f5ddf7c950e406a060dba5844
qwen3_lezgi_grammar_original_modelgloss_baseline_s20260910_t512	qwen3	Lezgi	sensitivity83	BLEU	83	20260910	512	False	8.463536036072586	0	0	d451c78a65a9604214cdc0c8bf84fb078e01863f5ddf7c950e406a060dba5844
qwen3_lezgi_grammar_original_modelgloss_baseline_s20260910_t512	qwen3	Lezgi	sensitivity83	chrF++	83	20260910	512	False	34.507069416673524	0	0	d451c78a65a9604214cdc0c8bf84fb078e01863f5ddf7c950e406a060dba5844
qwen3_lezgi_grammar_original_modelgloss_baseline_s20260910_t512_oracle	qwen3	Lezgi	valid84	BLEU	84	20260910	512	True	7.8021425286495445	0	0	7f594c0b7d9ff3c202c3d3b9b628bbdc2a01ac71aefa7085d451f4b6fa0407a2
qwen3_lezgi_grammar_original_modelgloss_baseline_s20260910_t512_oracle	qwen3	Lezgi	valid84	chrF++	84	20260910	512	True	34.00184143769039	0	0	7f594c0b7d9ff3c202c3d3b9b628bbdc2a01ac71aefa7085d451f4b6fa0407a2
qwen3_lezgi_grammar_original_modelgloss_baseline_s20260910_t512_oracle	qwen3	Lezgi	sensitivity83	BLEU	83	20260910	512	True	7.2729007655226265	0	0	7f594c0b7d9ff3c202c3d3b9b628bbdc2a01ac71aefa7085d451f4b6fa0407a2
qwen3_lezgi_grammar_original_modelgloss_baseline_s20260910_t512_oracle	qwen3	Lezgi	sensitivity83	chrF++	83	20260910	512	True	33.634983503981395	0	0	7f594c0b7d9ff3c202c3d3b9b628bbdc2a01ac71aefa7085d451f4b6fa0407a2
qwen3_lezgi_grammar_original_chain_gloss_baseline_s20260910_t512	qwen3	Lezgi	valid84	BLEU	84	20260910	512	False	4.2634809273315035	1	1	d2b2fd6d858e79babd5d73a12aac4452dd13fb557fa0cf6f9d24136e5a336861
qwen3_lezgi_grammar_original_chain_gloss_baseline_s20260910_t512	qwen3	Lezgi	valid84	chrF++	84	20260910	512	False	19.263656345955404	1	1	d2b2fd6d858e79babd5d73a12aac4452dd13fb557fa0cf6f9d24136e5a336861
qwen3_lezgi_grammar_original_chain_gloss_baseline_s20260910_t512	qwen3	Lezgi	sensitivity83	BLEU	83	20260910	512	False	3.6289452909978097	1	1	d2b2fd6d858e79babd5d73a12aac4452dd13fb557fa0cf6f9d24136e5a336861
qwen3_lezgi_grammar_original_chain_gloss_baseline_s20260910_t512	qwen3	Lezgi	sensitivity83	chrF++	83	20260910	512	False	18.77547905138926	1	1	d2b2fd6d858e79babd5d73a12aac4452dd13fb557fa0cf6f9d24136e5a336861
qwen3_lezgi_grammar_original_chain_gloss_baseline_s20260910_t1024	qwen3	Lezgi	valid84	BLEU	84	20260910	1024	False	4.2634809273315035	1	1	24fe0b0c11c87db1eaf033f73cd3c747741bc9b0c5db4c59abe31b2d026f492a
qwen3_lezgi_grammar_original_chain_gloss_baseline_s20260910_t1024	qwen3	Lezgi	valid84	chrF++	84	20260910	1024	False	19.263656345955404	1	1	24fe0b0c11c87db1eaf033f73cd3c747741bc9b0c5db4c59abe31b2d026f492a
qwen3_lezgi_grammar_original_chain_gloss_baseline_s20260910_t1024	qwen3	Lezgi	sensitivity83	BLEU	83	20260910	1024	False	3.6289452909978097	1	1	24fe0b0c11c87db1eaf033f73cd3c747741bc9b0c5db4c59abe31b2d026f492a
qwen3_lezgi_grammar_original_chain_gloss_baseline_s20260910_t1024	qwen3	Lezgi	sensitivity83	chrF++	83	20260910	1024	False	18.77547905138926	1	1	24fe0b0c11c87db1eaf033f73cd3c747741bc9b0c5db4c59abe31b2d026f492a
qwen3_natugu_grammar_original_modelgloss_baseline_s20260910_t512	qwen3	Natugu	native	BLEU	99	20260910	512	False	14.088380580051682	0	0	d18279dde9e43fdb80c0933985832d4c93c95072dfef461e0341f0ec0269a8ec
qwen3_natugu_grammar_original_modelgloss_baseline_s20260910_t512	qwen3	Natugu	native	chrF++	99	20260910	512	False	39.14468793800005	0	0	d18279dde9e43fdb80c0933985832d4c93c95072dfef461e0341f0ec0269a8ec
qwen3_natugu_grammar_original_modelgloss_baseline_s20260910_t512_oracle	qwen3	Natugu	native	BLEU	99	20260910	512	True	11.979412910082639	0	0	2ebef0c0039365338182c9cb83a8968166278a0959106eb06f1db75ea06ab36b
qwen3_natugu_grammar_original_modelgloss_baseline_s20260910_t512_oracle	qwen3	Natugu	native	chrF++	99	20260910	512	True	36.21345876331702	0	0	2ebef0c0039365338182c9cb83a8968166278a0959106eb06f1db75ea06ab36b
qwen3_natugu_grammar_original_chain_gloss_baseline_s20260910_t512	qwen3	Natugu	native	BLEU	99	20260910	512	False	3.1946789397647914	3	3	6cacc2d789c654692ed803d5d244d15c1493b8fd988bc32dd5969edea992e871
qwen3_natugu_grammar_original_chain_gloss_baseline_s20260910_t512	qwen3	Natugu	native	chrF++	99	20260910	512	False	18.69523255370943	3	3	6cacc2d789c654692ed803d5d244d15c1493b8fd988bc32dd5969edea992e871
qwen3_natugu_grammar_original_chain_gloss_baseline_s20260910_t1024	qwen3	Natugu	native	BLEU	99	20260910	1024	False	3.1946789397647914	3	3	62c5f71eb77895b1b7d2c2ddca515a2d73dfe99f400548bf93d91391e6877924
qwen3_natugu_grammar_original_chain_gloss_baseline_s20260910_t1024	qwen3	Natugu	native	chrF++	99	20260910	1024	False	18.69523255370943	3	3	62c5f71eb77895b1b7d2c2ddca515a2d73dfe99f400548bf93d91391e6877924
qwen3_tsez_grammar_original_modelgloss_baseline_s20260910_t512	qwen3	Tsez	native	BLEU	445	20260910	512	False	12.075441242537064	0	0	d08cc93938d16b83426895bf09cce4abea5a1b810422aa0601cf69442a976b77
qwen3_tsez_grammar_original_modelgloss_baseline_s20260910_t512	qwen3	Tsez	native	chrF++	445	20260910	512	False	38.94532452307673	0	0	d08cc93938d16b83426895bf09cce4abea5a1b810422aa0601cf69442a976b77
qwen3_tsez_grammar_original_modelgloss_baseline_s20260910_t512	qwen3	Tsez	common99	BLEU	99	20260910	512	False	11.835913255994832	0	0	d08cc93938d16b83426895bf09cce4abea5a1b810422aa0601cf69442a976b77
qwen3_tsez_grammar_original_modelgloss_baseline_s20260910_t512	qwen3	Tsez	common99	chrF++	99	20260910	512	False	38.175098759039216	0	0	d08cc93938d16b83426895bf09cce4abea5a1b810422aa0601cf69442a976b77
qwen3_tsez_grammar_original_modelgloss_baseline_s20260910_t512_oracle	qwen3	Tsez	native	BLEU	445	20260910	512	True	12.287535802756922	0	0	fecc30849ab5afd1ea7e57c16605f57e0f92c402ee6b3eec79f83d1686411eb1
qwen3_tsez_grammar_original_modelgloss_baseline_s20260910_t512_oracle	qwen3	Tsez	native	chrF++	445	20260910	512	True	39.34167593863027	0	0	fecc30849ab5afd1ea7e57c16605f57e0f92c402ee6b3eec79f83d1686411eb1
qwen3_tsez_grammar_original_modelgloss_baseline_s20260910_t512_oracle	qwen3	Tsez	common99	BLEU	99	20260910	512	True	13.03636231638678	0	0	fecc30849ab5afd1ea7e57c16605f57e0f92c402ee6b3eec79f83d1686411eb1
qwen3_tsez_grammar_original_modelgloss_baseline_s20260910_t512_oracle	qwen3	Tsez	common99	chrF++	99	20260910	512	True	39.09702468729669	0	0	fecc30849ab5afd1ea7e57c16605f57e0f92c402ee6b3eec79f83d1686411eb1
qwen3_tsez_grammar_original_chain_gloss_baseline_s20260910_t512	qwen3	Tsez	native	BLEU	445	20260910	512	False	1.219289719358583	35	35	d2d314767ff2b2de839ddb41b811682700b9f12c2d0b6f76a544bf354b467d6c
qwen3_tsez_grammar_original_chain_gloss_baseline_s20260910_t512	qwen3	Tsez	native	chrF++	445	20260910	512	False	15.524380837201745	35	35	d2d314767ff2b2de839ddb41b811682700b9f12c2d0b6f76a544bf354b467d6c
qwen3_tsez_grammar_original_chain_gloss_baseline_s20260910_t512	qwen3	Tsez	common99	BLEU	99	20260910	512	False	1.2563538727200825	6	6	d2d314767ff2b2de839ddb41b811682700b9f12c2d0b6f76a544bf354b467d6c
qwen3_tsez_grammar_original_chain_gloss_baseline_s20260910_t512	qwen3	Tsez	common99	chrF++	99	20260910	512	False	15.642035394898857	6	6	d2d314767ff2b2de839ddb41b811682700b9f12c2d0b6f76a544bf354b467d6c
qwen3_tsez_grammar_original_chain_gloss_baseline_s20260910_t1024	qwen3	Tsez	native	BLEU	445	20260910	1024	False	1.2208892502933923	34	34	1a309678e31c82290316c0d1fe45d868663e9896fda02bc4c0c96a595c88d4f2
qwen3_tsez_grammar_original_chain_gloss_baseline_s20260910_t1024	qwen3	Tsez	native	chrF++	445	20260910	1024	False	15.552616343683653	34	34	1a309678e31c82290316c0d1fe45d868663e9896fda02bc4c0c96a595c88d4f2
qwen3_tsez_grammar_original_chain_gloss_baseline_s20260910_t1024	qwen3	Tsez	common99	BLEU	99	20260910	1024	False	1.2563538727200825	6	6	1a309678e31c82290316c0d1fe45d868663e9896fda02bc4c0c96a595c88d4f2
qwen3_tsez_grammar_original_chain_gloss_baseline_s20260910_t1024	qwen3	Tsez	common99	chrF++	99	20260910	1024	False	15.642035394898857	6	6	1a309678e31c82290316c0d1fe45d868663e9896fda02bc4c0c96a595c88d4f2
qwen3_gitksan_grammar_original_shot_baseline_s20260910_t512	qwen3	Gitksan	native	BLEU	37	20260910	512	False	4.856615191094912	0	0	e125e858a787e6dd524a707ce52dae376f39cb90d35993ff8fe449d605741d99
qwen3_gitksan_grammar_original_shot_baseline_s20260910_t512	qwen3	Gitksan	native	chrF++	37	20260910	512	False	22.932749817715877	0	0	e125e858a787e6dd524a707ce52dae376f39cb90d35993ff8fe449d605741d99
qwen3_gitksan_pdf1_brown_original_shot_cheatsheet_txt_s20260910_t512	qwen3	Gitksan	native	BLEU	37	20260910	512	False	5.143720362358696	0	0	c1df1888e1a568ef50ad7267f4be07c28be5d1a10bc046b6130e5643482964a3
qwen3_gitksan_pdf1_brown_original_shot_cheatsheet_txt_s20260910_t512	qwen3	Gitksan	native	chrF++	37	20260910	512	False	25.231830751777423	0	0	c1df1888e1a568ef50ad7267f4be07c28be5d1a10bc046b6130e5643482964a3
qwen3_gitksan_grammar_original_shot_baseline_s20260925_t512	qwen3	Gitksan	native	BLEU	37	20260925	512	False	6.087419601266669	0	0	e3a20e35f2a5493f0ac36ddc8505930052a4ef88f3dd96fbfa7c9b159117f15a
qwen3_gitksan_grammar_original_shot_baseline_s20260925_t512	qwen3	Gitksan	native	chrF++	37	20260925	512	False	25.902690480522004	0	0	e3a20e35f2a5493f0ac36ddc8505930052a4ef88f3dd96fbfa7c9b159117f15a
qwen3_gitksan_pdf1_brown_original_shot_cheatsheet_txt_s20260925_t512	qwen3	Gitksan	native	BLEU	37	20260925	512	False	4.575806589495812	0	0	73df670af50420128b428a42500c66d671419b6c276306b30b831cdee01ecdca
qwen3_gitksan_pdf1_brown_original_shot_cheatsheet_txt_s20260925_t512	qwen3	Gitksan	native	chrF++	37	20260925	512	False	26.120878646810162	0	0	73df670af50420128b428a42500c66d671419b6c276306b30b831cdee01ecdca
qwen3_gitksan_grammar_original_shot_baseline_s20261001_t512	qwen3	Gitksan	native	BLEU	37	20261001	512	False	4.407128148966017	0	0	c0ac79e689d36a5afe9386a2b0f0894282f747a29d58bd124ac0f37ea1fc498a
qwen3_gitksan_grammar_original_shot_baseline_s20261001_t512	qwen3	Gitksan	native	chrF++	37	20261001	512	False	23.834791992497433	0	0	c0ac79e689d36a5afe9386a2b0f0894282f747a29d58bd124ac0f37ea1fc498a
qwen3_gitksan_pdf1_brown_original_shot_cheatsheet_txt_s20261001_t512	qwen3	Gitksan	native	BLEU	37	20261001	512	False	4.474561221336763	0	0	5dd9801ba2b8329f2506bb816995abd81c323811662fa0db402bd91c68decb61
qwen3_gitksan_pdf1_brown_original_shot_cheatsheet_txt_s20261001_t512	qwen3	Gitksan	native	chrF++	37	20261001	512	False	24.283898471776013	0	0	5dd9801ba2b8329f2506bb816995abd81c323811662fa0db402bd91c68decb61
qwen3_lezgi_grammar_original_chain_gloss_cheatsheet_txt_s20260910_t512	qwen3	Lezgi	valid84	BLEU	84	20260910	512	False	3.8527102513783973	0	0	dd0de2b3fcb445bdc8ef3c73e4cd0b423721ed85313a7564c0356ae47c1d1873
qwen3_lezgi_grammar_original_chain_gloss_cheatsheet_txt_s20260910_t512	qwen3	Lezgi	valid84	chrF++	84	20260910	512	False	20.250525144731142	0	0	dd0de2b3fcb445bdc8ef3c73e4cd0b423721ed85313a7564c0356ae47c1d1873
qwen3_lezgi_grammar_original_chain_gloss_cheatsheet_txt_s20260910_t512	qwen3	Lezgi	sensitivity83	BLEU	83	20260910	512	False	3.085524341187607	0	0	dd0de2b3fcb445bdc8ef3c73e4cd0b423721ed85313a7564c0356ae47c1d1873
qwen3_lezgi_grammar_original_chain_gloss_cheatsheet_txt_s20260910_t512	qwen3	Lezgi	sensitivity83	chrF++	83	20260910	512	False	19.75800167351283	0	0	dd0de2b3fcb445bdc8ef3c73e4cd0b423721ed85313a7564c0356ae47c1d1873
qwen3_lezgi_grammar_original_chain_gloss_baseline_s20260925_t512	qwen3	Lezgi	valid84	BLEU	84	20260925	512	False	4.692332049961681	2	2	a03cb525669cbbe5fab3297479d6a9f448bd30b4284d7ba38e09d1ef2f9c9cbe
qwen3_lezgi_grammar_original_chain_gloss_baseline_s20260925_t512	qwen3	Lezgi	valid84	chrF++	84	20260925	512	False	18.203137155691987	2	2	a03cb525669cbbe5fab3297479d6a9f448bd30b4284d7ba38e09d1ef2f9c9cbe
qwen3_lezgi_grammar_original_chain_gloss_baseline_s20260925_t512	qwen3	Lezgi	sensitivity83	BLEU	83	20260925	512	False	4.1007163203880115	2	2	a03cb525669cbbe5fab3297479d6a9f448bd30b4284d7ba38e09d1ef2f9c9cbe
qwen3_lezgi_grammar_original_chain_gloss_baseline_s20260925_t512	qwen3	Lezgi	sensitivity83	chrF++	83	20260925	512	False	17.70440378700613	2	2	a03cb525669cbbe5fab3297479d6a9f448bd30b4284d7ba38e09d1ef2f9c9cbe
qwen3_lezgi_grammar_original_chain_gloss_cheatsheet_txt_s20260925_t512	qwen3	Lezgi	valid84	BLEU	84	20260925	512	False	4.083010031451266	1	1	6b2c78cd1038aece7e9acb62fd8d53487ef2d4852d4c390c0f5692ad53377de4
qwen3_lezgi_grammar_original_chain_gloss_cheatsheet_txt_s20260925_t512	qwen3	Lezgi	valid84	chrF++	84	20260925	512	False	19.075628764742817	1	1	6b2c78cd1038aece7e9acb62fd8d53487ef2d4852d4c390c0f5692ad53377de4
qwen3_lezgi_grammar_original_chain_gloss_cheatsheet_txt_s20260925_t512	qwen3	Lezgi	sensitivity83	BLEU	83	20260925	512	False	3.4022560397189436	1	1	6b2c78cd1038aece7e9acb62fd8d53487ef2d4852d4c390c0f5692ad53377de4
qwen3_lezgi_grammar_original_chain_gloss_cheatsheet_txt_s20260925_t512	qwen3	Lezgi	sensitivity83	chrF++	83	20260925	512	False	18.573733544021596	1	1	6b2c78cd1038aece7e9acb62fd8d53487ef2d4852d4c390c0f5692ad53377de4
qwen3_lezgi_grammar_original_chain_gloss_baseline_s20261001_t512	qwen3	Lezgi	valid84	BLEU	84	20261001	512	False	5.081000555484009	0	0	53df335bfe2e8104f1447815804185ed03aeabb2f55cc5da08cda32d1aff2a71
qwen3_lezgi_grammar_original_chain_gloss_baseline_s20261001_t512	qwen3	Lezgi	valid84	chrF++	84	20261001	512	False	19.62823311089523	0	0	53df335bfe2e8104f1447815804185ed03aeabb2f55cc5da08cda32d1aff2a71
qwen3_lezgi_grammar_original_chain_gloss_baseline_s20261001_t512	qwen3	Lezgi	sensitivity83	BLEU	83	20261001	512	False	4.528897154537791	0	0	53df335bfe2e8104f1447815804185ed03aeabb2f55cc5da08cda32d1aff2a71
qwen3_lezgi_grammar_original_chain_gloss_baseline_s20261001_t512	qwen3	Lezgi	sensitivity83	chrF++	83	20261001	512	False	19.143982501799734	0	0	53df335bfe2e8104f1447815804185ed03aeabb2f55cc5da08cda32d1aff2a71
qwen3_lezgi_grammar_original_chain_gloss_cheatsheet_txt_s20261001_t512	qwen3	Lezgi	valid84	BLEU	84	20261001	512	False	4.403057136690774	0	0	29a16b26b0af91dbe6c0b80d789fbca003994fa2b4b1286ed96fe3b71478a7eb
qwen3_lezgi_grammar_original_chain_gloss_cheatsheet_txt_s20261001_t512	qwen3	Lezgi	valid84	chrF++	84	20261001	512	False	20.02023771794098	0	0	29a16b26b0af91dbe6c0b80d789fbca003994fa2b4b1286ed96fe3b71478a7eb
qwen3_lezgi_grammar_original_chain_gloss_cheatsheet_txt_s20261001_t512	qwen3	Lezgi	sensitivity83	BLEU	83	20261001	512	False	3.744275905924293	0	0	29a16b26b0af91dbe6c0b80d789fbca003994fa2b4b1286ed96fe3b71478a7eb
qwen3_lezgi_grammar_original_chain_gloss_cheatsheet_txt_s20261001_t512	qwen3	Lezgi	sensitivity83	chrF++	83	20261001	512	False	19.52349939765102	0	0	29a16b26b0af91dbe6c0b80d789fbca003994fa2b4b1286ed96fe3b71478a7eb
qwen3_natugu_grammar_original_modelgloss_cheatsheet_jpg_s20260910_t512	qwen3	Natugu	native	BLEU	99	20260910	512	False	13.430221464302452	0	0	21ac33df7f7485eef4b7884bd57a269668ba0adefc797db6243026afef1b6742
qwen3_natugu_grammar_original_modelgloss_cheatsheet_jpg_s20260910_t512	qwen3	Natugu	native	chrF++	99	20260910	512	False	38.31561365149984	0	0	21ac33df7f7485eef4b7884bd57a269668ba0adefc797db6243026afef1b6742
qwen3_natugu_grammar_original_modelgloss_baseline_s20260925_t512	qwen3	Natugu	native	BLEU	99	20260925	512	False	14.137779076721737	0	0	a3e4ee5812857dda9090b55476078241e6790965fabad8a54d15358fb8f24d3c
qwen3_natugu_grammar_original_modelgloss_baseline_s20260925_t512	qwen3	Natugu	native	chrF++	99	20260925	512	False	38.734333080393085	0	0	a3e4ee5812857dda9090b55476078241e6790965fabad8a54d15358fb8f24d3c
qwen3_natugu_grammar_original_modelgloss_cheatsheet_jpg_s20260925_t512	qwen3	Natugu	native	BLEU	99	20260925	512	False	13.491207534206678	0	0	4d81106499aca41205fd4445f4d5eb885c26f6f5d784c8ef9de238b531e7bc31
qwen3_natugu_grammar_original_modelgloss_cheatsheet_jpg_s20260925_t512	qwen3	Natugu	native	chrF++	99	20260925	512	False	37.80555256755635	0	0	4d81106499aca41205fd4445f4d5eb885c26f6f5d784c8ef9de238b531e7bc31
qwen3_natugu_grammar_original_modelgloss_baseline_s20261001_t512	qwen3	Natugu	native	BLEU	99	20261001	512	False	13.850655863044327	0	0	b0d9edbd1a293693512e4598a00149737313b04ac3ae01a330e3054075423087
qwen3_natugu_grammar_original_modelgloss_baseline_s20261001_t512	qwen3	Natugu	native	chrF++	99	20261001	512	False	38.69477071072676	0	0	b0d9edbd1a293693512e4598a00149737313b04ac3ae01a330e3054075423087
qwen3_natugu_grammar_original_modelgloss_cheatsheet_jpg_s20261001_t512	qwen3	Natugu	native	BLEU	99	20261001	512	False	14.448173582478672	0	0	99a70686e50161e837cde789812208f2dd9d5d75bebe8224aec3fa67bd8b9cc6
qwen3_natugu_grammar_original_modelgloss_cheatsheet_jpg_s20261001_t512	qwen3	Natugu	native	chrF++	99	20261001	512	False	38.430483606832176	0	0	99a70686e50161e837cde789812208f2dd9d5d75bebe8224aec3fa67bd8b9cc6
qwen3_tsez_grammar_original_chain_gloss_summary_text_txt_s20260910_t512	qwen3	Tsez	native	BLEU	445	20260910	512	False	1.5734575499768753	22	22	544aa17cff3b3d4c3c80d8891f9af7a376aada87040917bbfb987c73c3e237a5
qwen3_tsez_grammar_original_chain_gloss_summary_text_txt_s20260910_t512	qwen3	Tsez	native	chrF++	445	20260910	512	False	16.109189067804326	22	22	544aa17cff3b3d4c3c80d8891f9af7a376aada87040917bbfb987c73c3e237a5
qwen3_tsez_grammar_original_chain_gloss_summary_text_txt_s20260910_t512	qwen3	Tsez	common99	BLEU	99	20260910	512	False	1.3509915042561589	4	4	544aa17cff3b3d4c3c80d8891f9af7a376aada87040917bbfb987c73c3e237a5
qwen3_tsez_grammar_original_chain_gloss_summary_text_txt_s20260910_t512	qwen3	Tsez	common99	chrF++	99	20260910	512	False	16.219761961484647	4	4	544aa17cff3b3d4c3c80d8891f9af7a376aada87040917bbfb987c73c3e237a5
qwen3_tsez_grammar_original_chain_gloss_baseline_s20260925_t512	qwen3	Tsez	native	BLEU	445	20260925	512	False	1.1268696837155716	25	25	bc47fa84fd6ed0b036125661636e6f343a1e1620ace4e72ca897f5bb202ceedb
qwen3_tsez_grammar_original_chain_gloss_baseline_s20260925_t512	qwen3	Tsez	native	chrF++	445	20260925	512	False	15.527215122380031	25	25	bc47fa84fd6ed0b036125661636e6f343a1e1620ace4e72ca897f5bb202ceedb
qwen3_tsez_grammar_original_chain_gloss_baseline_s20260925_t512	qwen3	Tsez	common99	BLEU	99	20260925	512	False	0.9659066380506088	8	8	bc47fa84fd6ed0b036125661636e6f343a1e1620ace4e72ca897f5bb202ceedb
qwen3_tsez_grammar_original_chain_gloss_baseline_s20260925_t512	qwen3	Tsez	common99	chrF++	99	20260925	512	False	14.519229889424984	8	8	bc47fa84fd6ed0b036125661636e6f343a1e1620ace4e72ca897f5bb202ceedb
qwen3_tsez_grammar_original_chain_gloss_summary_text_txt_s20260925_t512	qwen3	Tsez	native	BLEU	445	20260925	512	False	1.4742399681142655	23	23	a15b2646dd60b96847a80b29d468b4267d4eafdaeedadfa8c1afcbd983630883
qwen3_tsez_grammar_original_chain_gloss_summary_text_txt_s20260925_t512	qwen3	Tsez	native	chrF++	445	20260925	512	False	16.03281544575857	23	23	a15b2646dd60b96847a80b29d468b4267d4eafdaeedadfa8c1afcbd983630883
qwen3_tsez_grammar_original_chain_gloss_summary_text_txt_s20260925_t512	qwen3	Tsez	common99	BLEU	99	20260925	512	False	1.3777862263022504	4	4	a15b2646dd60b96847a80b29d468b4267d4eafdaeedadfa8c1afcbd983630883
qwen3_tsez_grammar_original_chain_gloss_summary_text_txt_s20260925_t512	qwen3	Tsez	common99	chrF++	99	20260925	512	False	16.29183556875607	4	4	a15b2646dd60b96847a80b29d468b4267d4eafdaeedadfa8c1afcbd983630883
qwen3_tsez_grammar_original_chain_gloss_baseline_s20261001_t512	qwen3	Tsez	native	BLEU	445	20261001	512	False	1.2922895233302303	22	22	1bcea7c02df24f3af5b8db6c86aebe40eae1f99af4111c4f104f54716f63eba7
qwen3_tsez_grammar_original_chain_gloss_baseline_s20261001_t512	qwen3	Tsez	native	chrF++	445	20261001	512	False	16.003447528486955	22	22	1bcea7c02df24f3af5b8db6c86aebe40eae1f99af4111c4f104f54716f63eba7
qwen3_tsez_grammar_original_chain_gloss_baseline_s20261001_t512	qwen3	Tsez	common99	BLEU	99	20261001	512	False	1.0872562435648738	3	3	1bcea7c02df24f3af5b8db6c86aebe40eae1f99af4111c4f104f54716f63eba7
qwen3_tsez_grammar_original_chain_gloss_baseline_s20261001_t512	qwen3	Tsez	common99	chrF++	99	20261001	512	False	16.05718063987759	3	3	1bcea7c02df24f3af5b8db6c86aebe40eae1f99af4111c4f104f54716f63eba7
qwen3_tsez_grammar_original_chain_gloss_summary_text_txt_s20261001_t512	qwen3	Tsez	native	BLEU	445	20261001	512	False	1.796600280051179	18	18	8985a28882876d81adde8be4c943cc8256508fecb47c7679e3f8de4a4aa78920
qwen3_tsez_grammar_original_chain_gloss_summary_text_txt_s20261001_t512	qwen3	Tsez	native	chrF++	445	20261001	512	False	16.581965854470237	18	18	8985a28882876d81adde8be4c943cc8256508fecb47c7679e3f8de4a4aa78920
qwen3_tsez_grammar_original_chain_gloss_summary_text_txt_s20261001_t512	qwen3	Tsez	common99	BLEU	99	20261001	512	False	1.5078586190615253	2	2	8985a28882876d81adde8be4c943cc8256508fecb47c7679e3f8de4a4aa78920
qwen3_tsez_grammar_original_chain_gloss_summary_text_txt_s20261001_t512	qwen3	Tsez	common99	chrF++	99	20261001	512	False	16.809861227070595	2	2	8985a28882876d81adde8be4c943cc8256508fecb47c7679e3f8de4a4aa78920
