system	records	empty_raw	empty_extracted	extraction_changes	ambiguous_extraction	known_truncated	unknown_truncation	baseline_prediction_changes
mtob_qwen3_gitksan_pdf1_ge	37	0	0	5	5	0	37	0
mtob_qwen3_gitksan_pdf1_gs	37	0	0	7	2	0	37	0
mtob_qwen3_gitksan_pdf1_gl	37	0	0	1	2	0	37	0
mtob_qwen3_gitksan_pdf2_ge	37	0	0	8	4	0	37	0
mtob_qwen3_gitksan_pdf2_gs	37	0	0	10	2	0	37	0
mtob_qwen3_gitksan_pdf2_gl	37	0	0	0	1	0	37	0
mtob_qwen3_natugu_ge	99	0	0	28	3	0	99	0
mtob_qwen3_natugu_gs	99	0	0	36	2	0	99	0
mtob_qwen3_natugu_gl	99	0	0	8	1	0	99	0
mtob_qwen3_lezgi_ge	87	0	0	19	0	0	87	0
mtob_qwen3_lezgi_gs	87	0	0	15	0	0	87	0
mtob_qwen3_lezgi_gl	87	0	0	1	0	0	87	0
mtob_qwen3_tsez_ge	445	0	0	61	20	0	445	0
mtob_qwen3_tsez_gs	445	0	0	259	6	0	445	0
mtob_qwen3_tsez_gl	445	0	0	0	2	0	445	0
mtob_qwen35_gitksan_pdf1_ge	37	0	0	2	5	0	37	0
mtob_qwen35_gitksan_pdf1_gs	37	0	0	6	9	0	37	0
mtob_qwen35_gitksan_pdf1_gl	37	0	0	13	9	0	37	0
mtob_qwen35_gitksan_pdf2_ge	37	0	0	7	13	0	37	0
mtob_qwen35_gitksan_pdf2_gs	37	0	0	7	13	0	37	0
mtob_qwen35_gitksan_pdf2_gl	37	0	0	9	12	0	37	0
mtob_qwen35_natugu_ge	99	2	2	11	11	0	99	0
mtob_qwen35_natugu_gs	99	1	1	4	6	0	99	0
mtob_qwen35_natugu_gl	99	0	0	57	19	0	99	0
mtob_qwen35_lezgi_ge	87	0	0	2	1	0	87	0
mtob_qwen35_lezgi_gs	87	0	0	2	1	0	87	0
mtob_qwen35_lezgi_gl	87	0	0	31	1	0	87	0
mtob_qwen35_tsez_ge	445	0	0	8	16	0	445	0
mtob_qwen35_tsez_gs	445	0	0	28	18	0	445	0
mtob_qwen35_tsez_gl	445	0	0	156	28	0	445	0
matched_qwen3_gitksan_shot	37	0	0	0	0	0	0	0
matched_qwen3_gitksan_chain_gloss	37	0	0	0	0	0	0	0
matched_qwen3_gitksan_modelgloss	37	0	0	0	0	0	0	0
matched_qwen3_natugu_shot	99	0	0	0	0	0	0	0
matched_qwen3_natugu_chain_gloss	99	1	1	0	0	1	0	0
matched_qwen3_natugu_modelgloss	99	0	0	0	0	0	0	0
matched_qwen3_lezgi_shot	87	0	0	0	0	0	0	0
matched_qwen3_lezgi_chain_gloss	87	0	0	0	0	0	0	0
matched_qwen3_lezgi_modelgloss	87	0	0	0	0	0	0	0
matched_qwen3_tsez_shot	445	0	0	0	0	0	0	0
matched_qwen3_tsez_chain_gloss	445	4	4	0	0	4	0	0
matched_qwen3_tsez_modelgloss	445	0	0	0	0	0	0	0
matched_qwen35_gitksan_shot	37	0	0	0	0	0	0	0
matched_qwen35_gitksan_chain_gloss	37	0	0	0	0	0	0	0
matched_qwen35_gitksan_modelgloss	37	0	0	0	0	0	0	0
matched_qwen35_natugu_shot	99	0	0	0	0	0	0	0
matched_qwen35_natugu_chain_gloss	99	0	0	0	0	0	0	0
matched_qwen35_natugu_modelgloss	99	0	0	0	0	0	0	0
matched_qwen35_lezgi_shot	87	0	0	0	0	0	0	0
matched_qwen35_lezgi_chain_gloss	87	0	0	0	0	0	0	0
matched_qwen35_lezgi_modelgloss	87	0	0	0	0	0	0	0
matched_qwen35_tsez_shot	445	0	0	0	0	0	0	0
matched_qwen35_tsez_chain_gloss	445	0	0	0	0	0	0	0
matched_qwen35_tsez_modelgloss	445	0	0	0	0	0	0	0
