model	source	language	condition	method	left	right
qwen3	gitksan_pdf1	gitksan	ge	shot	matched_qwen3_gitksan_shot	mtob_qwen3_gitksan_pdf1_ge
qwen3	gitksan_pdf1	gitksan	ge	chain_gloss	matched_qwen3_gitksan_chain_gloss	mtob_qwen3_gitksan_pdf1_ge
qwen3	gitksan_pdf1	gitksan	ge	modelgloss	matched_qwen3_gitksan_modelgloss	mtob_qwen3_gitksan_pdf1_ge
qwen3	gitksan_pdf1	gitksan	gs	shot	matched_qwen3_gitksan_shot	mtob_qwen3_gitksan_pdf1_gs
qwen3	gitksan_pdf1	gitksan	gs	chain_gloss	matched_qwen3_gitksan_chain_gloss	mtob_qwen3_gitksan_pdf1_gs
qwen3	gitksan_pdf1	gitksan	gs	modelgloss	matched_qwen3_gitksan_modelgloss	mtob_qwen3_gitksan_pdf1_gs
qwen3	gitksan_pdf1	gitksan	gl	shot	matched_qwen3_gitksan_shot	mtob_qwen3_gitksan_pdf1_gl
qwen3	gitksan_pdf1	gitksan	gl	chain_gloss	matched_qwen3_gitksan_chain_gloss	mtob_qwen3_gitksan_pdf1_gl
qwen3	gitksan_pdf1	gitksan	gl	modelgloss	matched_qwen3_gitksan_modelgloss	mtob_qwen3_gitksan_pdf1_gl
qwen3	gitksan_pdf2	gitksan	ge	shot	matched_qwen3_gitksan_shot	mtob_qwen3_gitksan_pdf2_ge
qwen3	gitksan_pdf2	gitksan	ge	chain_gloss	matched_qwen3_gitksan_chain_gloss	mtob_qwen3_gitksan_pdf2_ge
qwen3	gitksan_pdf2	gitksan	ge	modelgloss	matched_qwen3_gitksan_modelgloss	mtob_qwen3_gitksan_pdf2_ge
qwen3	gitksan_pdf2	gitksan	gs	shot	matched_qwen3_gitksan_shot	mtob_qwen3_gitksan_pdf2_gs
qwen3	gitksan_pdf2	gitksan	gs	chain_gloss	matched_qwen3_gitksan_chain_gloss	mtob_qwen3_gitksan_pdf2_gs
qwen3	gitksan_pdf2	gitksan	gs	modelgloss	matched_qwen3_gitksan_modelgloss	mtob_qwen3_gitksan_pdf2_gs
qwen3	gitksan_pdf2	gitksan	gl	shot	matched_qwen3_gitksan_shot	mtob_qwen3_gitksan_pdf2_gl
qwen3	gitksan_pdf2	gitksan	gl	chain_gloss	matched_qwen3_gitksan_chain_gloss	mtob_qwen3_gitksan_pdf2_gl
qwen3	gitksan_pdf2	gitksan	gl	modelgloss	matched_qwen3_gitksan_modelgloss	mtob_qwen3_gitksan_pdf2_gl
qwen3	natugu	natugu	ge	shot	matched_qwen3_natugu_shot	mtob_qwen3_natugu_ge
qwen3	natugu	natugu	ge	chain_gloss	matched_qwen3_natugu_chain_gloss	mtob_qwen3_natugu_ge
qwen3	natugu	natugu	ge	modelgloss	matched_qwen3_natugu_modelgloss	mtob_qwen3_natugu_ge
qwen3	natugu	natugu	gs	shot	matched_qwen3_natugu_shot	mtob_qwen3_natugu_gs
qwen3	natugu	natugu	gs	chain_gloss	matched_qwen3_natugu_chain_gloss	mtob_qwen3_natugu_gs
qwen3	natugu	natugu	gs	modelgloss	matched_qwen3_natugu_modelgloss	mtob_qwen3_natugu_gs
qwen3	natugu	natugu	gl	shot	matched_qwen3_natugu_shot	mtob_qwen3_natugu_gl
qwen3	natugu	natugu	gl	chain_gloss	matched_qwen3_natugu_chain_gloss	mtob_qwen3_natugu_gl
qwen3	natugu	natugu	gl	modelgloss	matched_qwen3_natugu_modelgloss	mtob_qwen3_natugu_gl
qwen3	lezgi	lezgi	ge	shot	matched_qwen3_lezgi_shot	mtob_qwen3_lezgi_ge
qwen3	lezgi	lezgi	ge	chain_gloss	matched_qwen3_lezgi_chain_gloss	mtob_qwen3_lezgi_ge
qwen3	lezgi	lezgi	ge	modelgloss	matched_qwen3_lezgi_modelgloss	mtob_qwen3_lezgi_ge
qwen3	lezgi	lezgi	gs	shot	matched_qwen3_lezgi_shot	mtob_qwen3_lezgi_gs
qwen3	lezgi	lezgi	gs	chain_gloss	matched_qwen3_lezgi_chain_gloss	mtob_qwen3_lezgi_gs
qwen3	lezgi	lezgi	gs	modelgloss	matched_qwen3_lezgi_modelgloss	mtob_qwen3_lezgi_gs
qwen3	lezgi	lezgi	gl	shot	matched_qwen3_lezgi_shot	mtob_qwen3_lezgi_gl
qwen3	lezgi	lezgi	gl	chain_gloss	matched_qwen3_lezgi_chain_gloss	mtob_qwen3_lezgi_gl
qwen3	lezgi	lezgi	gl	modelgloss	matched_qwen3_lezgi_modelgloss	mtob_qwen3_lezgi_gl
qwen3	tsez	tsez	ge	shot	matched_qwen3_tsez_shot	mtob_qwen3_tsez_ge
qwen3	tsez	tsez	ge	chain_gloss	matched_qwen3_tsez_chain_gloss	mtob_qwen3_tsez_ge
qwen3	tsez	tsez	ge	modelgloss	matched_qwen3_tsez_modelgloss	mtob_qwen3_tsez_ge
qwen3	tsez	tsez	gs	shot	matched_qwen3_tsez_shot	mtob_qwen3_tsez_gs
qwen3	tsez	tsez	gs	chain_gloss	matched_qwen3_tsez_chain_gloss	mtob_qwen3_tsez_gs
qwen3	tsez	tsez	gs	modelgloss	matched_qwen3_tsez_modelgloss	mtob_qwen3_tsez_gs
qwen3	tsez	tsez	gl	shot	matched_qwen3_tsez_shot	mtob_qwen3_tsez_gl
qwen3	tsez	tsez	gl	chain_gloss	matched_qwen3_tsez_chain_gloss	mtob_qwen3_tsez_gl
qwen3	tsez	tsez	gl	modelgloss	matched_qwen3_tsez_modelgloss	mtob_qwen3_tsez_gl
qwen35	gitksan_pdf1	gitksan	ge	shot	matched_qwen35_gitksan_shot	mtob_qwen35_gitksan_pdf1_ge
qwen35	gitksan_pdf1	gitksan	ge	chain_gloss	matched_qwen35_gitksan_chain_gloss	mtob_qwen35_gitksan_pdf1_ge
qwen35	gitksan_pdf1	gitksan	ge	modelgloss	matched_qwen35_gitksan_modelgloss	mtob_qwen35_gitksan_pdf1_ge
qwen35	gitksan_pdf1	gitksan	gs	shot	matched_qwen35_gitksan_shot	mtob_qwen35_gitksan_pdf1_gs
qwen35	gitksan_pdf1	gitksan	gs	chain_gloss	matched_qwen35_gitksan_chain_gloss	mtob_qwen35_gitksan_pdf1_gs
qwen35	gitksan_pdf1	gitksan	gs	modelgloss	matched_qwen35_gitksan_modelgloss	mtob_qwen35_gitksan_pdf1_gs
qwen35	gitksan_pdf1	gitksan	gl	shot	matched_qwen35_gitksan_shot	mtob_qwen35_gitksan_pdf1_gl
qwen35	gitksan_pdf1	gitksan	gl	chain_gloss	matched_qwen35_gitksan_chain_gloss	mtob_qwen35_gitksan_pdf1_gl
qwen35	gitksan_pdf1	gitksan	gl	modelgloss	matched_qwen35_gitksan_modelgloss	mtob_qwen35_gitksan_pdf1_gl
qwen35	gitksan_pdf2	gitksan	ge	shot	matched_qwen35_gitksan_shot	mtob_qwen35_gitksan_pdf2_ge
qwen35	gitksan_pdf2	gitksan	ge	chain_gloss	matched_qwen35_gitksan_chain_gloss	mtob_qwen35_gitksan_pdf2_ge
qwen35	gitksan_pdf2	gitksan	ge	modelgloss	matched_qwen35_gitksan_modelgloss	mtob_qwen35_gitksan_pdf2_ge
qwen35	gitksan_pdf2	gitksan	gs	shot	matched_qwen35_gitksan_shot	mtob_qwen35_gitksan_pdf2_gs
qwen35	gitksan_pdf2	gitksan	gs	chain_gloss	matched_qwen35_gitksan_chain_gloss	mtob_qwen35_gitksan_pdf2_gs
qwen35	gitksan_pdf2	gitksan	gs	modelgloss	matched_qwen35_gitksan_modelgloss	mtob_qwen35_gitksan_pdf2_gs
qwen35	gitksan_pdf2	gitksan	gl	shot	matched_qwen35_gitksan_shot	mtob_qwen35_gitksan_pdf2_gl
qwen35	gitksan_pdf2	gitksan	gl	chain_gloss	matched_qwen35_gitksan_chain_gloss	mtob_qwen35_gitksan_pdf2_gl
qwen35	gitksan_pdf2	gitksan	gl	modelgloss	matched_qwen35_gitksan_modelgloss	mtob_qwen35_gitksan_pdf2_gl
qwen35	natugu	natugu	ge	shot	matched_qwen35_natugu_shot	mtob_qwen35_natugu_ge
qwen35	natugu	natugu	ge	chain_gloss	matched_qwen35_natugu_chain_gloss	mtob_qwen35_natugu_ge
qwen35	natugu	natugu	ge	modelgloss	matched_qwen35_natugu_modelgloss	mtob_qwen35_natugu_ge
qwen35	natugu	natugu	gs	shot	matched_qwen35_natugu_shot	mtob_qwen35_natugu_gs
qwen35	natugu	natugu	gs	chain_gloss	matched_qwen35_natugu_chain_gloss	mtob_qwen35_natugu_gs
qwen35	natugu	natugu	gs	modelgloss	matched_qwen35_natugu_modelgloss	mtob_qwen35_natugu_gs
qwen35	natugu	natugu	gl	shot	matched_qwen35_natugu_shot	mtob_qwen35_natugu_gl
qwen35	natugu	natugu	gl	chain_gloss	matched_qwen35_natugu_chain_gloss	mtob_qwen35_natugu_gl
qwen35	natugu	natugu	gl	modelgloss	matched_qwen35_natugu_modelgloss	mtob_qwen35_natugu_gl
qwen35	lezgi	lezgi	ge	shot	matched_qwen35_lezgi_shot	mtob_qwen35_lezgi_ge
qwen35	lezgi	lezgi	ge	chain_gloss	matched_qwen35_lezgi_chain_gloss	mtob_qwen35_lezgi_ge
qwen35	lezgi	lezgi	ge	modelgloss	matched_qwen35_lezgi_modelgloss	mtob_qwen35_lezgi_ge
qwen35	lezgi	lezgi	gs	shot	matched_qwen35_lezgi_shot	mtob_qwen35_lezgi_gs
qwen35	lezgi	lezgi	gs	chain_gloss	matched_qwen35_lezgi_chain_gloss	mtob_qwen35_lezgi_gs
qwen35	lezgi	lezgi	gs	modelgloss	matched_qwen35_lezgi_modelgloss	mtob_qwen35_lezgi_gs
qwen35	lezgi	lezgi	gl	shot	matched_qwen35_lezgi_shot	mtob_qwen35_lezgi_gl
qwen35	lezgi	lezgi	gl	chain_gloss	matched_qwen35_lezgi_chain_gloss	mtob_qwen35_lezgi_gl
qwen35	lezgi	lezgi	gl	modelgloss	matched_qwen35_lezgi_modelgloss	mtob_qwen35_lezgi_gl
qwen35	tsez	tsez	ge	shot	matched_qwen35_tsez_shot	mtob_qwen35_tsez_ge
qwen35	tsez	tsez	ge	chain_gloss	matched_qwen35_tsez_chain_gloss	mtob_qwen35_tsez_ge
qwen35	tsez	tsez	ge	modelgloss	matched_qwen35_tsez_modelgloss	mtob_qwen35_tsez_ge
qwen35	tsez	tsez	gs	shot	matched_qwen35_tsez_shot	mtob_qwen35_tsez_gs
qwen35	tsez	tsez	gs	chain_gloss	matched_qwen35_tsez_chain_gloss	mtob_qwen35_tsez_gs
qwen35	tsez	tsez	gs	modelgloss	matched_qwen35_tsez_modelgloss	mtob_qwen35_tsez_gs
qwen35	tsez	tsez	gl	shot	matched_qwen35_tsez_shot	mtob_qwen35_tsez_gl
qwen35	tsez	tsez	gl	chain_gloss	matched_qwen35_tsez_chain_gloss	mtob_qwen35_tsez_gl
qwen35	tsez	tsez	gl	modelgloss	matched_qwen35_tsez_modelgloss	mtob_qwen35_tsez_gl
