model	baseline_method	view	metric	comparisons	mtob_higher	mtob_lower	equal	significantly_higher	significantly_lower
qwen3	shot	raw	BLEU	15	0	15	0	0	3
qwen3	shot	raw	chrF	15	0	15	0	0	10
qwen3	shot	extracted	BLEU	15	0	15	0	0	3
qwen3	shot	extracted	chrF	15	0	15	0	0	4
qwen3	chain_gloss	raw	BLEU	15	0	15	0	0	3
qwen3	chain_gloss	raw	chrF	15	0	15	0	0	14
qwen3	chain_gloss	extracted	BLEU	15	0	15	0	0	3
qwen3	chain_gloss	extracted	chrF	15	0	15	0	0	11
qwen3	modelgloss	raw	BLEU	15	0	15	0	0	12
qwen3	modelgloss	raw	chrF	15	0	15	0	0	15
qwen3	modelgloss	extracted	BLEU	15	0	15	0	0	12
qwen3	modelgloss	extracted	chrF	15	0	15	0	0	15
qwen35	shot	raw	BLEU	15	0	15	0	0	3
qwen35	shot	raw	chrF	15	0	15	0	0	11
qwen35	shot	extracted	BLEU	15	0	15	0	0	3
qwen35	shot	extracted	chrF	15	0	15	0	0	8
qwen35	chain_gloss	raw	BLEU	15	0	15	0	0	3
qwen35	chain_gloss	raw	chrF	15	0	15	0	0	12
qwen35	chain_gloss	extracted	BLEU	15	0	15	0	0	3
qwen35	chain_gloss	extracted	chrF	15	0	15	0	0	9
qwen35	modelgloss	raw	BLEU	15	0	15	0	0	15
qwen35	modelgloss	raw	chrF	15	0	15	0	0	15
qwen35	modelgloss	extracted	BLEU	15	0	15	0	0	15
qwen35	modelgloss	extracted	chrF	15	0	15	0	0	15
