model	language	source	variant	method	text_condition	metric	txt_score	jpg_score	delta_jpg_minus_txt	p	records	signature	p_holm
gemini25flashlite	Gitksan	pdf1_brown	original	chain_gloss	cheatsheet_txt	BLEU	4.6919582181572315	3.124410055975303	-1.5675481621819283	0.09105908940910591	37	nrefs:1|bs:100000|seed:20260915|case:mixed|eff:no|tok:13a|smooth:exp|version:2.6.0	1.0
gemini25flashlite	Gitksan	pdf1_brown	original	chain_gloss	cheatsheet_txt	chrF2++	24.782413456767777	24.5716119461647	-0.21080151060307628	0.36233637663623364	37	nrefs:1|bs:100000|seed:20260915|case:mixed|eff:yes|nc:6|nw:2|space:no|version:2.6.0	1.0
gemini25flashlite	Gitksan	pdf1_brown	original	chain_gloss	summary_tables_txt	BLEU	4.549888911722418	3.6929012124397875	-0.8569876992826302	0.1908580914190858	37	nrefs:1|bs:100000|seed:20260915|case:mixed|eff:no|tok:13a|smooth:exp|version:2.6.0	1.0
gemini25flashlite	Gitksan	pdf1_brown	original	chain_gloss	summary_tables_txt	chrF2++	23.585284839594877	21.917682439076756	-1.6676024005181205	0.15455845441545585	37	nrefs:1|bs:100000|seed:20260915|case:mixed|eff:yes|nc:6|nw:2|space:no|version:2.6.0	1.0
gemini25flashlite	Gitksan	pdf1_brown	original	modelgloss	cheatsheet_txt	BLEU	17.595893446811456	21.57215538479812	3.9762619379866635	0.1017389826101739	37	nrefs:1|bs:100000|seed:20260915|case:mixed|eff:no|tok:13a|smooth:exp|version:2.6.0	1.0
gemini25flashlite	Gitksan	pdf1_brown	original	modelgloss	cheatsheet_txt	chrF2++	48.756245332864914	50.62271276784851	1.8664674349835977	0.0946990530094699	37	nrefs:1|bs:100000|seed:20260915|case:mixed|eff:yes|nc:6|nw:2|space:no|version:2.6.0	1.0
gemini25flashlite	Gitksan	pdf1_brown	original	modelgloss	summary_tables_txt	BLEU	21.073817671164434	18.26495423446648	-2.808863436697955	0.09686903130968691	37	nrefs:1|bs:100000|seed:20260915|case:mixed|eff:no|tok:13a|smooth:exp|version:2.6.0	1.0
gemini25flashlite	Gitksan	pdf1_brown	original	modelgloss	summary_tables_txt	chrF2++	49.791981778116664	47.959670683235835	-1.8323110948808292	0.06374936250637493	37	nrefs:1|bs:100000|seed:20260915|case:mixed|eff:yes|nc:6|nw:2|space:no|version:2.6.0	1.0
gemini25flashlite	Gitksan	pdf1_brown	original	shot	cheatsheet_txt	BLEU	4.988340657855475	6.5578909525531195	1.5695502946976445	0.09107908920910791	37	nrefs:1|bs:100000|seed:20260915|case:mixed|eff:no|tok:13a|smooth:exp|version:2.6.0	1.0
gemini25flashlite	Gitksan	pdf1_brown	original	shot	cheatsheet_txt	chrF2++	26.68260095474258	24.64120468959419	-2.0413962651483892	0.046029539704602954	37	nrefs:1|bs:100000|seed:20260915|case:mixed|eff:yes|nc:6|nw:2|space:no|version:2.6.0	1.0
gemini25flashlite	Gitksan	pdf1_brown	original	shot	summary_tables_txt	BLEU	6.807179739950121	6.004222691180708	-0.8029570487694135	0.24559754402455974	37	nrefs:1|bs:100000|seed:20260915|case:mixed|eff:no|tok:13a|smooth:exp|version:2.6.0	1.0
gemini25flashlite	Gitksan	pdf1_brown	original	shot	summary_tables_txt	chrF2++	28.14879836666272	25.744157830188723	-2.4046405364739982	0.025509744902550976	37	nrefs:1|bs:100000|seed:20260915|case:mixed|eff:yes|nc:6|nw:2|space:no|version:2.6.0	1.0
gemini25flashlite	Gitksan	pdf2_rigsby	original	chain_gloss	cheatsheet_txt	BLEU	4.711838480999712	3.9104449444745826	-0.8013935365251297	0.14372856271437284	37	nrefs:1|bs:100000|seed:20260915|case:mixed|eff:no|tok:13a|smooth:exp|version:2.6.0	1.0
gemini25flashlite	Gitksan	pdf2_rigsby	original	chain_gloss	cheatsheet_txt	chrF2++	23.60485641836213	23.603515960290476	-0.001340458071652506	0.4239257607423926	37	nrefs:1|bs:100000|seed:20260915|case:mixed|eff:yes|nc:6|nw:2|space:no|version:2.6.0	1.0
gemini25flashlite	Gitksan	pdf2_rigsby	original	chain_gloss	summary_tables_txt	BLEU	5.565392445317585	2.584529019957933	-2.9808634253596518	0.02758972410275897	37	nrefs:1|bs:100000|seed:20260915|case:mixed|eff:no|tok:13a|smooth:exp|version:2.6.0	1.0
gemini25flashlite	Gitksan	pdf2_rigsby	original	chain_gloss	summary_tables_txt	chrF2++	26.13225105972114	20.895038971414827	-5.237212088306311	0.003069969300306997	37	nrefs:1|bs:100000|seed:20260915|case:mixed|eff:yes|nc:6|nw:2|space:no|version:2.6.0	0.6201337986620133
gemini25flashlite	Gitksan	pdf2_rigsby	original	modelgloss	cheatsheet_txt	BLEU	19.57516970182657	18.62506304556191	-0.9501066562646621	0.2715972840271597	37	nrefs:1|bs:100000|seed:20260915|case:mixed|eff:no|tok:13a|smooth:exp|version:2.6.0	1.0
gemini25flashlite	Gitksan	pdf2_rigsby	original	modelgloss	cheatsheet_txt	chrF2++	48.906866004662994	48.99240010408522	0.085534099422226	0.39638603613963863	37	nrefs:1|bs:100000|seed:20260915|case:mixed|eff:yes|nc:6|nw:2|space:no|version:2.6.0	1.0
gemini25flashlite	Gitksan	pdf2_rigsby	original	modelgloss	summary_tables_txt	BLEU	18.17738826582135	17.331493513463403	-0.8458947523579461	0.24186758132418676	37	nrefs:1|bs:100000|seed:20260915|case:mixed|eff:no|tok:13a|smooth:exp|version:2.6.0	1.0
gemini25flashlite	Gitksan	pdf2_rigsby	original	modelgloss	summary_tables_txt	chrF2++	48.74237244996763	47.11917974658256	-1.6231927033850724	0.1000189998100019	37	nrefs:1|bs:100000|seed:20260915|case:mixed|eff:yes|nc:6|nw:2|space:no|version:2.6.0	1.0
gemini25flashlite	Gitksan	pdf2_rigsby	original	shot	cheatsheet_txt	BLEU	5.8043397813809	4.742462737670499	-1.0618770437104015	0.14577854221457787	37	nrefs:1|bs:100000|seed:20260915|case:mixed|eff:no|tok:13a|smooth:exp|version:2.6.0	1.0
gemini25flashlite	Gitksan	pdf2_rigsby	original	shot	cheatsheet_txt	chrF2++	26.333806717300668	26.1472800768211	-0.1865266404795669	0.37077629223707764	37	nrefs:1|bs:100000|seed:20260915|case:mixed|eff:yes|nc:6|nw:2|space:no|version:2.6.0	1.0
gemini25flashlite	Gitksan	pdf2_rigsby	original	shot	summary_tables_txt	BLEU	6.439861492110241	5.9916410301665115	-0.44822046194372955	0.2989770102298977	37	nrefs:1|bs:100000|seed:20260915|case:mixed|eff:no|tok:13a|smooth:exp|version:2.6.0	1.0
gemini25flashlite	Gitksan	pdf2_rigsby	original	shot	summary_tables_txt	chrF2++	27.48890392569511	25.120202760418834	-2.368701165276274	0.06877931220687793	37	nrefs:1|bs:100000|seed:20260915|case:mixed|eff:yes|nc:6|nw:2|space:no|version:2.6.0	1.0
gemini25flashlite	Lezgi	grammar	cyrillic	chain_gloss	cheatsheet_txt	BLEU	10.415142459814723	12.294977445330865	1.8798349855161423	0.07821921780782193	87	nrefs:1|bs:100000|seed:20260915|case:mixed|eff:no|tok:13a|smooth:exp|version:2.6.0	1.0
gemini25flashlite	Lezgi	grammar	cyrillic	chain_gloss	cheatsheet_txt	chrF2++	31.975039399608146	34.44165286403042	2.46661346442227	0.021259787402125977	87	nrefs:1|bs:100000|seed:20260915|case:mixed|eff:yes|nc:6|nw:2|space:no|version:2.6.0	1.0
gemini25flashlite	Lezgi	grammar	cyrillic	chain_gloss	summary_tables_txt	BLEU	11.23139846859667	11.94815514002641	0.7167566714297404	0.22866771332286678	87	nrefs:1|bs:100000|seed:20260915|case:mixed|eff:no|tok:13a|smooth:exp|version:2.6.0	1.0
gemini25flashlite	Lezgi	grammar	cyrillic	chain_gloss	summary_tables_txt	chrF2++	31.677779480613317	33.528326121407126	1.8505466407938087	0.048209517904820955	87	nrefs:1|bs:100000|seed:20260915|case:mixed|eff:yes|nc:6|nw:2|space:no|version:2.6.0	1.0
gemini25flashlite	Lezgi	grammar	cyrillic	modelgloss	cheatsheet_txt	BLEU	17.843301416842912	17.861738452978436	0.0184370361355235	0.4137758622413776	87	nrefs:1|bs:100000|seed:20260915|case:mixed|eff:no|tok:13a|smooth:exp|version:2.6.0	1.0
gemini25flashlite	Lezgi	grammar	cyrillic	modelgloss	cheatsheet_txt	chrF2++	42.25991289585046	43.33741051717309	1.0774976213226282	0.10991890081099188	87	nrefs:1|bs:100000|seed:20260915|case:mixed|eff:yes|nc:6|nw:2|space:no|version:2.6.0	1.0
gemini25flashlite	Lezgi	grammar	cyrillic	modelgloss	summary_tables_txt	BLEU	18.062964760169212	18.221699727928055	0.15873496775884277	0.34854651453485463	87	nrefs:1|bs:100000|seed:20260915|case:mixed|eff:no|tok:13a|smooth:exp|version:2.6.0	1.0
gemini25flashlite	Lezgi	grammar	cyrillic	modelgloss	summary_tables_txt	chrF2++	42.252872349395375	43.25490489316589	1.0020325437705182	0.11950880491195089	87	nrefs:1|bs:100000|seed:20260915|case:mixed|eff:yes|nc:6|nw:2|space:no|version:2.6.0	1.0
gemini25flashlite	Lezgi	grammar	cyrillic	shot	cheatsheet_txt	BLEU	11.346536273437646	12.090168945046138	0.7436326716084913	0.13859861401385987	87	nrefs:1|bs:100000|seed:20260915|case:mixed|eff:no|tok:13a|smooth:exp|version:2.6.0	1.0
gemini25flashlite	Lezgi	grammar	cyrillic	shot	cheatsheet_txt	chrF2++	33.20726272603952	33.43636658522114	0.22910385918162035	0.27855721442785575	87	nrefs:1|bs:100000|seed:20260915|case:mixed|eff:yes|nc:6|nw:2|space:no|version:2.6.0	1.0
gemini25flashlite	Lezgi	grammar	cyrillic	shot	summary_tables_txt	BLEU	11.9472433436931	12.008683026778463	0.061439683085364294	0.39396606033939663	87	nrefs:1|bs:100000|seed:20260915|case:mixed|eff:no|tok:13a|smooth:exp|version:2.6.0	1.0
gemini25flashlite	Lezgi	grammar	cyrillic	shot	summary_tables_txt	chrF2++	32.52523013367052	33.036881377015916	0.5116512433453977	0.2010279897201028	87	nrefs:1|bs:100000|seed:20260915|case:mixed|eff:yes|nc:6|nw:2|space:no|version:2.6.0	1.0
gemini25flashlite	Lezgi	grammar	original	chain_gloss	cheatsheet_txt	BLEU	10.983547066598142	13.166239308973235	2.1826922423750936	0.06413935860641394	87	nrefs:1|bs:100000|seed:20260915|case:mixed|eff:no|tok:13a|smooth:exp|version:2.6.0	1.0
gemini25flashlite	Lezgi	grammar	original	chain_gloss	cheatsheet_txt	chrF2++	31.44209502708229	33.51409922940357	2.0720042023212812	0.06579934200657993	87	nrefs:1|bs:100000|seed:20260915|case:mixed|eff:yes|nc:6|nw:2|space:no|version:2.6.0	1.0
gemini25flashlite	Lezgi	grammar	original	chain_gloss	summary_tables_txt	BLEU	11.453217903147074	10.910336838875564	-0.5428810642715103	0.21608783912160878	87	nrefs:1|bs:100000|seed:20260915|case:mixed|eff:no|tok:13a|smooth:exp|version:2.6.0	1.0
gemini25flashlite	Lezgi	grammar	original	chain_gloss	summary_tables_txt	chrF2++	31.15287913603832	33.171529785084495	2.018650649046176	0.021519784802151977	87	nrefs:1|bs:100000|seed:20260915|case:mixed|eff:yes|nc:6|nw:2|space:no|version:2.6.0	1.0
gemini25flashlite	Lezgi	grammar	original	modelgloss	cheatsheet_txt	BLEU	17.39137419737834	18.32613321039407	0.9347590130157286	0.12175878241217587	87	nrefs:1|bs:100000|seed:20260915|case:mixed|eff:no|tok:13a|smooth:exp|version:2.6.0	1.0
gemini25flashlite	Lezgi	grammar	original	modelgloss	cheatsheet_txt	chrF2++	41.919045648743186	43.81079595155666	1.8917503028134774	0.02080979190208098	87	nrefs:1|bs:100000|seed:20260915|case:mixed|eff:yes|nc:6|nw:2|space:no|version:2.6.0	1.0
gemini25flashlite	Lezgi	grammar	original	modelgloss	summary_tables_txt	BLEU	18.708169489399328	18.40891798311109	-0.2992515062882397	0.3094569054309457	87	nrefs:1|bs:100000|seed:20260915|case:mixed|eff:no|tok:13a|smooth:exp|version:2.6.0	1.0
gemini25flashlite	Lezgi	grammar	original	modelgloss	summary_tables_txt	chrF2++	42.44183089617443	43.869657233012234	1.4278263368378035	0.1000389996100039	87	nrefs:1|bs:100000|seed:20260915|case:mixed|eff:yes|nc:6|nw:2|space:no|version:2.6.0	1.0
gemini25flashlite	Lezgi	grammar	original	shot	cheatsheet_txt	BLEU	12.27330468746073	9.717931593934399	-2.555373093526331	0.017769822301776983	87	nrefs:1|bs:100000|seed:20260915|case:mixed|eff:no|tok:13a|smooth:exp|version:2.6.0	1.0
gemini25flashlite	Lezgi	grammar	original	shot	cheatsheet_txt	chrF2++	32.98467898092966	32.930597224484345	-0.054081756445313545	0.3978260217397826	87	nrefs:1|bs:100000|seed:20260915|case:mixed|eff:yes|nc:6|nw:2|space:no|version:2.6.0	1.0
gemini25flashlite	Lezgi	grammar	original	shot	summary_tables_txt	BLEU	10.899967545639702	12.858270440731841	1.9583028950921388	0.022569774302256977	87	nrefs:1|bs:100000|seed:20260915|case:mixed|eff:no|tok:13a|smooth:exp|version:2.6.0	1.0
gemini25flashlite	Lezgi	grammar	original	shot	summary_tables_txt	chrF2++	32.75369709829288	33.397080735361115	0.6433836370682329	0.17205827941720583	87	nrefs:1|bs:100000|seed:20260915|case:mixed|eff:yes|nc:6|nw:2|space:no|version:2.6.0	1.0
gemini25flashlite	Natugu	grammar	original	chain_gloss	cheatsheet_txt	BLEU	3.4200233036597782	3.381472914472192	-0.038550389187586465	0.3981360186398136	99	nrefs:1|bs:100000|seed:20260915|case:mixed|eff:no|tok:13a|smooth:exp|version:2.6.0	1.0
gemini25flashlite	Natugu	grammar	original	chain_gloss	cheatsheet_txt	chrF2++	21.5321384602206	20.759431403121393	-0.7727070570992076	0.11307886921130789	99	nrefs:1|bs:100000|seed:20260915|case:mixed|eff:yes|nc:6|nw:2|space:no|version:2.6.0	1.0
gemini25flashlite	Natugu	grammar	original	chain_gloss	summary_tables_txt	BLEU	4.110109600787078	2.2978798684271022	-1.812229732359976	0.03064969350306497	99	nrefs:1|bs:100000|seed:20260915|case:mixed|eff:no|tok:13a|smooth:exp|version:2.6.0	1.0
gemini25flashlite	Natugu	grammar	original	chain_gloss	summary_tables_txt	chrF2++	22.04603745611071	20.58258698221797	-1.4634504738927419	0.013999860001399985	99	nrefs:1|bs:100000|seed:20260915|case:mixed|eff:yes|nc:6|nw:2|space:no|version:2.6.0	1.0
gemini25flashlite	Natugu	grammar	original	modelgloss	cheatsheet_txt	BLEU	21.82626156557401	21.061952082785982	-0.764309482788029	0.1988480115198848	99	nrefs:1|bs:100000|seed:20260915|case:mixed|eff:no|tok:13a|smooth:exp|version:2.6.0	1.0
gemini25flashlite	Natugu	grammar	original	modelgloss	cheatsheet_txt	chrF2++	45.350263651693346	44.69538940707598	-0.6548742446173677	0.1784082159178408	99	nrefs:1|bs:100000|seed:20260915|case:mixed|eff:yes|nc:6|nw:2|space:no|version:2.6.0	1.0
gemini25flashlite	Natugu	grammar	original	modelgloss	summary_tables_txt	BLEU	22.26738161359798	18.92562023150998	-3.3417613820879986	0.012009879901200988	99	nrefs:1|bs:100000|seed:20260915|case:mixed|eff:no|tok:13a|smooth:exp|version:2.6.0	1.0
gemini25flashlite	Natugu	grammar	original	modelgloss	summary_tables_txt	chrF2++	45.38191067939528	43.78808223153657	-1.5938284478587121	0.06474935250647494	99	nrefs:1|bs:100000|seed:20260915|case:mixed|eff:yes|nc:6|nw:2|space:no|version:2.6.0	1.0
gemini25flashlite	Natugu	grammar	original	shot	cheatsheet_txt	BLEU	4.032237771784493	3.035820613033853	-0.9964171587506394	0.08504914950850491	99	nrefs:1|bs:100000|seed:20260915|case:mixed|eff:no|tok:13a|smooth:exp|version:2.6.0	1.0
gemini25flashlite	Natugu	grammar	original	shot	cheatsheet_txt	chrF2++	21.952286818745048	20.587623819741346	-1.364662999003702	0.014059859401405986	99	nrefs:1|bs:100000|seed:20260915|case:mixed|eff:yes|nc:6|nw:2|space:no|version:2.6.0	1.0
gemini25flashlite	Natugu	grammar	original	shot	summary_tables_txt	BLEU	4.07522285653999	2.4751761737882414	-1.6000466827517488	0.02914970850291497	99	nrefs:1|bs:100000|seed:20260915|case:mixed|eff:no|tok:13a|smooth:exp|version:2.6.0	1.0
gemini25flashlite	Natugu	grammar	original	shot	summary_tables_txt	chrF2++	22.393048993683422	20.012047700639762	-2.38100129304366	0.0007799922000779992	99	nrefs:1|bs:100000|seed:20260915|case:mixed|eff:yes|nc:6|nw:2|space:no|version:2.6.0	0.16067839321606783
gemini25flashlite	Tsez	grammar	original	chain_gloss	cheatsheet_txt	BLEU	0.5912595009466147	0.7292537153394159	0.13799421439280113	0.22192778072219277	99	nrefs:1|bs:100000|seed:20260915|case:mixed|eff:no|tok:13a|smooth:exp|version:2.6.0	1.0
gemini25flashlite	Tsez	grammar	original	chain_gloss	cheatsheet_txt	chrF2++	11.879006121558234	9.006764623672396	-2.872241497885838	0.03385966140338596	99	nrefs:1|bs:100000|seed:20260915|case:mixed|eff:yes|nc:6|nw:2|space:no|version:2.6.0	1.0
gemini25flashlite	Tsez	grammar	original	chain_gloss	summary_tables_txt	BLEU	1.5099829749192728	0.6704012781437194	-0.8395816967755534	0.07531924680753192	99	nrefs:1|bs:100000|seed:20260915|case:mixed|eff:no|tok:13a|smooth:exp|version:2.6.0	1.0
gemini25flashlite	Tsez	grammar	original	chain_gloss	summary_tables_txt	chrF2++	11.995102919287282	10.731359989629299	-1.2637429296579832	0.13288867111328886	99	nrefs:1|bs:100000|seed:20260915|case:mixed|eff:yes|nc:6|nw:2|space:no|version:2.6.0	1.0
gemini25flashlite	Tsez	grammar	original	modelgloss	cheatsheet_txt	BLEU	18.31639718052208	17.965922621632185	-0.3504745588898963	0.27296727032729673	99	nrefs:1|bs:100000|seed:20260915|case:mixed|eff:no|tok:13a|smooth:exp|version:2.6.0	1.0
gemini25flashlite	Tsez	grammar	original	modelgloss	cheatsheet_txt	chrF2++	44.99626966257329	43.603388603947764	-1.3928810586255267	0.04270957290427096	99	nrefs:1|bs:100000|seed:20260915|case:mixed|eff:yes|nc:6|nw:2|space:no|version:2.6.0	1.0
gemini25flashlite	Tsez	grammar	original	modelgloss	summary_tables_txt	BLEU	17.439599913498554	17.836120861603682	0.3965209481051275	0.27479725202747973	99	nrefs:1|bs:100000|seed:20260915|case:mixed|eff:no|tok:13a|smooth:exp|version:2.6.0	1.0
gemini25flashlite	Tsez	grammar	original	modelgloss	summary_tables_txt	chrF2++	44.12968683577482	43.44251006797494	-0.6871767677998761	0.14350856491435085	99	nrefs:1|bs:100000|seed:20260915|case:mixed|eff:yes|nc:6|nw:2|space:no|version:2.6.0	1.0
gemini25flashlite	Tsez	grammar	original	shot	cheatsheet_txt	BLEU	2.5047815564054807	1.942158628014798	-0.5626229283906827	0.14291857081429185	99	nrefs:1|bs:100000|seed:20260915|case:mixed|eff:no|tok:13a|smooth:exp|version:2.6.0	1.0
gemini25flashlite	Tsez	grammar	original	shot	cheatsheet_txt	chrF2++	19.30486035956234	17.89998727403706	-1.4048730855252813	0.04099959000409996	99	nrefs:1|bs:100000|seed:20260915|case:mixed|eff:yes|nc:6|nw:2|space:no|version:2.6.0	1.0
gemini25flashlite	Tsez	grammar	original	shot	summary_tables_txt	BLEU	2.519557367944775	1.3428447608867224	-1.1767126070580525	0.0028599714002859973	99	nrefs:1|bs:100000|seed:20260915|case:mixed|eff:no|tok:13a|smooth:exp|version:2.6.0	0.5805741942580575
gemini25flashlite	Tsez	grammar	original	shot	summary_tables_txt	chrF2++	19.21379045840873	17.932995119617388	-1.2807953387913429	0.009259907400925992	99	nrefs:1|bs:100000|seed:20260915|case:mixed|eff:yes|nc:6|nw:2|space:no|version:2.6.0	1.0
qwen35	Gitksan	pdf1_brown	original	chain_gloss	cheatsheet_txt	BLEU	3.680002619171686	4.830567749088627	1.150565129916941	0.12804871951280486	37	nrefs:1|bs:100000|seed:20260915|case:mixed|eff:no|tok:13a|smooth:exp|version:2.6.0	1.0
qwen35	Gitksan	pdf1_brown	original	chain_gloss	cheatsheet_txt	chrF2++	22.686655474954957	22.889640918696376	0.2029854437414187	0.3388666113338867	37	nrefs:1|bs:100000|seed:20260915|case:mixed|eff:yes|nc:6|nw:2|space:no|version:2.6.0	1.0
qwen35	Gitksan	pdf1_brown	original	chain_gloss	summary_tables_txt	BLEU	5.343813491583516	3.8330774674397112	-1.5107360241438048	0.06024939750602494	37	nrefs:1|bs:100000|seed:20260915|case:mixed|eff:no|tok:13a|smooth:exp|version:2.6.0	1.0
qwen35	Gitksan	pdf1_brown	original	chain_gloss	summary_tables_txt	chrF2++	25.309272046300812	19.419307068202404	-5.8899649780984085	0.0026199738002619976	37	nrefs:1|bs:100000|seed:20260915|case:mixed|eff:yes|nc:6|nw:2|space:no|version:2.6.0	0.5344746552534475
qwen35	Gitksan	pdf1_brown	original	modelgloss	cheatsheet_txt	BLEU	16.76454964237931	15.147087565230056	-1.6174620771492556	0.13608863911360886	37	nrefs:1|bs:100000|seed:20260915|case:mixed|eff:no|tok:13a|smooth:exp|version:2.6.0	1.0
qwen35	Gitksan	pdf1_brown	original	modelgloss	cheatsheet_txt	chrF2++	46.653755271152065	45.082806133747624	-1.5709491374044404	0.0894791052089479	37	nrefs:1|bs:100000|seed:20260915|case:mixed|eff:yes|nc:6|nw:2|space:no|version:2.6.0	1.0
qwen35	Gitksan	pdf1_brown	original	modelgloss	summary_tables_txt	BLEU	19.255926823955367	15.16771642629993	-4.088210397655436	0.022729772702272978	37	nrefs:1|bs:100000|seed:20260915|case:mixed|eff:no|tok:13a|smooth:exp|version:2.6.0	1.0
qwen35	Gitksan	pdf1_brown	original	modelgloss	summary_tables_txt	chrF2++	46.85108016508814	45.32643481548184	-1.5246453496063026	0.13531864681353187	37	nrefs:1|bs:100000|seed:20260915|case:mixed|eff:yes|nc:6|nw:2|space:no|version:2.6.0	1.0
qwen35	Gitksan	pdf1_brown	original	shot	cheatsheet_txt	BLEU	3.979321408599233	4.764304531538607	0.7849831229393742	0.13724862751372485	37	nrefs:1|bs:100000|seed:20260915|case:mixed|eff:no|tok:13a|smooth:exp|version:2.6.0	1.0
qwen35	Gitksan	pdf1_brown	original	shot	cheatsheet_txt	chrF2++	23.689819664703062	22.439689642702717	-1.250130022000345	0.11169888301116988	37	nrefs:1|bs:100000|seed:20260915|case:mixed|eff:yes|nc:6|nw:2|space:no|version:2.6.0	1.0
qwen35	Gitksan	pdf1_brown	original	shot	summary_tables_txt	BLEU	4.32943852832491	3.5556299071211708	-0.7738086212037389	0.01840981590184098	37	nrefs:1|bs:100000|seed:20260915|case:mixed|eff:no|tok:13a|smooth:exp|version:2.6.0	1.0
qwen35	Gitksan	pdf1_brown	original	shot	summary_tables_txt	chrF2++	24.221206922758455	21.916220069474733	-2.3049868532837223	0.0034699653003469966	37	nrefs:1|bs:100000|seed:20260915|case:mixed|eff:yes|nc:6|nw:2|space:no|version:2.6.0	0.6974630253697464
qwen35	Gitksan	pdf2_rigsby	original	chain_gloss	cheatsheet_txt	BLEU	3.291490644539465	3.7326799416513863	0.44118929711192134	0.12541874581254187	37	nrefs:1|bs:100000|seed:20260915|case:mixed|eff:no|tok:13a|smooth:exp|version:2.6.0	1.0
qwen35	Gitksan	pdf2_rigsby	original	chain_gloss	cheatsheet_txt	chrF2++	23.946941805417506	22.34492559059761	-1.6020162148198942	0.07940920590794093	37	nrefs:1|bs:100000|seed:20260915|case:mixed|eff:yes|nc:6|nw:2|space:no|version:2.6.0	1.0
qwen35	Gitksan	pdf2_rigsby	original	chain_gloss	summary_tables_txt	BLEU	4.122447347691251	3.49896406927567	-0.623483278415581	0.11313886861131389	37	nrefs:1|bs:100000|seed:20260915|case:mixed|eff:no|tok:13a|smooth:exp|version:2.6.0	1.0
qwen35	Gitksan	pdf2_rigsby	original	chain_gloss	summary_tables_txt	chrF2++	24.552858994652667	20.710672742917026	-3.84218625173564	0.042909570904290956	37	nrefs:1|bs:100000|seed:20260915|case:mixed|eff:yes|nc:6|nw:2|space:no|version:2.6.0	1.0
qwen35	Gitksan	pdf2_rigsby	original	modelgloss	cheatsheet_txt	BLEU	18.208812193411468	14.382751803131864	-3.826060390279604	0.026349736502634974	37	nrefs:1|bs:100000|seed:20260915|case:mixed|eff:no|tok:13a|smooth:exp|version:2.6.0	1.0
qwen35	Gitksan	pdf2_rigsby	original	modelgloss	cheatsheet_txt	chrF2++	47.81080916482565	45.19858529309676	-2.6122238717288866	0.06886931130688694	37	nrefs:1|bs:100000|seed:20260915|case:mixed|eff:yes|nc:6|nw:2|space:no|version:2.6.0	1.0
qwen35	Gitksan	pdf2_rigsby	original	modelgloss	summary_tables_txt	BLEU	18.934467631708834	18.066542747157673	-0.8679248845511616	0.22255777442225577	37	nrefs:1|bs:100000|seed:20260915|case:mixed|eff:no|tok:13a|smooth:exp|version:2.6.0	1.0
qwen35	Gitksan	pdf2_rigsby	original	modelgloss	summary_tables_txt	chrF2++	48.19432696451261	47.26538742126953	-0.9289395432430823	0.12492875071249288	37	nrefs:1|bs:100000|seed:20260915|case:mixed|eff:yes|nc:6|nw:2|space:no|version:2.6.0	1.0
qwen35	Gitksan	pdf2_rigsby	original	shot	cheatsheet_txt	BLEU	4.215233499897761	3.8800851696627996	-0.3351483302349614	0.05910940890591094	37	nrefs:1|bs:100000|seed:20260915|case:mixed|eff:no|tok:13a|smooth:exp|version:2.6.0	1.0
qwen35	Gitksan	pdf2_rigsby	original	shot	cheatsheet_txt	chrF2++	23.85360962280459	21.65692806191915	-2.196681560885441	0.0017799822001779981	37	nrefs:1|bs:100000|seed:20260915|case:mixed|eff:yes|nc:6|nw:2|space:no|version:2.6.0	0.3648963510364896
qwen35	Gitksan	pdf2_rigsby	original	shot	summary_tables_txt	BLEU	3.832036410441451	4.441748885420486	0.6097124749790348	0.16202837971620285	37	nrefs:1|bs:100000|seed:20260915|case:mixed|eff:no|tok:13a|smooth:exp|version:2.6.0	1.0
qwen35	Gitksan	pdf2_rigsby	original	shot	summary_tables_txt	chrF2++	24.16376377024919	22.319169961351832	-1.8445938088973577	0.006489935100648993	37	nrefs:1|bs:100000|seed:20260915|case:mixed|eff:yes|nc:6|nw:2|space:no|version:2.6.0	1.0
qwen35	Lezgi	grammar	cyrillic	chain_gloss	cheatsheet_txt	BLEU	4.333640018640287	5.495092980131532	1.1614529614912454	0.06252937470625294	87	nrefs:1|bs:100000|seed:20260915|case:mixed|eff:no|tok:13a|smooth:exp|version:2.6.0	1.0
qwen35	Lezgi	grammar	cyrillic	chain_gloss	cheatsheet_txt	chrF2++	24.445455130856423	22.756686131749248	-1.6887689991071753	0.02710972890271097	87	nrefs:1|bs:100000|seed:20260915|case:mixed|eff:yes|nc:6|nw:2|space:no|version:2.6.0	1.0
qwen35	Lezgi	grammar	cyrillic	chain_gloss	summary_tables_txt	BLEU	4.536345585917752	7.2834174336188555	2.747071847701103	2.999970000299997e-05	87	nrefs:1|bs:100000|seed:20260915|case:mixed|eff:no|tok:13a|smooth:exp|version:2.6.0	0.006239937600623994
qwen35	Lezgi	grammar	cyrillic	chain_gloss	summary_tables_txt	chrF2++	24.246273982083906	25.055723714079097	0.8094497319951905	0.13619863801361987	87	nrefs:1|bs:100000|seed:20260915|case:mixed|eff:yes|nc:6|nw:2|space:no|version:2.6.0	1.0
qwen35	Lezgi	grammar	cyrillic	modelgloss	cheatsheet_txt	BLEU	11.02573778064716	12.416005765657836	1.3902679850106754	0.06515934840651594	87	nrefs:1|bs:100000|seed:20260915|case:mixed|eff:no|tok:13a|smooth:exp|version:2.6.0	1.0
qwen35	Lezgi	grammar	cyrillic	modelgloss	cheatsheet_txt	chrF2++	38.332704943755346	37.06778894899171	-1.2649159947636335	0.0980290197098029	87	nrefs:1|bs:100000|seed:20260915|case:mixed|eff:yes|nc:6|nw:2|space:no|version:2.6.0	1.0
qwen35	Lezgi	grammar	cyrillic	modelgloss	summary_tables_txt	BLEU	12.047996620842211	12.942375037511518	0.8943784166693067	0.10992890071099289	87	nrefs:1|bs:100000|seed:20260915|case:mixed|eff:no|tok:13a|smooth:exp|version:2.6.0	1.0
qwen35	Lezgi	grammar	cyrillic	modelgloss	summary_tables_txt	chrF2++	39.37636020088935	37.17119006658965	-2.205170134299699	0.006359936400635994	87	nrefs:1|bs:100000|seed:20260915|case:mixed|eff:yes|nc:6|nw:2|space:no|version:2.6.0	1.0
qwen35	Lezgi	grammar	cyrillic	shot	cheatsheet_txt	BLEU	6.182461973649176	6.684754254098248	0.5022922804490717	0.22079779202207978	87	nrefs:1|bs:100000|seed:20260915|case:mixed|eff:no|tok:13a|smooth:exp|version:2.6.0	1.0
qwen35	Lezgi	grammar	cyrillic	shot	cheatsheet_txt	chrF2++	25.653043525695185	24.93356754549737	-0.7194759801978137	0.15600843991560084	87	nrefs:1|bs:100000|seed:20260915|case:mixed|eff:yes|nc:6|nw:2|space:no|version:2.6.0	1.0
qwen35	Lezgi	grammar	cyrillic	shot	summary_tables_txt	BLEU	6.541884324501279	6.237137601384734	-0.30474672311654505	0.2614473855261447	87	nrefs:1|bs:100000|seed:20260915|case:mixed|eff:no|tok:13a|smooth:exp|version:2.6.0	1.0
qwen35	Lezgi	grammar	cyrillic	shot	summary_tables_txt	chrF2++	25.862088066842574	23.988344009334277	-1.873744057508297	0.01855981440185598	87	nrefs:1|bs:100000|seed:20260915|case:mixed|eff:yes|nc:6|nw:2|space:no|version:2.6.0	1.0
qwen35	Lezgi	grammar	original	chain_gloss	cheatsheet_txt	BLEU	4.335716506775338	5.5591870257446985	1.2234705189693607	0.01121988780112199	87	nrefs:1|bs:100000|seed:20260915|case:mixed|eff:no|tok:13a|smooth:exp|version:2.6.0	1.0
qwen35	Lezgi	grammar	original	chain_gloss	cheatsheet_txt	chrF2++	24.328441634830995	24.867164214589987	0.5387225797589927	0.2048179518204818	87	nrefs:1|bs:100000|seed:20260915|case:mixed|eff:yes|nc:6|nw:2|space:no|version:2.6.0	1.0
qwen35	Lezgi	grammar	original	chain_gloss	summary_tables_txt	BLEU	5.131092880913257	5.639933182838986	0.508840301925729	0.15813841861581385	87	nrefs:1|bs:100000|seed:20260915|case:mixed|eff:no|tok:13a|smooth:exp|version:2.6.0	1.0
qwen35	Lezgi	grammar	original	chain_gloss	summary_tables_txt	chrF2++	24.160551158139736	24.1641581599986	0.0036070018588638675	0.4209857901420986	87	nrefs:1|bs:100000|seed:20260915|case:mixed|eff:yes|nc:6|nw:2|space:no|version:2.6.0	1.0
qwen35	Lezgi	grammar	original	modelgloss	cheatsheet_txt	BLEU	12.346907696554714	11.98102944429555	-0.36587825225916504	0.25637743622563774	87	nrefs:1|bs:100000|seed:20260915|case:mixed|eff:no|tok:13a|smooth:exp|version:2.6.0	1.0
qwen35	Lezgi	grammar	original	modelgloss	cheatsheet_txt	chrF2++	39.044129905381425	36.525514754384226	-2.5186151509971992	0.008719912800871992	87	nrefs:1|bs:100000|seed:20260915|case:mixed|eff:yes|nc:6|nw:2|space:no|version:2.6.0	1.0
qwen35	Lezgi	grammar	original	modelgloss	summary_tables_txt	BLEU	12.377583542042478	11.61553652614872	-0.7620470158937582	0.14904850951490486	87	nrefs:1|bs:100000|seed:20260915|case:mixed|eff:no|tok:13a|smooth:exp|version:2.6.0	1.0
qwen35	Lezgi	grammar	original	modelgloss	summary_tables_txt	chrF2++	38.70609226989163	37.13512005721099	-1.570972212680637	0.052289477105228944	87	nrefs:1|bs:100000|seed:20260915|case:mixed|eff:yes|nc:6|nw:2|space:no|version:2.6.0	1.0
qwen35	Lezgi	grammar	original	shot	cheatsheet_txt	BLEU	6.812278051645836	6.084277428457842	-0.7280006231879943	0.15856841431585683	87	nrefs:1|bs:100000|seed:20260915|case:mixed|eff:no|tok:13a|smooth:exp|version:2.6.0	1.0
qwen35	Lezgi	grammar	original	shot	cheatsheet_txt	chrF2++	25.585824849682375	24.135761309776512	-1.4500635399058623	0.048359516404835955	87	nrefs:1|bs:100000|seed:20260915|case:mixed|eff:yes|nc:6|nw:2|space:no|version:2.6.0	1.0
qwen35	Lezgi	grammar	original	shot	summary_tables_txt	BLEU	7.318104009510244	5.983065711463642	-1.3350382980466025	0.05339946600533994	87	nrefs:1|bs:100000|seed:20260915|case:mixed|eff:no|tok:13a|smooth:exp|version:2.6.0	1.0
qwen35	Lezgi	grammar	original	shot	summary_tables_txt	chrF2++	26.274603183553292	23.764740748455928	-2.5098624350973644	0.005499945000549994	87	nrefs:1|bs:100000|seed:20260915|case:mixed|eff:yes|nc:6|nw:2|space:no|version:2.6.0	1.0
qwen35	Natugu	grammar	original	chain_gloss	cheatsheet_txt	BLEU	3.1829073465708406	2.5653217429031843	-0.6175856036676564	0.13872861271387285	99	nrefs:1|bs:100000|seed:20260915|case:mixed|eff:no|tok:13a|smooth:exp|version:2.6.0	1.0
qwen35	Natugu	grammar	original	chain_gloss	cheatsheet_txt	chrF2++	19.85869960180328	18.23456121471256	-1.6241383870907207	0.00913990860091399	99	nrefs:1|bs:100000|seed:20260915|case:mixed|eff:yes|nc:6|nw:2|space:no|version:2.6.0	1.0
qwen35	Natugu	grammar	original	chain_gloss	summary_tables_txt	BLEU	2.986953376237562	1.9845249214375473	-1.0024284548000149	0.05897941020589794	99	nrefs:1|bs:100000|seed:20260915|case:mixed|eff:no|tok:13a|smooth:exp|version:2.6.0	1.0
qwen35	Natugu	grammar	original	chain_gloss	summary_tables_txt	chrF2++	19.103980126434095	18.391430335287968	-0.7125497911461274	0.13122868771312288	99	nrefs:1|bs:100000|seed:20260915|case:mixed|eff:yes|nc:6|nw:2|space:no|version:2.6.0	1.0
qwen35	Natugu	grammar	original	modelgloss	cheatsheet_txt	BLEU	16.239063204753915	15.94658150444271	-0.292481700311205	0.2901870981290187	99	nrefs:1|bs:100000|seed:20260915|case:mixed|eff:no|tok:13a|smooth:exp|version:2.6.0	1.0
qwen35	Natugu	grammar	original	modelgloss	cheatsheet_txt	chrF2++	41.04470658234855	39.50887491361285	-1.5358316687357032	0.013919860801391987	99	nrefs:1|bs:100000|seed:20260915|case:mixed|eff:yes|nc:6|nw:2|space:no|version:2.6.0	1.0
qwen35	Natugu	grammar	original	modelgloss	summary_tables_txt	BLEU	15.98949759916162	14.601978863603627	-1.3875187355579932	0.1042089579104209	99	nrefs:1|bs:100000|seed:20260915|case:mixed|eff:no|tok:13a|smooth:exp|version:2.6.0	1.0
qwen35	Natugu	grammar	original	modelgloss	summary_tables_txt	chrF2++	41.19251123855129	39.51857059509607	-1.673940643455218	0.03181968180318197	99	nrefs:1|bs:100000|seed:20260915|case:mixed|eff:yes|nc:6|nw:2|space:no|version:2.6.0	1.0
qwen35	Natugu	grammar	original	shot	cheatsheet_txt	BLEU	3.822169117771451	3.1434056151102503	-0.6787635026612007	0.17607823921760782	99	nrefs:1|bs:100000|seed:20260915|case:mixed|eff:no|tok:13a|smooth:exp|version:2.6.0	1.0
qwen35	Natugu	grammar	original	shot	cheatsheet_txt	chrF2++	19.909237111051716	17.081493659688523	-2.827743451363194	1.999980000199998e-05	99	nrefs:1|bs:100000|seed:20260915|case:mixed|eff:yes|nc:6|nw:2|space:no|version:2.6.0	0.0041799582004179965
qwen35	Natugu	grammar	original	shot	summary_tables_txt	BLEU	2.5764297351441154	2.8141306091542475	0.23770087401013207	0.3087069129308707	99	nrefs:1|bs:100000|seed:20260915|case:mixed|eff:no|tok:13a|smooth:exp|version:2.6.0	1.0
qwen35	Natugu	grammar	original	shot	summary_tables_txt	chrF2++	18.731075939833563	17.567357844344436	-1.163718095489127	0.042389576104238956	99	nrefs:1|bs:100000|seed:20260915|case:mixed|eff:yes|nc:6|nw:2|space:no|version:2.6.0	1.0
qwen35	Tsez	grammar	original	chain_gloss	cheatsheet_txt	BLEU	1.3302747961905004	1.4356068252800867	0.10533202908958628	0.24359756402435975	445	nrefs:1|bs:100000|seed:20260915|case:mixed|eff:no|tok:13a|smooth:exp|version:2.6.0	1.0
qwen35	Tsez	grammar	original	chain_gloss	cheatsheet_txt	chrF2++	18.57499875480104	16.449715548972534	-2.125283205828506	9.99990000099999e-06	445	nrefs:1|bs:100000|seed:20260915|case:mixed|eff:yes|nc:6|nw:2|space:no|version:2.6.0	0.002159978400215998
qwen35	Tsez	grammar	original	chain_gloss	summary_tables_txt	BLEU	1.392019146669911	1.1129943118055576	-0.27902483486435337	0.11870881291187088	445	nrefs:1|bs:100000|seed:20260915|case:mixed|eff:no|tok:13a|smooth:exp|version:2.6.0	1.0
qwen35	Tsez	grammar	original	chain_gloss	summary_tables_txt	chrF2++	18.02264911596401	16.013703771390137	-2.008945344573874	9.99990000099999e-06	445	nrefs:1|bs:100000|seed:20260915|case:mixed|eff:yes|nc:6|nw:2|space:no|version:2.6.0	0.002159978400215998
qwen35	Tsez	grammar	original	modelgloss	cheatsheet_txt	BLEU	12.454846920318376	11.837075912061177	-0.6177710082571988	0.10728892711072889	445	nrefs:1|bs:100000|seed:20260915|case:mixed|eff:no|tok:13a|smooth:exp|version:2.6.0	1.0
qwen35	Tsez	grammar	original	modelgloss	cheatsheet_txt	chrF2++	39.59292450860702	37.88208868616116	-1.7108358224458584	2.999970000299997e-05	445	nrefs:1|bs:100000|seed:20260915|case:mixed|eff:yes|nc:6|nw:2|space:no|version:2.6.0	0.006239937600623994
qwen35	Tsez	grammar	original	modelgloss	summary_tables_txt	BLEU	12.750698129541625	11.81129627751682	-0.9394018520248046	0.022999770002299975	445	nrefs:1|bs:100000|seed:20260915|case:mixed|eff:no|tok:13a|smooth:exp|version:2.6.0	1.0
qwen35	Tsez	grammar	original	modelgloss	summary_tables_txt	chrF2++	40.134269042161606	37.98659426808878	-2.1476747740728257	9.99990000099999e-06	445	nrefs:1|bs:100000|seed:20260915|case:mixed|eff:yes|nc:6|nw:2|space:no|version:2.6.0	0.002159978400215998
qwen35	Tsez	grammar	original	shot	cheatsheet_txt	BLEU	1.506619850735588	1.526727553940665	0.020107703205077154	0.37444625553744465	445	nrefs:1|bs:100000|seed:20260915|case:mixed|eff:no|tok:13a|smooth:exp|version:2.6.0	1.0
qwen35	Tsez	grammar	original	shot	cheatsheet_txt	chrF2++	18.790077862217746	17.412379758491234	-1.3776981037265124	9.99990000099999e-06	445	nrefs:1|bs:100000|seed:20260915|case:mixed|eff:yes|nc:6|nw:2|space:no|version:2.6.0	0.002159978400215998
qwen35	Tsez	grammar	original	shot	summary_tables_txt	BLEU	1.4738190072237523	1.4206847920740486	-0.05313421514970362	0.32903670963290366	445	nrefs:1|bs:100000|seed:20260915|case:mixed|eff:no|tok:13a|smooth:exp|version:2.6.0	1.0
qwen35	Tsez	grammar	original	shot	summary_tables_txt	chrF2++	18.75072509190175	17.441970584177135	-1.3087545077246148	9.99990000099999e-06	445	nrefs:1|bs:100000|seed:20260915|case:mixed|eff:yes|nc:6|nw:2|space:no|version:2.6.0	0.002159978400215998
qwen3	Gitksan	pdf1_brown	original	chain_gloss	cheatsheet_txt	BLEU	5.454278186415132	2.7342192858007017	-2.72005890061443	0.005819941800581994	37	nrefs:1|bs:100000|seed:20260915|case:mixed|eff:no|tok:13a|smooth:exp|version:2.6.0	1.0
qwen3	Gitksan	pdf1_brown	original	chain_gloss	cheatsheet_txt	chrF2++	21.0943620082363	18.85761877228018	-2.2367432359561192	0.07806921930780693	37	nrefs:1|bs:100000|seed:20260915|case:mixed|eff:yes|nc:6|nw:2|space:no|version:2.6.0	1.0
qwen3	Gitksan	pdf1_brown	original	chain_gloss	summary_tables_txt	BLEU	4.290367141278386	3.1153117525200185	-1.1750553887583677	0.11147888521114789	37	nrefs:1|bs:100000|seed:20260915|case:mixed|eff:no|tok:13a|smooth:exp|version:2.6.0	1.0
qwen3	Gitksan	pdf1_brown	original	chain_gloss	summary_tables_txt	chrF2++	20.874246040900772	20.355841720863623	-0.5184043200371491	0.2847871521284787	37	nrefs:1|bs:100000|seed:20260915|case:mixed|eff:yes|nc:6|nw:2|space:no|version:2.6.0	1.0
qwen3	Gitksan	pdf1_brown	original	modelgloss	cheatsheet_txt	BLEU	15.781765789836713	15.496824914527759	-0.28494087530895484	0.33853661463385365	37	nrefs:1|bs:100000|seed:20260915|case:mixed|eff:no|tok:13a|smooth:exp|version:2.6.0	1.0
qwen3	Gitksan	pdf1_brown	original	modelgloss	cheatsheet_txt	chrF2++	47.234876771205236	46.23290848983231	-1.0019682813729247	0.14108858911410885	37	nrefs:1|bs:100000|seed:20260915|case:mixed|eff:yes|nc:6|nw:2|space:no|version:2.6.0	1.0
qwen3	Gitksan	pdf1_brown	original	modelgloss	summary_tables_txt	BLEU	16.711881328369664	17.424204296106243	0.7123229677365792	0.18832811671883282	37	nrefs:1|bs:100000|seed:20260915|case:mixed|eff:no|tok:13a|smooth:exp|version:2.6.0	1.0
qwen3	Gitksan	pdf1_brown	original	modelgloss	summary_tables_txt	chrF2++	46.57379018244395	49.22274164355296	2.6489514611090073	0.016839831601683983	37	nrefs:1|bs:100000|seed:20260915|case:mixed|eff:yes|nc:6|nw:2|space:no|version:2.6.0	1.0
qwen3	Gitksan	pdf1_brown	original	shot	cheatsheet_txt	BLEU	5.143720362358696	4.120729237571299	-1.0229911247873966	0.06457935420645794	37	nrefs:1|bs:100000|seed:20260915|case:mixed|eff:no|tok:13a|smooth:exp|version:2.6.0	1.0
qwen3	Gitksan	pdf1_brown	original	shot	cheatsheet_txt	chrF2++	25.231830751777423	24.245877699945133	-0.9859530518322899	0.13335866641333588	37	nrefs:1|bs:100000|seed:20260915|case:mixed|eff:yes|nc:6|nw:2|space:no|version:2.6.0	1.0
qwen3	Gitksan	pdf1_brown	original	shot	summary_tables_txt	BLEU	4.76327002258034	4.2974425242653815	-0.4658274983149582	0.2129278707212928	37	nrefs:1|bs:100000|seed:20260915|case:mixed|eff:no|tok:13a|smooth:exp|version:2.6.0	1.0
qwen3	Gitksan	pdf1_brown	original	shot	summary_tables_txt	chrF2++	25.519665691920952	25.081511106936926	-0.4381545849840265	0.24064759352406476	37	nrefs:1|bs:100000|seed:20260915|case:mixed|eff:yes|nc:6|nw:2|space:no|version:2.6.0	1.0
qwen3	Gitksan	pdf2_rigsby	original	chain_gloss	cheatsheet_txt	BLEU	3.579971485740608	2.593361007316039	-0.9866104784245691	0.018509814901850982	37	nrefs:1|bs:100000|seed:20260915|case:mixed|eff:no|tok:13a|smooth:exp|version:2.6.0	1.0
qwen3	Gitksan	pdf2_rigsby	original	chain_gloss	cheatsheet_txt	chrF2++	19.926995841709104	16.215383915372595	-3.7116119263365093	0.027239727602723973	37	nrefs:1|bs:100000|seed:20260915|case:mixed|eff:yes|nc:6|nw:2|space:no|version:2.6.0	1.0
qwen3	Gitksan	pdf2_rigsby	original	chain_gloss	summary_tables_txt	BLEU	4.048822568043751	4.338803190630794	0.28998062258704316	0.3057469425305747	37	nrefs:1|bs:100000|seed:20260915|case:mixed|eff:no|tok:13a|smooth:exp|version:2.6.0	1.0
qwen3	Gitksan	pdf2_rigsby	original	chain_gloss	summary_tables_txt	chrF2++	20.12546993069177	18.87799347518916	-1.2474764555026105	0.1875581244187558	37	nrefs:1|bs:100000|seed:20260915|case:mixed|eff:yes|nc:6|nw:2|space:no|version:2.6.0	1.0
qwen3	Gitksan	pdf2_rigsby	original	modelgloss	cheatsheet_txt	BLEU	16.251052871528014	16.702689610992895	0.45163673946488103	0.23714762852371477	37	nrefs:1|bs:100000|seed:20260915|case:mixed|eff:no|tok:13a|smooth:exp|version:2.6.0	1.0
qwen3	Gitksan	pdf2_rigsby	original	modelgloss	cheatsheet_txt	chrF2++	46.723769877823045	46.62824814864629	-0.0955217291767525	0.38513614863851364	37	nrefs:1|bs:100000|seed:20260915|case:mixed|eff:yes|nc:6|nw:2|space:no|version:2.6.0	1.0
qwen3	Gitksan	pdf2_rigsby	original	modelgloss	summary_tables_txt	BLEU	15.6198010501269	15.114774059678398	-0.5050269904485027	0.21596784032159677	37	nrefs:1|bs:100000|seed:20260915|case:mixed|eff:no|tok:13a|smooth:exp|version:2.6.0	1.0
qwen3	Gitksan	pdf2_rigsby	original	modelgloss	summary_tables_txt	chrF2++	46.41202083240037	46.926938289530604	0.5149174571302311	0.1997580024199758	37	nrefs:1|bs:100000|seed:20260915|case:mixed|eff:yes|nc:6|nw:2|space:no|version:2.6.0	1.0
qwen3	Gitksan	pdf2_rigsby	original	shot	cheatsheet_txt	BLEU	4.238144242168801	4.190184860795319	-0.04795938137348177	0.38203617963820363	37	nrefs:1|bs:100000|seed:20260915|case:mixed|eff:no|tok:13a|smooth:exp|version:2.6.0	1.0
qwen3	Gitksan	pdf2_rigsby	original	shot	cheatsheet_txt	chrF2++	23.69415712863964	24.468913895630113	0.7747567669904711	0.16217837821621783	37	nrefs:1|bs:100000|seed:20260915|case:mixed|eff:yes|nc:6|nw:2|space:no|version:2.6.0	1.0
qwen3	Gitksan	pdf2_rigsby	original	shot	summary_tables_txt	BLEU	4.50210636261728	4.188124816131172	-0.313981546486108	0.1942480575194248	37	nrefs:1|bs:100000|seed:20260915|case:mixed|eff:no|tok:13a|smooth:exp|version:2.6.0	1.0
qwen3	Gitksan	pdf2_rigsby	original	shot	summary_tables_txt	chrF2++	24.173447827539643	24.31769209208719	0.14424426454754524	0.3334366656333437	37	nrefs:1|bs:100000|seed:20260915|case:mixed|eff:yes|nc:6|nw:2|space:no|version:2.6.0	1.0
qwen3	Lezgi	grammar	cyrillic	chain_gloss	cheatsheet_txt	BLEU	4.113592085755468	3.2543596350854584	-0.8592324506700098	0.14704852951470485	87	nrefs:1|bs:100000|seed:20260915|case:mixed|eff:no|tok:13a|smooth:exp|version:2.6.0	1.0
qwen3	Lezgi	grammar	cyrillic	chain_gloss	cheatsheet_txt	chrF2++	20.084124480168516	17.622791187384557	-2.4613332927839586	0.023509764902350978	87	nrefs:1|bs:100000|seed:20260915|case:mixed|eff:yes|nc:6|nw:2|space:no|version:2.6.0	1.0
qwen3	Lezgi	grammar	cyrillic	chain_gloss	summary_tables_txt	BLEU	4.15777874465707	2.9141499413123384	-1.2436288033447314	0.07397926020739792	87	nrefs:1|bs:100000|seed:20260915|case:mixed|eff:no|tok:13a|smooth:exp|version:2.6.0	1.0
qwen3	Lezgi	grammar	cyrillic	chain_gloss	summary_tables_txt	chrF2++	19.53544081768462	17.256065570950142	-2.279375246734478	0.005109948900510995	87	nrefs:1|bs:100000|seed:20260915|case:mixed|eff:yes|nc:6|nw:2|space:no|version:2.6.0	1.0
qwen3	Lezgi	grammar	cyrillic	modelgloss	cheatsheet_txt	BLEU	8.276593623170923	9.667745160607884	1.3911515374369614	0.06600933990660093	87	nrefs:1|bs:100000|seed:20260915|case:mixed|eff:no|tok:13a|smooth:exp|version:2.6.0	1.0
qwen3	Lezgi	grammar	cyrillic	modelgloss	cheatsheet_txt	chrF2++	35.56222468583014	33.82656233140829	-1.735662354421848	0.04878951210487895	87	nrefs:1|bs:100000|seed:20260915|case:mixed|eff:yes|nc:6|nw:2|space:no|version:2.6.0	1.0
qwen3	Lezgi	grammar	cyrillic	modelgloss	summary_tables_txt	BLEU	8.08121427019333	9.89898915574916	1.8177748855558296	0.024289757102428977	87	nrefs:1|bs:100000|seed:20260915|case:mixed|eff:no|tok:13a|smooth:exp|version:2.6.0	1.0
qwen3	Lezgi	grammar	cyrillic	modelgloss	summary_tables_txt	chrF2++	36.10240322091209	34.34060289817175	-1.761800322740335	0.03525964740352597	87	nrefs:1|bs:100000|seed:20260915|case:mixed|eff:yes|nc:6|nw:2|space:no|version:2.6.0	1.0
qwen3	Lezgi	grammar	cyrillic	shot	cheatsheet_txt	BLEU	3.963612074183648	3.818937141380001	-0.14467493280364696	0.28443715562844374	87	nrefs:1|bs:100000|seed:20260915|case:mixed|eff:no|tok:13a|smooth:exp|version:2.6.0	1.0
qwen3	Lezgi	grammar	cyrillic	shot	cheatsheet_txt	chrF2++	19.692876845519432	18.077762535577307	-1.6151143099421255	0.031219687803121968	87	nrefs:1|bs:100000|seed:20260915|case:mixed|eff:yes|nc:6|nw:2|space:no|version:2.6.0	1.0
qwen3	Lezgi	grammar	cyrillic	shot	summary_tables_txt	BLEU	4.0271917551583405	3.6727399602892534	-0.35445179486908707	0.1963780362196378	87	nrefs:1|bs:100000|seed:20260915|case:mixed|eff:no|tok:13a|smooth:exp|version:2.6.0	1.0
qwen3	Lezgi	grammar	cyrillic	shot	summary_tables_txt	chrF2++	19.888715944810578	18.693899837428315	-1.1948161073822625	0.08052919470805292	87	nrefs:1|bs:100000|seed:20260915|case:mixed|eff:yes|nc:6|nw:2|space:no|version:2.6.0	1.0
qwen3	Lezgi	grammar	original	chain_gloss	cheatsheet_txt	BLEU	3.796304105152238	4.09722377285573	0.300919667703492	0.15244847551524485	87	nrefs:1|bs:100000|seed:20260915|case:mixed|eff:no|tok:13a|smooth:exp|version:2.6.0	1.0
qwen3	Lezgi	grammar	original	chain_gloss	cheatsheet_txt	chrF2++	20.16786826840756	17.689185610860882	-2.4786826575466776	0.0042999570004299955	87	nrefs:1|bs:100000|seed:20260915|case:mixed|eff:yes|nc:6|nw:2|space:no|version:2.6.0	0.8599914000859991
qwen3	Lezgi	grammar	original	chain_gloss	summary_tables_txt	BLEU	4.012888341618107	3.5019062643585652	-0.5109820772595421	0.17842821571784281	87	nrefs:1|bs:100000|seed:20260915|case:mixed|eff:no|tok:13a|smooth:exp|version:2.6.0	1.0
qwen3	Lezgi	grammar	original	chain_gloss	summary_tables_txt	chrF2++	20.117021990298483	17.694813377192	-2.422208613106484	0.014659853401465986	87	nrefs:1|bs:100000|seed:20260915|case:mixed|eff:yes|nc:6|nw:2|space:no|version:2.6.0	1.0
qwen3	Lezgi	grammar	original	modelgloss	cheatsheet_txt	BLEU	8.757857984751361	8.367548478115973	-0.3903095066353881	0.23311766882331178	87	nrefs:1|bs:100000|seed:20260915|case:mixed|eff:no|tok:13a|smooth:exp|version:2.6.0	1.0
qwen3	Lezgi	grammar	original	modelgloss	cheatsheet_txt	chrF2++	35.59752326328836	34.58058498493556	-1.0169382783527965	0.0893391066089339	87	nrefs:1|bs:100000|seed:20260915|case:mixed|eff:yes|nc:6|nw:2|space:no|version:2.6.0	1.0
qwen3	Lezgi	grammar	original	modelgloss	summary_tables_txt	BLEU	8.309168139479048	9.613309995891663	1.304141856412615	0.08691913080869192	87	nrefs:1|bs:100000|seed:20260915|case:mixed|eff:no|tok:13a|smooth:exp|version:2.6.0	1.0
qwen3	Lezgi	grammar	original	modelgloss	summary_tables_txt	chrF2++	35.583246504767565	33.52655913216459	-2.0566873726029726	0.05090949090509095	87	nrefs:1|bs:100000|seed:20260915|case:mixed|eff:yes|nc:6|nw:2|space:no|version:2.6.0	1.0
qwen3	Lezgi	grammar	original	shot	cheatsheet_txt	BLEU	4.021255002891024	3.855910416660919	-0.1653445862301055	0.2661473385266147	87	nrefs:1|bs:100000|seed:20260915|case:mixed|eff:no|tok:13a|smooth:exp|version:2.6.0	1.0
qwen3	Lezgi	grammar	original	shot	cheatsheet_txt	chrF2++	19.468645898272985	19.68280591399238	0.21416001571939347	0.26591734082659174	87	nrefs:1|bs:100000|seed:20260915|case:mixed|eff:yes|nc:6|nw:2|space:no|version:2.6.0	1.0
qwen3	Lezgi	grammar	original	shot	summary_tables_txt	BLEU	3.5200818522631288	3.7011215407576943	0.18103968849456553	0.24853751462485374	87	nrefs:1|bs:100000|seed:20260915|case:mixed|eff:no|tok:13a|smooth:exp|version:2.6.0	1.0
qwen3	Lezgi	grammar	original	shot	summary_tables_txt	chrF2++	19.751600604525976	18.740285986170413	-1.0113146183555628	0.07496925030749693	87	nrefs:1|bs:100000|seed:20260915|case:mixed|eff:yes|nc:6|nw:2|space:no|version:2.6.0	1.0
qwen3	Natugu	grammar	original	chain_gloss	cheatsheet_txt	BLEU	3.352103900444332	3.0539134202609635	-0.2981904801833686	0.24493755062449377	99	nrefs:1|bs:100000|seed:20260915|case:mixed|eff:no|tok:13a|smooth:exp|version:2.6.0	1.0
qwen3	Natugu	grammar	original	chain_gloss	cheatsheet_txt	chrF2++	20.015595080673776	18.55095047676916	-1.4646446039046168	0.02937970620293797	99	nrefs:1|bs:100000|seed:20260915|case:mixed|eff:yes|nc:6|nw:2|space:no|version:2.6.0	1.0
qwen3	Natugu	grammar	original	chain_gloss	summary_tables_txt	BLEU	3.7598524475484427	2.678332139178793	-1.0815203083696496	0.08866911330886691	99	nrefs:1|bs:100000|seed:20260915|case:mixed|eff:no|tok:13a|smooth:exp|version:2.6.0	1.0
qwen3	Natugu	grammar	original	chain_gloss	summary_tables_txt	chrF2++	19.531649008711955	17.506466001370747	-2.0251830073412087	0.004489955100448996	99	nrefs:1|bs:100000|seed:20260915|case:mixed|eff:yes|nc:6|nw:2|space:no|version:2.6.0	0.8935010649893501
qwen3	Natugu	grammar	original	modelgloss	cheatsheet_txt	BLEU	13.519861594161357	13.430221464302452	-0.08964012985890513	0.3828861711382886	99	nrefs:1|bs:100000|seed:20260915|case:mixed|eff:no|tok:13a|smooth:exp|version:2.6.0	1.0
qwen3	Natugu	grammar	original	modelgloss	cheatsheet_txt	chrF2++	38.80059241144737	38.31561365149984	-0.4849787599475306	0.18744812551874482	99	nrefs:1|bs:100000|seed:20260915|case:mixed|eff:yes|nc:6|nw:2|space:no|version:2.6.0	1.0
qwen3	Natugu	grammar	original	modelgloss	summary_tables_txt	BLEU	15.05837559284503	13.007966980950451	-2.0504086118945786	0.04452955470445295	99	nrefs:1|bs:100000|seed:20260915|case:mixed|eff:no|tok:13a|smooth:exp|version:2.6.0	1.0
qwen3	Natugu	grammar	original	modelgloss	summary_tables_txt	chrF2++	40.211738894114575	38.07052468663926	-2.141214207475315	0.004909950900490995	99	nrefs:1|bs:100000|seed:20260915|case:mixed|eff:yes|nc:6|nw:2|space:no|version:2.6.0	0.972170278297217
qwen3	Natugu	grammar	original	shot	cheatsheet_txt	BLEU	2.750177579092955	1.7356071585836352	-1.0145704205093196	0.07299927000729993	99	nrefs:1|bs:100000|seed:20260915|case:mixed|eff:no|tok:13a|smooth:exp|version:2.6.0	1.0
qwen3	Natugu	grammar	original	shot	cheatsheet_txt	chrF2++	19.570209658728956	19.242701598768143	-0.3275080599608131	0.2115078849211508	99	nrefs:1|bs:100000|seed:20260915|case:mixed|eff:yes|nc:6|nw:2|space:no|version:2.6.0	1.0
qwen3	Natugu	grammar	original	shot	summary_tables_txt	BLEU	2.9375502856019717	2.451044091109798	-0.4865061944921738	0.1002389976100239	99	nrefs:1|bs:100000|seed:20260915|case:mixed|eff:no|tok:13a|smooth:exp|version:2.6.0	1.0
qwen3	Natugu	grammar	original	shot	summary_tables_txt	chrF2++	20.2628137888173	18.828013398950176	-1.4348003898671244	0.006539934600653993	99	nrefs:1|bs:100000|seed:20260915|case:mixed|eff:yes|nc:6|nw:2|space:no|version:2.6.0	1.0
qwen3	Tsez	grammar	original	chain_gloss	cheatsheet_txt	BLEU	1.4360759182151468	1.0265210295664553	-0.4095548886486915	0.04167958320416796	445	nrefs:1|bs:100000|seed:20260915|case:mixed|eff:no|tok:13a|smooth:exp|version:2.6.0	1.0
qwen3	Tsez	grammar	original	chain_gloss	cheatsheet_txt	chrF2++	16.488402015850046	12.956869430910567	-3.5315325849394785	9.99990000099999e-06	445	nrefs:1|bs:100000|seed:20260915|case:mixed|eff:yes|nc:6|nw:2|space:no|version:2.6.0	0.002159978400215998
qwen3	Tsez	grammar	original	chain_gloss	summary_tables_txt	BLEU	1.5749119906795086	1.2144684058271231	-0.3604435848523855	0.04908950910490895	445	nrefs:1|bs:100000|seed:20260915|case:mixed|eff:no|tok:13a|smooth:exp|version:2.6.0	1.0
qwen3	Tsez	grammar	original	chain_gloss	summary_tables_txt	chrF2++	16.48258264074809	13.919395511342596	-2.5631871294054953	9.99990000099999e-06	445	nrefs:1|bs:100000|seed:20260915|case:mixed|eff:yes|nc:6|nw:2|space:no|version:2.6.0	0.002159978400215998
qwen3	Tsez	grammar	original	modelgloss	cheatsheet_txt	BLEU	11.172732867392055	11.026625981472206	-0.1461068859198491	0.2763872361276387	445	nrefs:1|bs:100000|seed:20260915|case:mixed|eff:no|tok:13a|smooth:exp|version:2.6.0	1.0
qwen3	Tsez	grammar	original	modelgloss	cheatsheet_txt	chrF2++	38.883181573547496	38.340395795442404	-0.5427857781050918	0.06068939310606894	445	nrefs:1|bs:100000|seed:20260915|case:mixed|eff:yes|nc:6|nw:2|space:no|version:2.6.0	1.0
qwen3	Tsez	grammar	original	modelgloss	summary_tables_txt	BLEU	11.613715724628594	11.850040070014966	0.2363243453863717	0.2230577694223058	445	nrefs:1|bs:100000|seed:20260915|case:mixed|eff:no|tok:13a|smooth:exp|version:2.6.0	1.0
qwen3	Tsez	grammar	original	modelgloss	summary_tables_txt	chrF2++	38.911828605246036	38.87867602743517	-0.033152577810867	0.3756762432375676	445	nrefs:1|bs:100000|seed:20260915|case:mixed|eff:yes|nc:6|nw:2|space:no|version:2.6.0	1.0
qwen3	Tsez	grammar	original	shot	cheatsheet_txt	BLEU	2.1774267335296016	1.9475165287790477	-0.2299102047505539	0.15272847271527284	445	nrefs:1|bs:100000|seed:20260915|case:mixed|eff:no|tok:13a|smooth:exp|version:2.6.0	1.0
qwen3	Tsez	grammar	original	shot	cheatsheet_txt	chrF2++	18.325434985891395	17.8631230985719	-0.462311887319494	0.05005949940500595	445	nrefs:1|bs:100000|seed:20260915|case:mixed|eff:yes|nc:6|nw:2|space:no|version:2.6.0	1.0
qwen3	Tsez	grammar	original	shot	summary_tables_txt	BLEU	2.216551322127618	2.0451023499629137	-0.17144897216470412	0.19338806611933881	445	nrefs:1|bs:100000|seed:20260915|case:mixed|eff:no|tok:13a|smooth:exp|version:2.6.0	1.0
qwen3	Tsez	grammar	original	shot	summary_tables_txt	chrF2++	18.68158920213612	18.08198341189533	-0.5996057902407905	0.014999850001499985	445	nrefs:1|bs:100000|seed:20260915|case:mixed|eff:yes|nc:6|nw:2|space:no|version:2.6.0	1.0
