id	model	language	records	expected	empty	truncated	lexical	xcomet_xl	xcomet_xxl	results	results_sha256
qwen3_gitksan_grammar_original_modelgloss_baseline_s20260910_t512	qwen3	Gitksan	37	37	0	0	verified	verified	verified	results/qwen3_gitksan_grammar_original_modelgloss_baseline_s20260910_t512.jsonl	e514a52e28be99d0ad2287f1cbb620ab2f3ff5ef7f40fa6b0a8afe3eb245dd87
qwen3_gitksan_grammar_original_modelgloss_baseline_s20260910_t512_oracle	qwen3	Gitksan	37	37	0	0	verified	verified	verified	results/qwen3_gitksan_grammar_original_modelgloss_baseline_s20260910_t512_oracle.jsonl	ba626342f6d92d512a69ff891547c5d892bcad719d2e7c0493a9a864de9f22df
qwen3_gitksan_grammar_original_chain_gloss_baseline_s20260910_t512	qwen3	Gitksan	37	37	1	1	verified	verified	verified	results/qwen3_gitksan_grammar_original_chain_gloss_baseline_s20260910_t512.jsonl	c5a066803e8bbace02cd2da5608da51d3a320d54d23715da8b019ebba4dad4ac
qwen3_gitksan_grammar_original_chain_gloss_baseline_s20260910_t1024	qwen3	Gitksan	37	37	1	1	verified	verified	verified	results/qwen3_gitksan_grammar_original_chain_gloss_baseline_s20260910_t1024.jsonl	4a54321d9af0c38487a297869f449f953bcdba5894319e18016453c5e0296fe0
qwen3_lezgi_grammar_original_modelgloss_baseline_s20260910_t512	qwen3	Lezgi	87	87	0	0	verified	verified	verified	results/qwen3_lezgi_grammar_original_modelgloss_baseline_s20260910_t512.jsonl	d451c78a65a9604214cdc0c8bf84fb078e01863f5ddf7c950e406a060dba5844
qwen3_lezgi_grammar_original_modelgloss_baseline_s20260910_t512_oracle	qwen3	Lezgi	87	87	0	0	verified	verified	verified	results/qwen3_lezgi_grammar_original_modelgloss_baseline_s20260910_t512_oracle.jsonl	7f594c0b7d9ff3c202c3d3b9b628bbdc2a01ac71aefa7085d451f4b6fa0407a2
qwen3_lezgi_grammar_original_chain_gloss_baseline_s20260910_t512	qwen3	Lezgi	87	87	1	1	verified	verified	verified	results/qwen3_lezgi_grammar_original_chain_gloss_baseline_s20260910_t512.jsonl	d2b2fd6d858e79babd5d73a12aac4452dd13fb557fa0cf6f9d24136e5a336861
qwen3_lezgi_grammar_original_chain_gloss_baseline_s20260910_t1024	qwen3	Lezgi	87	87	1	1	verified	verified	verified	results/qwen3_lezgi_grammar_original_chain_gloss_baseline_s20260910_t1024.jsonl	24fe0b0c11c87db1eaf033f73cd3c747741bc9b0c5db4c59abe31b2d026f492a
qwen3_natugu_grammar_original_modelgloss_baseline_s20260910_t512	qwen3	Natugu	99	99	0	0	verified	verified	verified	results/qwen3_natugu_grammar_original_modelgloss_baseline_s20260910_t512.jsonl	d18279dde9e43fdb80c0933985832d4c93c95072dfef461e0341f0ec0269a8ec
qwen3_natugu_grammar_original_modelgloss_baseline_s20260910_t512_oracle	qwen3	Natugu	99	99	0	0	verified	verified	verified	results/qwen3_natugu_grammar_original_modelgloss_baseline_s20260910_t512_oracle.jsonl	2ebef0c0039365338182c9cb83a8968166278a0959106eb06f1db75ea06ab36b
qwen3_natugu_grammar_original_chain_gloss_baseline_s20260910_t512	qwen3	Natugu	99	99	3	3	verified	verified	verified	results/qwen3_natugu_grammar_original_chain_gloss_baseline_s20260910_t512.jsonl	6cacc2d789c654692ed803d5d244d15c1493b8fd988bc32dd5969edea992e871
qwen3_natugu_grammar_original_chain_gloss_baseline_s20260910_t1024	qwen3	Natugu	99	99	3	3	verified	verified	verified	results/qwen3_natugu_grammar_original_chain_gloss_baseline_s20260910_t1024.jsonl	62c5f71eb77895b1b7d2c2ddca515a2d73dfe99f400548bf93d91391e6877924
qwen3_tsez_grammar_original_modelgloss_baseline_s20260910_t512	qwen3	Tsez	445	445	0	0	verified	verified	verified	results/qwen3_tsez_grammar_original_modelgloss_baseline_s20260910_t512.jsonl	d08cc93938d16b83426895bf09cce4abea5a1b810422aa0601cf69442a976b77
qwen3_tsez_grammar_original_modelgloss_baseline_s20260910_t512_oracle	qwen3	Tsez	445	445	0	0	verified	verified	verified	results/qwen3_tsez_grammar_original_modelgloss_baseline_s20260910_t512_oracle.jsonl	fecc30849ab5afd1ea7e57c16605f57e0f92c402ee6b3eec79f83d1686411eb1
qwen3_tsez_grammar_original_chain_gloss_baseline_s20260910_t512	qwen3	Tsez	445	445	35	35	verified	verified	verified	results/qwen3_tsez_grammar_original_chain_gloss_baseline_s20260910_t512.jsonl	d2d314767ff2b2de839ddb41b811682700b9f12c2d0b6f76a544bf354b467d6c
qwen3_tsez_grammar_original_chain_gloss_baseline_s20260910_t1024	qwen3	Tsez	445	445	34	34	verified	verified	verified	results/qwen3_tsez_grammar_original_chain_gloss_baseline_s20260910_t1024.jsonl	1a309678e31c82290316c0d1fe45d868663e9896fda02bc4c0c96a595c88d4f2
qwen3_gitksan_grammar_original_shot_baseline_s20260910_t512	qwen3	Gitksan	37	37	0	0	verified	verified	verified	results/qwen3_gitksan_grammar_original_shot_baseline_s20260910_t512.jsonl	e125e858a787e6dd524a707ce52dae376f39cb90d35993ff8fe449d605741d99
qwen3_gitksan_pdf1_brown_original_shot_cheatsheet_txt_s20260910_t512	qwen3	Gitksan	37	37	0	0	verified	verified	verified	results/qwen3_gitksan_pdf1_brown_original_shot_cheatsheet_txt_s20260910_t512.jsonl	c1df1888e1a568ef50ad7267f4be07c28be5d1a10bc046b6130e5643482964a3
qwen3_gitksan_grammar_original_shot_baseline_s20260925_t512	qwen3	Gitksan	37	37	0	0	verified	verified	verified	results/qwen3_gitksan_grammar_original_shot_baseline_s20260925_t512.jsonl	e3a20e35f2a5493f0ac36ddc8505930052a4ef88f3dd96fbfa7c9b159117f15a
qwen3_gitksan_pdf1_brown_original_shot_cheatsheet_txt_s20260925_t512	qwen3	Gitksan	37	37	0	0	verified	verified	verified	results/qwen3_gitksan_pdf1_brown_original_shot_cheatsheet_txt_s20260925_t512.jsonl	73df670af50420128b428a42500c66d671419b6c276306b30b831cdee01ecdca
qwen3_gitksan_grammar_original_shot_baseline_s20261001_t512	qwen3	Gitksan	37	37	0	0	verified	verified	verified	results/qwen3_gitksan_grammar_original_shot_baseline_s20261001_t512.jsonl	c0ac79e689d36a5afe9386a2b0f0894282f747a29d58bd124ac0f37ea1fc498a
qwen3_gitksan_pdf1_brown_original_shot_cheatsheet_txt_s20261001_t512	qwen3	Gitksan	37	37	0	0	verified	verified	verified	results/qwen3_gitksan_pdf1_brown_original_shot_cheatsheet_txt_s20261001_t512.jsonl	5dd9801ba2b8329f2506bb816995abd81c323811662fa0db402bd91c68decb61
qwen3_lezgi_grammar_original_chain_gloss_cheatsheet_txt_s20260910_t512	qwen3	Lezgi	87	87	0	0	verified	verified	verified	results/qwen3_lezgi_grammar_original_chain_gloss_cheatsheet_txt_s20260910_t512.jsonl	dd0de2b3fcb445bdc8ef3c73e4cd0b423721ed85313a7564c0356ae47c1d1873
qwen3_lezgi_grammar_original_chain_gloss_baseline_s20260925_t512	qwen3	Lezgi	87	87	2	2	verified	verified	verified	results/qwen3_lezgi_grammar_original_chain_gloss_baseline_s20260925_t512.jsonl	a03cb525669cbbe5fab3297479d6a9f448bd30b4284d7ba38e09d1ef2f9c9cbe
qwen3_lezgi_grammar_original_chain_gloss_cheatsheet_txt_s20260925_t512	qwen3	Lezgi	87	87	1	1	verified	verified	verified	results/qwen3_lezgi_grammar_original_chain_gloss_cheatsheet_txt_s20260925_t512.jsonl	6b2c78cd1038aece7e9acb62fd8d53487ef2d4852d4c390c0f5692ad53377de4
qwen3_lezgi_grammar_original_chain_gloss_baseline_s20261001_t512	qwen3	Lezgi	87	87	0	0	verified	verified	verified	results/qwen3_lezgi_grammar_original_chain_gloss_baseline_s20261001_t512.jsonl	53df335bfe2e8104f1447815804185ed03aeabb2f55cc5da08cda32d1aff2a71
qwen3_lezgi_grammar_original_chain_gloss_cheatsheet_txt_s20261001_t512	qwen3	Lezgi	87	87	0	0	verified	verified	verified	results/qwen3_lezgi_grammar_original_chain_gloss_cheatsheet_txt_s20261001_t512.jsonl	29a16b26b0af91dbe6c0b80d789fbca003994fa2b4b1286ed96fe3b71478a7eb
qwen3_natugu_grammar_original_modelgloss_cheatsheet_jpg_s20260910_t512	qwen3	Natugu	99	99	0	0	verified	verified	verified	results/qwen3_natugu_grammar_original_modelgloss_cheatsheet_jpg_s20260910_t512.jsonl	21ac33df7f7485eef4b7884bd57a269668ba0adefc797db6243026afef1b6742
qwen3_natugu_grammar_original_modelgloss_baseline_s20260925_t512	qwen3	Natugu	99	99	0	0	verified	verified	verified	results/qwen3_natugu_grammar_original_modelgloss_baseline_s20260925_t512.jsonl	a3e4ee5812857dda9090b55476078241e6790965fabad8a54d15358fb8f24d3c
qwen3_natugu_grammar_original_modelgloss_cheatsheet_jpg_s20260925_t512	qwen3	Natugu	99	99	0	0	verified	verified	verified	results/qwen3_natugu_grammar_original_modelgloss_cheatsheet_jpg_s20260925_t512.jsonl	4d81106499aca41205fd4445f4d5eb885c26f6f5d784c8ef9de238b531e7bc31
qwen3_natugu_grammar_original_modelgloss_baseline_s20261001_t512	qwen3	Natugu	99	99	0	0	verified	verified	verified	results/qwen3_natugu_grammar_original_modelgloss_baseline_s20261001_t512.jsonl	b0d9edbd1a293693512e4598a00149737313b04ac3ae01a330e3054075423087
qwen3_natugu_grammar_original_modelgloss_cheatsheet_jpg_s20261001_t512	qwen3	Natugu	99	99	0	0	verified	verified	verified	results/qwen3_natugu_grammar_original_modelgloss_cheatsheet_jpg_s20261001_t512.jsonl	99a70686e50161e837cde789812208f2dd9d5d75bebe8224aec3fa67bd8b9cc6
qwen3_tsez_grammar_original_chain_gloss_summary_text_txt_s20260910_t512	qwen3	Tsez	445	445	22	22	verified	verified	verified	results/qwen3_tsez_grammar_original_chain_gloss_summary_text_txt_s20260910_t512.jsonl	544aa17cff3b3d4c3c80d8891f9af7a376aada87040917bbfb987c73c3e237a5
qwen3_tsez_grammar_original_chain_gloss_baseline_s20260925_t512	qwen3	Tsez	445	445	25	25	verified	verified	verified	results/qwen3_tsez_grammar_original_chain_gloss_baseline_s20260925_t512.jsonl	bc47fa84fd6ed0b036125661636e6f343a1e1620ace4e72ca897f5bb202ceedb
qwen3_tsez_grammar_original_chain_gloss_summary_text_txt_s20260925_t512	qwen3	Tsez	445	445	23	23	verified	verified	verified	results/qwen3_tsez_grammar_original_chain_gloss_summary_text_txt_s20260925_t512.jsonl	a15b2646dd60b96847a80b29d468b4267d4eafdaeedadfa8c1afcbd983630883
qwen3_tsez_grammar_original_chain_gloss_baseline_s20261001_t512	qwen3	Tsez	445	445	22	22	verified	verified	verified	results/qwen3_tsez_grammar_original_chain_gloss_baseline_s20261001_t512.jsonl	1bcea7c02df24f3af5b8db6c86aebe40eae1f99af4111c4f104f54716f63eba7
qwen3_tsez_grammar_original_chain_gloss_summary_text_txt_s20261001_t512	qwen3	Tsez	445	445	18	18	verified	verified	verified	results/qwen3_tsez_grammar_original_chain_gloss_summary_text_txt_s20261001_t512.jsonl	8985a28882876d81adde8be4c943cc8256508fecb47c7679e3f8de4a4aa78920
