id	model	language	source	variant	method	material	records	errors	bleu	chrf
qwen3_gitksan_pdf1_brown_original_shot_cheatsheet_jpg	qwen3	Gitksan	pdf1_brown	original	shot	cheatsheet_jpg	37	0	3.1276522055122404	23.419398348137133
qwen3_gitksan_pdf1_brown_original_chain_gloss_cheatsheet_jpg	qwen3	Gitksan	pdf1_brown	original	chain_gloss	cheatsheet_jpg	37	0	4.314815647498041	24.50495584003591
qwen3_gitksan_pdf1_brown_original_modelgloss_cheatsheet_jpg	qwen3	Gitksan	pdf1_brown	original	modelgloss	cheatsheet_jpg	37	0	12.544816174108712	43.47410462059852
qwen3_gitksan_pdf1_brown_original_shot_cheatsheet_txt	qwen3	Gitksan	pdf1_brown	original	shot	cheatsheet_txt	37	0	4.059103338180443	23.398408744220315
qwen3_gitksan_pdf1_brown_original_chain_gloss_cheatsheet_txt	qwen3	Gitksan	pdf1_brown	original	chain_gloss	cheatsheet_txt	37	0	4.871060719669748	22.62310697572331
qwen3_gitksan_pdf1_brown_original_modelgloss_cheatsheet_txt	qwen3	Gitksan	pdf1_brown	original	modelgloss	cheatsheet_txt	37	0	14.334342477148656	46.04589102040042
qwen3_gitksan_pdf1_brown_original_shot_pdfpages_impactful_jpg	qwen3	Gitksan	pdf1_brown	original	shot	pdfpages_impactful_jpg	37	0	3.5815176595489833	21.446305312140645
qwen3_gitksan_pdf1_brown_original_chain_gloss_pdfpages_impactful_jpg	qwen3	Gitksan	pdf1_brown	original	chain_gloss	pdfpages_impactful_jpg	37	1	3.243635765062171	22.974235186874683
qwen3_gitksan_pdf1_brown_original_modelgloss_pdfpages_impactful_jpg	qwen3	Gitksan	pdf1_brown	original	modelgloss	pdfpages_impactful_jpg	37	0	12.874331196901743	41.98040586288012
qwen3_gitksan_pdf1_brown_original_shot_summary_tables_jpg	qwen3	Gitksan	pdf1_brown	original	shot	summary_tables_jpg	37	0	3.1898963120755033	22.59212610482968
qwen3_gitksan_pdf1_brown_original_chain_gloss_summary_tables_jpg	qwen3	Gitksan	pdf1_brown	original	chain_gloss	summary_tables_jpg	37	0	4.098662556160234	25.22554159348122
qwen3_gitksan_pdf1_brown_original_modelgloss_summary_tables_jpg	qwen3	Gitksan	pdf1_brown	original	modelgloss	summary_tables_jpg	37	0	12.523258736246467	44.64180180597824
qwen3_gitksan_pdf1_brown_original_shot_summary_tables_txt	qwen3	Gitksan	pdf1_brown	original	shot	summary_tables_txt	37	0	4.537852409426151	24.889541584802963
qwen3_gitksan_pdf1_brown_original_chain_gloss_summary_tables_txt	qwen3	Gitksan	pdf1_brown	original	chain_gloss	summary_tables_txt	37	0	4.338562051864371	23.586414682259935
qwen3_gitksan_pdf1_brown_original_modelgloss_summary_tables_txt	qwen3	Gitksan	pdf1_brown	original	modelgloss	summary_tables_txt	37	0	15.529468909543747	45.63719292586266
qwen3_gitksan_pdf1_brown_original_shot_summary_text_txt	qwen3	Gitksan	pdf1_brown	original	shot	summary_text_txt	37	0	4.744188402167146	23.768081127926443
qwen3_gitksan_pdf1_brown_original_chain_gloss_summary_text_txt	qwen3	Gitksan	pdf1_brown	original	chain_gloss	summary_text_txt	37	0	4.713250543146406	23.053759409834736
qwen3_gitksan_pdf1_brown_original_modelgloss_summary_text_txt	qwen3	Gitksan	pdf1_brown	original	modelgloss	summary_text_txt	37	0	14.05168420233275	45.43417402131116
qwen3_gitksan_pdf2_rigsby_original_shot_cheatsheet_jpg	qwen3	Gitksan	pdf2_rigsby	original	shot	cheatsheet_jpg	37	0	3.512747415232478	23.012616877348442
qwen3_gitksan_pdf2_rigsby_original_chain_gloss_cheatsheet_jpg	qwen3	Gitksan	pdf2_rigsby	original	chain_gloss	cheatsheet_jpg	37	0	4.903468468288813	23.801759244601993
qwen3_gitksan_pdf2_rigsby_original_modelgloss_cheatsheet_jpg	qwen3	Gitksan	pdf2_rigsby	original	modelgloss	cheatsheet_jpg	37	0	13.990707314744673	44.0137310679639
qwen3_gitksan_pdf2_rigsby_original_shot_cheatsheet_txt	qwen3	Gitksan	pdf2_rigsby	original	shot	cheatsheet_txt	37	0	4.108492080623356	23.096590379617467
qwen3_gitksan_pdf2_rigsby_original_chain_gloss_cheatsheet_txt	qwen3	Gitksan	pdf2_rigsby	original	chain_gloss	cheatsheet_txt	37	0	4.1581526269788585	24.031883047047863
qwen3_gitksan_pdf2_rigsby_original_modelgloss_cheatsheet_txt	qwen3	Gitksan	pdf2_rigsby	original	modelgloss	cheatsheet_txt	37	0	15.12137427386775	45.16215127351881
qwen3_gitksan_pdf2_rigsby_original_shot_pdfpages_impactful_jpg	qwen3	Gitksan	pdf2_rigsby	original	shot	pdfpages_impactful_jpg	37	0	3.254106189802404	23.14611163551369
qwen3_gitksan_pdf2_rigsby_original_chain_gloss_pdfpages_impactful_jpg	qwen3	Gitksan	pdf2_rigsby	original	chain_gloss	pdfpages_impactful_jpg	37	0	4.97474035090545	23.718035884476738
qwen3_gitksan_pdf2_rigsby_original_modelgloss_pdfpages_impactful_jpg	qwen3	Gitksan	pdf2_rigsby	original	modelgloss	pdfpages_impactful_jpg	37	0	14.098334698271177	43.45422906485403
qwen3_gitksan_pdf2_rigsby_original_shot_summary_tables_jpg	qwen3	Gitksan	pdf2_rigsby	original	shot	summary_tables_jpg	37	0	3.196407336307131	22.56364347569176
qwen3_gitksan_pdf2_rigsby_original_chain_gloss_summary_tables_jpg	qwen3	Gitksan	pdf2_rigsby	original	chain_gloss	summary_tables_jpg	37	0	5.4430396676594786	24.20824080166998
qwen3_gitksan_pdf2_rigsby_original_modelgloss_summary_tables_jpg	qwen3	Gitksan	pdf2_rigsby	original	modelgloss	summary_tables_jpg	37	0	14.745193760188842	44.49733130514384
qwen3_gitksan_pdf2_rigsby_original_shot_summary_tables_txt	qwen3	Gitksan	pdf2_rigsby	original	shot	summary_tables_txt	37	0	4.516207825558102	24.190755282784796
qwen3_gitksan_pdf2_rigsby_original_chain_gloss_summary_tables_txt	qwen3	Gitksan	pdf2_rigsby	original	chain_gloss	summary_tables_txt	37	0	4.557289312864034	24.369519195887833
qwen3_gitksan_pdf2_rigsby_original_modelgloss_summary_tables_txt	qwen3	Gitksan	pdf2_rigsby	original	modelgloss	summary_tables_txt	37	0	14.997414219933194	44.858069448143134
qwen3_gitksan_pdf2_rigsby_original_shot_summary_text_txt	qwen3	Gitksan	pdf2_rigsby	original	shot	summary_text_txt	37	0	4.656075526991309	23.753893157779444
qwen3_gitksan_pdf2_rigsby_original_chain_gloss_summary_text_txt	qwen3	Gitksan	pdf2_rigsby	original	chain_gloss	summary_text_txt	37	0	4.8594747955707005	24.804751965803952
qwen3_gitksan_pdf2_rigsby_original_modelgloss_summary_text_txt	qwen3	Gitksan	pdf2_rigsby	original	modelgloss	summary_text_txt	37	0	14.774312384089585	44.16836532792347
qwen3_lezgi_grammar_cyrillic_shot_cheatsheet_jpg	qwen3	Lezgi	grammar	cyrillic	shot	cheatsheet_jpg	87	1	7.991641576128116	21.404237287413547
qwen3_lezgi_grammar_cyrillic_chain_gloss_cheatsheet_jpg	qwen3	Lezgi	grammar	cyrillic	chain_gloss	cheatsheet_jpg	87	1	7.2502606629900646	19.582343123173835
qwen3_lezgi_grammar_cyrillic_modelgloss_cheatsheet_jpg	qwen3	Lezgi	grammar	cyrillic	modelgloss	cheatsheet_jpg	87	1	12.813203304058987	34.75807740613387
qwen3_lezgi_grammar_cyrillic_shot_cheatsheet_txt	qwen3	Lezgi	grammar	cyrillic	shot	cheatsheet_txt	87	0	7.836965360764149	21.76891383692432
qwen3_lezgi_grammar_cyrillic_chain_gloss_cheatsheet_txt	qwen3	Lezgi	grammar	cyrillic	chain_gloss	cheatsheet_txt	87	1	6.91038018248456	21.42661704966545
qwen3_lezgi_grammar_cyrillic_modelgloss_cheatsheet_txt	qwen3	Lezgi	grammar	cyrillic	modelgloss	cheatsheet_txt	87	0	12.689999340831555	36.0730608677153
qwen3_lezgi_grammar_cyrillic_shot_summary_tables_jpg	qwen3	Lezgi	grammar	cyrillic	shot	summary_tables_jpg	87	0	7.358039299490329	21.13136979403918
qwen3_lezgi_grammar_cyrillic_chain_gloss_summary_tables_jpg	qwen3	Lezgi	grammar	cyrillic	chain_gloss	summary_tables_jpg	87	0	7.5237060660442285	21.41831513132513
qwen3_lezgi_grammar_cyrillic_modelgloss_summary_tables_jpg	qwen3	Lezgi	grammar	cyrillic	modelgloss	summary_tables_jpg	87	0	12.421777315740606	34.96893967453127
qwen3_lezgi_grammar_cyrillic_shot_summary_tables_txt	qwen3	Lezgi	grammar	cyrillic	shot	summary_tables_txt	87	0	7.964825791383657	22.018536808860617
qwen3_lezgi_grammar_cyrillic_chain_gloss_summary_tables_txt	qwen3	Lezgi	grammar	cyrillic	chain_gloss	summary_tables_txt	87	0	7.7569779994960895	21.582537599490177
qwen3_lezgi_grammar_cyrillic_modelgloss_summary_tables_txt	qwen3	Lezgi	grammar	cyrillic	modelgloss	summary_tables_txt	87	0	12.310553398016486	36.3065463511083
qwen3_lezgi_grammar_cyrillic_shot_summary_text_txt	qwen3	Lezgi	grammar	cyrillic	shot	summary_text_txt	87	0	7.431008413908101	21.93365284893426
qwen3_lezgi_grammar_cyrillic_chain_gloss_summary_text_txt	qwen3	Lezgi	grammar	cyrillic	chain_gloss	summary_text_txt	87	1	6.95977156583439	21.45719977709764
qwen3_lezgi_grammar_cyrillic_modelgloss_summary_text_txt	qwen3	Lezgi	grammar	cyrillic	modelgloss	summary_text_txt	87	0	11.500786271640369	37.12227372674582
qwen3_lezgi_grammar_original_shot_cheatsheet_jpg	qwen3	Lezgi	grammar	original	shot	cheatsheet_jpg	87	0	7.2991229240124005	20.962496086050542
qwen3_lezgi_grammar_original_chain_gloss_cheatsheet_jpg	qwen3	Lezgi	grammar	original	chain_gloss	cheatsheet_jpg	87	1	7.201533904859535	22.10796429125395
qwen3_lezgi_grammar_original_modelgloss_cheatsheet_jpg	qwen3	Lezgi	grammar	original	modelgloss	cheatsheet_jpg	87	0	12.304647642387561	34.80143519182338
qwen3_lezgi_grammar_original_shot_cheatsheet_txt	qwen3	Lezgi	grammar	original	shot	cheatsheet_txt	87	0	8.049995071976387	21.75927308185918
qwen3_lezgi_grammar_original_chain_gloss_cheatsheet_txt	qwen3	Lezgi	grammar	original	chain_gloss	cheatsheet_txt	87	0	7.507053938103359	21.544454278608175
qwen3_lezgi_grammar_original_modelgloss_cheatsheet_txt	qwen3	Lezgi	grammar	original	modelgloss	cheatsheet_txt	87	0	12.860394091135031	35.671972693803724
qwen3_lezgi_grammar_original_shot_pdfpages_impactful_jpg	qwen3	Lezgi	grammar	original	shot	pdfpages_impactful_jpg	87	0	6.576371662587547	20.600797861535757
qwen3_lezgi_grammar_original_chain_gloss_pdfpages_impactful_jpg	qwen3	Lezgi	grammar	original	chain_gloss	pdfpages_impactful_jpg	87	0	7.171243533367821	20.12985697911946
qwen3_lezgi_grammar_original_modelgloss_pdfpages_impactful_jpg	qwen3	Lezgi	grammar	original	modelgloss	pdfpages_impactful_jpg	87	0	12.458494698751954	34.995616104969145
qwen3_lezgi_grammar_original_shot_summary_tables_jpg	qwen3	Lezgi	grammar	original	shot	summary_tables_jpg	87	0	7.677631812369116	21.25674284220686
qwen3_lezgi_grammar_original_chain_gloss_summary_tables_jpg	qwen3	Lezgi	grammar	original	chain_gloss	summary_tables_jpg	87	3	7.130068399683339	20.63251739342456
qwen3_lezgi_grammar_original_modelgloss_summary_tables_jpg	qwen3	Lezgi	grammar	original	modelgloss	summary_tables_jpg	87	0	12.037111133359264	34.433243287720316
qwen3_lezgi_grammar_original_shot_summary_tables_txt	qwen3	Lezgi	grammar	original	shot	summary_tables_txt	87	0	8.291356359824823	22.114617056333856
qwen3_lezgi_grammar_original_chain_gloss_summary_tables_txt	qwen3	Lezgi	grammar	original	chain_gloss	summary_tables_txt	87	1	8.097611824526421	21.827663838276056
qwen3_lezgi_grammar_original_modelgloss_summary_tables_txt	qwen3	Lezgi	grammar	original	modelgloss	summary_tables_txt	87	0	12.281103838324986	36.03943330550561
qwen3_lezgi_grammar_original_shot_summary_text_txt	qwen3	Lezgi	grammar	original	shot	summary_text_txt	87	0	7.635874428059205	21.606764444650693
qwen3_lezgi_grammar_original_chain_gloss_summary_text_txt	qwen3	Lezgi	grammar	original	chain_gloss	summary_text_txt	87	0	7.17150794327627	21.30036630011927
qwen3_lezgi_grammar_original_modelgloss_summary_text_txt	qwen3	Lezgi	grammar	original	modelgloss	summary_text_txt	87	0	10.539574504196885	35.648915825081914
qwen3_natugu_grammar_original_shot_cheatsheet_jpg	qwen3	Natugu	grammar	original	shot	cheatsheet_jpg	99	0	2.7563833028217726	18.7856368818892
qwen3_natugu_grammar_original_chain_gloss_cheatsheet_jpg	qwen3	Natugu	grammar	original	chain_gloss	cheatsheet_jpg	99	1	2.5499177860787126	18.284685984954937
qwen3_natugu_grammar_original_modelgloss_cheatsheet_jpg	qwen3	Natugu	grammar	original	modelgloss	cheatsheet_jpg	99	0	11.355046355833677	36.822816575041664
qwen3_natugu_grammar_original_shot_cheatsheet_txt	qwen3	Natugu	grammar	original	shot	cheatsheet_txt	99	0	3.0428156398465154	19.156749667545693
qwen3_natugu_grammar_original_chain_gloss_cheatsheet_txt	qwen3	Natugu	grammar	original	chain_gloss	cheatsheet_txt	99	0	4.177692876773315	20.094961564826317
qwen3_natugu_grammar_original_modelgloss_cheatsheet_txt	qwen3	Natugu	grammar	original	modelgloss	cheatsheet_txt	99	0	13.351906194838264	38.294975528475675
qwen3_natugu_grammar_original_shot_pdfpages_impactful_jpg	qwen3	Natugu	grammar	original	shot	pdfpages_impactful_jpg	99	0	2.5148550056748045	18.462561927643428
qwen3_natugu_grammar_original_chain_gloss_pdfpages_impactful_jpg	qwen3	Natugu	grammar	original	chain_gloss	pdfpages_impactful_jpg	99	1	2.9599370229928224	17.74399122510577
qwen3_natugu_grammar_original_modelgloss_pdfpages_impactful_jpg	qwen3	Natugu	grammar	original	modelgloss	pdfpages_impactful_jpg	99	0	11.649057577332998	36.356305390411244
qwen3_natugu_grammar_original_shot_summary_tables_jpg	qwen3	Natugu	grammar	original	shot	summary_tables_jpg	99	0	2.5933440370114336	18.463907503252745
qwen3_natugu_grammar_original_chain_gloss_summary_tables_jpg	qwen3	Natugu	grammar	original	chain_gloss	summary_tables_jpg	99	3	3.042041904551163	17.973160198107305
qwen3_natugu_grammar_original_modelgloss_summary_tables_jpg	qwen3	Natugu	grammar	original	modelgloss	summary_tables_jpg	99	0	12.324748136821137	36.66311228686503
qwen3_natugu_grammar_original_shot_summary_tables_txt	qwen3	Natugu	grammar	original	shot	summary_tables_txt	99	0	2.790110220716468	19.520859586473442
qwen3_natugu_grammar_original_chain_gloss_summary_tables_txt	qwen3	Natugu	grammar	original	chain_gloss	summary_tables_txt	99	1	4.080832760792544	19.34622867646101
qwen3_natugu_grammar_original_modelgloss_summary_tables_txt	qwen3	Natugu	grammar	original	modelgloss	summary_tables_txt	99	0	11.712277502910629	37.09504550291751
qwen3_natugu_grammar_original_shot_summary_text_txt	qwen3	Natugu	grammar	original	shot	summary_text_txt	99	1	2.090821384614574	18.50442047187057
qwen3_natugu_grammar_original_chain_gloss_summary_text_txt	qwen3	Natugu	grammar	original	chain_gloss	summary_text_txt	99	0	3.7434042114504362	19.835675570692672
qwen3_natugu_grammar_original_modelgloss_summary_text_txt	qwen3	Natugu	grammar	original	modelgloss	summary_text_txt	99	0	12.841239059088661	38.32011153727339
qwen3_tsez_grammar_original_shot_cheatsheet_jpg	qwen3	Tsez	grammar	original	shot	cheatsheet_jpg	99	0	2.565330220249171	17.86370260724629
qwen3_tsez_grammar_original_chain_gloss_cheatsheet_jpg	qwen3	Tsez	grammar	original	chain_gloss	cheatsheet_jpg	99	0	1.1218686427932654	17.433126129084417
qwen3_tsez_grammar_original_modelgloss_cheatsheet_jpg	qwen3	Tsez	grammar	original	modelgloss	cheatsheet_jpg	99	0	8.123785040746398	35.86658799777452
qwen3_tsez_grammar_original_shot_cheatsheet_txt	qwen3	Tsez	grammar	original	shot	cheatsheet_txt	99	0	1.1858267335715889	17.89866964352164
qwen3_tsez_grammar_original_chain_gloss_cheatsheet_txt	qwen3	Tsez	grammar	original	chain_gloss	cheatsheet_txt	99	0	1.5320181838916445	18.295343865436195
qwen3_tsez_grammar_original_modelgloss_cheatsheet_txt	qwen3	Tsez	grammar	original	modelgloss	cheatsheet_txt	99	0	9.23904352571495	37.5036897877601
qwen3_tsez_grammar_original_shot_pdfpages_impactful_jpg	qwen3	Tsez	grammar	original	shot	pdfpages_impactful_jpg	99	0	1.5353394252093853	16.72257347737124
qwen3_tsez_grammar_original_chain_gloss_pdfpages_impactful_jpg	qwen3	Tsez	grammar	original	chain_gloss	pdfpages_impactful_jpg	99	2	1.3716993579285746	16.711719736282284
qwen3_tsez_grammar_original_modelgloss_pdfpages_impactful_jpg	qwen3	Tsez	grammar	original	modelgloss	pdfpages_impactful_jpg	99	0	7.563632448465732	35.047346200871054
qwen3_tsez_grammar_original_shot_summary_tables_jpg	qwen3	Tsez	grammar	original	shot	summary_tables_jpg	99	0	2.2175616820342388	17.76339987507476
qwen3_tsez_grammar_original_chain_gloss_summary_tables_jpg	qwen3	Tsez	grammar	original	chain_gloss	summary_tables_jpg	99	0	1.4497170319004127	17.26398991348249
qwen3_tsez_grammar_original_modelgloss_summary_tables_jpg	qwen3	Tsez	grammar	original	modelgloss	summary_tables_jpg	99	0	8.292580507720404	35.56549208902948
qwen3_tsez_grammar_original_shot_summary_tables_txt	qwen3	Tsez	grammar	original	shot	summary_tables_txt	99	0	1.6412216583718304	17.848043703406983
qwen3_tsez_grammar_original_chain_gloss_summary_tables_txt	qwen3	Tsez	grammar	original	chain_gloss	summary_tables_txt	99	0	1.581739581039013	17.850421217402914
qwen3_tsez_grammar_original_modelgloss_summary_tables_txt	qwen3	Tsez	grammar	original	modelgloss	summary_tables_txt	99	0	9.51178636831455	37.137008717840644
qwen3_tsez_grammar_original_shot_summary_text_txt	qwen3	Tsez	grammar	original	shot	summary_text_txt	99	0	1.9537130996644085	17.74868760402504
qwen3_tsez_grammar_original_chain_gloss_summary_text_txt	qwen3	Tsez	grammar	original	chain_gloss	summary_text_txt	99	0	1.8694614456216507	18.232299869469916
qwen3_tsez_grammar_original_modelgloss_summary_text_txt	qwen3	Tsez	grammar	original	modelgloss	summary_text_txt	99	0	8.811639490763291	36.8197052645794
qwen3_gitksan_grammar_original_shot_baseline	qwen3	Gitksan	grammar	original	shot	baseline	37	0	4.044005638757839	22.96518729232583
qwen3_gitksan_grammar_original_chain_gloss_baseline	qwen3	Gitksan	grammar	original	chain_gloss	baseline	37	0	4.963966305410087	24.944861613278682
qwen3_gitksan_grammar_original_modelgloss_baseline	qwen3	Gitksan	grammar	original	modelgloss	baseline	37	0	13.896758618478515	44.74102525079723
qwen3_lezgi_grammar_original_shot_baseline	qwen3	Lezgi	grammar	original	shot	baseline	87	0	7.961926439887438	21.689023000858047
qwen3_lezgi_grammar_original_chain_gloss_baseline	qwen3	Lezgi	grammar	original	chain_gloss	baseline	87	0	8.141003484834124	22.435353064553613
qwen3_lezgi_grammar_original_modelgloss_baseline	qwen3	Lezgi	grammar	original	modelgloss	baseline	87	0	12.790297987680038	34.95492790257118
qwen3_natugu_grammar_original_shot_baseline	qwen3	Natugu	grammar	original	shot	baseline	99	0	2.954221927974041	19.137532946192746
qwen3_natugu_grammar_original_chain_gloss_baseline	qwen3	Natugu	grammar	original	chain_gloss	baseline	99	1	3.7703303184604016	19.457204798500925
qwen3_natugu_grammar_original_modelgloss_baseline	qwen3	Natugu	grammar	original	modelgloss	baseline	99	0	11.967719707919308	35.31497011193705
qwen3_tsez_grammar_original_shot_baseline	qwen3	Tsez	grammar	original	shot	baseline	99	0	1.2876883515100375	18.20064482435075
qwen3_tsez_grammar_original_chain_gloss_baseline	qwen3	Tsez	grammar	original	chain_gloss	baseline	99	1	1.371543721718006	18.083273656319975
qwen3_tsez_grammar_original_modelgloss_baseline	qwen3	Tsez	grammar	original	modelgloss	baseline	99	0	11.030809208504047	37.708117274287034
qwen35_gitksan_pdf1_brown_original_shot_cheatsheet_jpg	qwen35	Gitksan	pdf1_brown	original	shot	cheatsheet_jpg	37	0	4.40777593840756	23.166132524679213
qwen35_gitksan_pdf1_brown_original_chain_gloss_cheatsheet_jpg	qwen35	Gitksan	pdf1_brown	original	chain_gloss	cheatsheet_jpg	37	0	4.651798503914614	23.324472391389154
qwen35_gitksan_pdf1_brown_original_modelgloss_cheatsheet_jpg	qwen35	Gitksan	pdf1_brown	original	modelgloss	cheatsheet_jpg	37	0	15.356616264510938	41.01385097814633
qwen35_gitksan_pdf1_brown_original_shot_cheatsheet_txt	qwen35	Gitksan	pdf1_brown	original	shot	cheatsheet_txt	37	0	3.926289503579666	24.654938798422563
qwen35_gitksan_pdf1_brown_original_chain_gloss_cheatsheet_txt	qwen35	Gitksan	pdf1_brown	original	chain_gloss	cheatsheet_txt	37	0	5.661003849214811	25.88999822267331
qwen35_gitksan_pdf1_brown_original_modelgloss_cheatsheet_txt	qwen35	Gitksan	pdf1_brown	original	modelgloss	cheatsheet_txt	37	0	14.05283573360506	43.53621289246391
qwen35_gitksan_pdf1_brown_original_shot_pdfpages_impactful_jpg	qwen35	Gitksan	pdf1_brown	original	shot	pdfpages_impactful_jpg	37	0	3.97310057439517	22.860798159802112
qwen35_gitksan_pdf1_brown_original_chain_gloss_pdfpages_impactful_jpg	qwen35	Gitksan	pdf1_brown	original	chain_gloss	pdfpages_impactful_jpg	37	0	3.4880089253867936	21.124827596889034
qwen35_gitksan_pdf1_brown_original_modelgloss_pdfpages_impactful_jpg	qwen35	Gitksan	pdf1_brown	original	modelgloss	pdfpages_impactful_jpg	37	0	16.124030693469095	43.03587349074506
qwen35_gitksan_pdf1_brown_original_shot_summary_tables_jpg	qwen35	Gitksan	pdf1_brown	original	shot	summary_tables_jpg	37	0	5.22485295277867	23.29669276985766
qwen35_gitksan_pdf1_brown_original_chain_gloss_summary_tables_jpg	qwen35	Gitksan	pdf1_brown	original	chain_gloss	summary_tables_jpg	37	1	4.334636614747461	22.541241107392036
qwen35_gitksan_pdf1_brown_original_modelgloss_summary_tables_jpg	qwen35	Gitksan	pdf1_brown	original	modelgloss	summary_tables_jpg	37	0	13.895713062675044	41.728295967163646
qwen35_gitksan_pdf1_brown_original_shot_summary_tables_txt	qwen35	Gitksan	pdf1_brown	original	shot	summary_tables_txt	37	0	4.750817720566312	25.408456785523224
qwen35_gitksan_pdf1_brown_original_chain_gloss_summary_tables_txt	qwen35	Gitksan	pdf1_brown	original	chain_gloss	summary_tables_txt	37	0	4.959084762964809	26.378478915494064
qwen35_gitksan_pdf1_brown_original_modelgloss_summary_tables_txt	qwen35	Gitksan	pdf1_brown	original	modelgloss	summary_tables_txt	37	0	17.36949729818353	46.42690779142393
qwen35_gitksan_pdf1_brown_original_shot_summary_text_txt	qwen35	Gitksan	pdf1_brown	original	shot	summary_text_txt	37	0	5.227157606030153	25.701303980733588
qwen35_gitksan_pdf1_brown_original_chain_gloss_summary_text_txt	qwen35	Gitksan	pdf1_brown	original	chain_gloss	summary_text_txt	37	0	4.971336728534991	25.730972099151405
qwen35_gitksan_pdf1_brown_original_modelgloss_summary_text_txt	qwen35	Gitksan	pdf1_brown	original	modelgloss	summary_text_txt	37	0	17.687426104118586	46.955884122479965
qwen35_gitksan_pdf2_rigsby_original_shot_cheatsheet_jpg	qwen35	Gitksan	pdf2_rigsby	original	shot	cheatsheet_jpg	37	0	4.227970017978122	21.605353285648107
qwen35_gitksan_pdf2_rigsby_original_chain_gloss_cheatsheet_jpg	qwen35	Gitksan	pdf2_rigsby	original	chain_gloss	cheatsheet_jpg	37	1	4.493980513798056	24.669784084160305
qwen35_gitksan_pdf2_rigsby_original_modelgloss_cheatsheet_jpg	qwen35	Gitksan	pdf2_rigsby	original	modelgloss	cheatsheet_jpg	37	0	16.581823967563267	42.64644847076834
qwen35_gitksan_pdf2_rigsby_original_shot_cheatsheet_txt	qwen35	Gitksan	pdf2_rigsby	original	shot	cheatsheet_txt	37	0	3.4222793835776097	23.004701907632352
qwen35_gitksan_pdf2_rigsby_original_chain_gloss_cheatsheet_txt	qwen35	Gitksan	pdf2_rigsby	original	chain_gloss	cheatsheet_txt	37	0	4.551821718614794	25.150513755563097
qwen35_gitksan_pdf2_rigsby_original_modelgloss_cheatsheet_txt	qwen35	Gitksan	pdf2_rigsby	original	modelgloss	cheatsheet_txt	37	0	15.773938808097864	45.18483981770073
qwen35_gitksan_pdf2_rigsby_original_shot_pdfpages_impactful_jpg	qwen35	Gitksan	pdf2_rigsby	original	shot	pdfpages_impactful_jpg	37	0	4.756593975563614	22.763490471698617
qwen35_gitksan_pdf2_rigsby_original_chain_gloss_pdfpages_impactful_jpg	qwen35	Gitksan	pdf2_rigsby	original	chain_gloss	pdfpages_impactful_jpg	37	1	5.470276762690736	22.574089408768323
qwen35_gitksan_pdf2_rigsby_original_modelgloss_pdfpages_impactful_jpg	qwen35	Gitksan	pdf2_rigsby	original	modelgloss	pdfpages_impactful_jpg	37	0	15.931716448035951	45.1599358539696
qwen35_gitksan_pdf2_rigsby_original_shot_summary_tables_jpg	qwen35	Gitksan	pdf2_rigsby	original	shot	summary_tables_jpg	37	0	4.361535553657129	21.640383729234582
qwen35_gitksan_pdf2_rigsby_original_chain_gloss_summary_tables_jpg	qwen35	Gitksan	pdf2_rigsby	original	chain_gloss	summary_tables_jpg	37	1	4.579445385982492	23.001093619039782
qwen35_gitksan_pdf2_rigsby_original_modelgloss_summary_tables_jpg	qwen35	Gitksan	pdf2_rigsby	original	modelgloss	summary_tables_jpg	37	0	18.204168708547694	43.06841044426267
qwen35_gitksan_pdf2_rigsby_original_shot_summary_tables_txt	qwen35	Gitksan	pdf2_rigsby	original	shot	summary_tables_txt	37	0	3.572985589878542	23.730176319741066
qwen35_gitksan_pdf2_rigsby_original_chain_gloss_summary_tables_txt	qwen35	Gitksan	pdf2_rigsby	original	chain_gloss	summary_tables_txt	37	1	3.9729359357625924	23.989789357944115
qwen35_gitksan_pdf2_rigsby_original_modelgloss_summary_tables_txt	qwen35	Gitksan	pdf2_rigsby	original	modelgloss	summary_tables_txt	37	0	14.832295068804019	44.69170491910775
qwen35_gitksan_pdf2_rigsby_original_shot_summary_text_txt	qwen35	Gitksan	pdf2_rigsby	original	shot	summary_text_txt	37	0	3.6246763010061116	23.33408085509442
qwen35_gitksan_pdf2_rigsby_original_chain_gloss_summary_text_txt	qwen35	Gitksan	pdf2_rigsby	original	chain_gloss	summary_text_txt	37	0	5.528276872739234	25.242009033980956
qwen35_gitksan_pdf2_rigsby_original_modelgloss_summary_text_txt	qwen35	Gitksan	pdf2_rigsby	original	modelgloss	summary_text_txt	37	0	14.97534454788326	45.89459319892499
qwen35_lezgi_grammar_cyrillic_shot_cheatsheet_jpg	qwen35	Lezgi	grammar	cyrillic	shot	cheatsheet_jpg	87	0	7.7174649002678555	25.764929752497107
qwen35_lezgi_grammar_cyrillic_chain_gloss_cheatsheet_jpg	qwen35	Lezgi	grammar	cyrillic	chain_gloss	cheatsheet_jpg	87	0	8.433177992715631	25.289604756792517
qwen35_lezgi_grammar_cyrillic_modelgloss_cheatsheet_jpg	qwen35	Lezgi	grammar	cyrillic	modelgloss	cheatsheet_jpg	87	0	11.987061919848927	37.62105286930383
qwen35_lezgi_grammar_cyrillic_shot_cheatsheet_txt	qwen35	Lezgi	grammar	cyrillic	shot	cheatsheet_txt	87	0	8.426189167175172	28.231578042815265
qwen35_lezgi_grammar_cyrillic_chain_gloss_cheatsheet_txt	qwen35	Lezgi	grammar	cyrillic	chain_gloss	cheatsheet_txt	87	0	7.417067187675712	25.491257626696633
qwen35_lezgi_grammar_cyrillic_modelgloss_cheatsheet_txt	qwen35	Lezgi	grammar	cyrillic	modelgloss	cheatsheet_txt	87	0	10.022802204105792	37.65777665486061
qwen35_lezgi_grammar_cyrillic_shot_summary_tables_jpg	qwen35	Lezgi	grammar	cyrillic	shot	summary_tables_jpg	87	0	7.556289593587984	26.320101928750628
qwen35_lezgi_grammar_cyrillic_chain_gloss_summary_tables_jpg	qwen35	Lezgi	grammar	cyrillic	chain_gloss	summary_tables_jpg	87	0	8.567820215107568	25.55274158171053
qwen35_lezgi_grammar_cyrillic_modelgloss_summary_tables_jpg	qwen35	Lezgi	grammar	cyrillic	modelgloss	summary_tables_jpg	87	0	12.09735371668732	37.60839547521246
qwen35_lezgi_grammar_cyrillic_shot_summary_tables_txt	qwen35	Lezgi	grammar	cyrillic	shot	summary_tables_txt	87	0	7.116401775958824	26.39060743324364
qwen35_lezgi_grammar_cyrillic_chain_gloss_summary_tables_txt	qwen35	Lezgi	grammar	cyrillic	chain_gloss	summary_tables_txt	87	0	6.47927721306027	25.314995701032693
qwen35_lezgi_grammar_cyrillic_modelgloss_summary_tables_txt	qwen35	Lezgi	grammar	cyrillic	modelgloss	summary_tables_txt	87	0	11.153734919888189	38.345116008174365
qwen35_lezgi_grammar_cyrillic_shot_summary_text_txt	qwen35	Lezgi	grammar	cyrillic	shot	summary_text_txt	87	0	6.998941207609952	26.57233442742975
qwen35_lezgi_grammar_cyrillic_chain_gloss_summary_text_txt	qwen35	Lezgi	grammar	cyrillic	chain_gloss	summary_text_txt	87	0	6.351294829815843	26.754945561234184
qwen35_lezgi_grammar_cyrillic_modelgloss_summary_text_txt	qwen35	Lezgi	grammar	cyrillic	modelgloss	summary_text_txt	87	0	10.3498273883604	37.26738208512615
qwen35_lezgi_grammar_original_shot_cheatsheet_jpg	qwen35	Lezgi	grammar	original	shot	cheatsheet_jpg	87	0	9.126152929434653	27.21783866142492
qwen35_lezgi_grammar_original_chain_gloss_cheatsheet_jpg	qwen35	Lezgi	grammar	original	chain_gloss	cheatsheet_jpg	87	0	8.820526254702123	26.583761810588513
qwen35_lezgi_grammar_original_modelgloss_cheatsheet_jpg	qwen35	Lezgi	grammar	original	modelgloss	cheatsheet_jpg	87	0	12.242880394373483	37.573257050644166
qwen35_lezgi_grammar_original_shot_cheatsheet_txt	qwen35	Lezgi	grammar	original	shot	cheatsheet_txt	87	0	7.971091267505587	27.134785882503028
qwen35_lezgi_grammar_original_chain_gloss_cheatsheet_txt	qwen35	Lezgi	grammar	original	chain_gloss	cheatsheet_txt	87	0	6.9568231628415385	25.832297018007566
qwen35_lezgi_grammar_original_modelgloss_cheatsheet_txt	qwen35	Lezgi	grammar	original	modelgloss	cheatsheet_txt	87	0	10.222997785621866	37.53597120751076
qwen35_lezgi_grammar_original_shot_pdfpages_impactful_jpg	qwen35	Lezgi	grammar	original	shot	pdfpages_impactful_jpg	87	0	8.839652199740758	25.783239879252967
qwen35_lezgi_grammar_original_chain_gloss_pdfpages_impactful_jpg	qwen35	Lezgi	grammar	original	chain_gloss	pdfpages_impactful_jpg	87	0	9.178870837375017	24.178177390733104
qwen35_lezgi_grammar_original_modelgloss_pdfpages_impactful_jpg	qwen35	Lezgi	grammar	original	modelgloss	pdfpages_impactful_jpg	87	0	11.783662907367606	37.29236575157784
qwen35_lezgi_grammar_original_shot_summary_tables_jpg	qwen35	Lezgi	grammar	original	shot	summary_tables_jpg	87	0	7.793965011861876	26.41692674204022
qwen35_lezgi_grammar_original_chain_gloss_summary_tables_jpg	qwen35	Lezgi	grammar	original	chain_gloss	summary_tables_jpg	87	0	8.30322964108009	26.715734871849055
qwen35_lezgi_grammar_original_modelgloss_summary_tables_jpg	qwen35	Lezgi	grammar	original	modelgloss	summary_tables_jpg	87	0	11.539023954832365	37.52167538093596
qwen35_lezgi_grammar_original_shot_summary_tables_txt	qwen35	Lezgi	grammar	original	shot	summary_tables_txt	87	0	7.091880882990786	26.348833452267833
qwen35_lezgi_grammar_original_chain_gloss_summary_tables_txt	qwen35	Lezgi	grammar	original	chain_gloss	summary_tables_txt	87	0	7.024096660331099	25.881724877667605
qwen35_lezgi_grammar_original_modelgloss_summary_tables_txt	qwen35	Lezgi	grammar	original	modelgloss	summary_tables_txt	87	0	10.755684442220163	37.29068807590214
qwen35_lezgi_grammar_original_shot_summary_text_txt	qwen35	Lezgi	grammar	original	shot	summary_text_txt	87	0	6.84126728207031	26.06718021999468
qwen35_lezgi_grammar_original_chain_gloss_summary_text_txt	qwen35	Lezgi	grammar	original	chain_gloss	summary_text_txt	87	0	6.813031373659279	25.977425753131637
qwen35_lezgi_grammar_original_modelgloss_summary_text_txt	qwen35	Lezgi	grammar	original	modelgloss	summary_text_txt	87	0	11.313753377499628	37.58720699133241
qwen35_natugu_grammar_original_shot_cheatsheet_jpg	qwen35	Natugu	grammar	original	shot	cheatsheet_jpg	99	0	2.4487779398416025	17.662826430240937
qwen35_natugu_grammar_original_chain_gloss_cheatsheet_jpg	qwen35	Natugu	grammar	original	chain_gloss	cheatsheet_jpg	99	0	3.050068515402096	16.492012086702676
qwen35_natugu_grammar_original_modelgloss_cheatsheet_jpg	qwen35	Natugu	grammar	original	modelgloss	cheatsheet_jpg	99	0	10.894751590841905	35.51660009249279
qwen35_natugu_grammar_original_shot_cheatsheet_txt	qwen35	Natugu	grammar	original	shot	cheatsheet_txt	99	0	3.3342964411807525	20.69007631032253
qwen35_natugu_grammar_original_chain_gloss_cheatsheet_txt	qwen35	Natugu	grammar	original	chain_gloss	cheatsheet_txt	99	0	3.795524148470392	19.25961869674112
qwen35_natugu_grammar_original_modelgloss_cheatsheet_txt	qwen35	Natugu	grammar	original	modelgloss	cheatsheet_txt	99	0	13.561566457348949	38.13534323446437
qwen35_natugu_grammar_original_shot_pdfpages_impactful_jpg	qwen35	Natugu	grammar	original	shot	pdfpages_impactful_jpg	99	0	3.472971537394883	18.400944627680996
qwen35_natugu_grammar_original_chain_gloss_pdfpages_impactful_jpg	qwen35	Natugu	grammar	original	chain_gloss	pdfpages_impactful_jpg	99	0	2.717211973417635	16.679669952771008
qwen35_natugu_grammar_original_modelgloss_pdfpages_impactful_jpg	qwen35	Natugu	grammar	original	modelgloss	pdfpages_impactful_jpg	99	0	10.519021451903964	35.483529165994725
qwen35_natugu_grammar_original_shot_summary_tables_jpg	qwen35	Natugu	grammar	original	shot	summary_tables_jpg	99	0	3.157722464422195	18.20926569707141
qwen35_natugu_grammar_original_chain_gloss_summary_tables_jpg	qwen35	Natugu	grammar	original	chain_gloss	summary_tables_jpg	99	1	2.140108725974331	14.37117157298084
qwen35_natugu_grammar_original_modelgloss_summary_tables_jpg	qwen35	Natugu	grammar	original	modelgloss	summary_tables_jpg	99	0	9.698233778220317	34.23710627520768
qwen35_natugu_grammar_original_shot_summary_tables_txt	qwen35	Natugu	grammar	original	shot	summary_tables_txt	99	0	2.9612449303839767	19.914106492004017
qwen35_natugu_grammar_original_chain_gloss_summary_tables_txt	qwen35	Natugu	grammar	original	chain_gloss	summary_tables_txt	99	0	2.497735017403278	19.615223295948763
qwen35_natugu_grammar_original_modelgloss_summary_tables_txt	qwen35	Natugu	grammar	original	modelgloss	summary_tables_txt	99	0	12.334929261218166	37.5766228898381
qwen35_natugu_grammar_original_shot_summary_text_txt	qwen35	Natugu	grammar	original	shot	summary_text_txt	99	0	2.9225824348557317	20.542727069894518
qwen35_natugu_grammar_original_chain_gloss_summary_text_txt	qwen35	Natugu	grammar	original	chain_gloss	summary_text_txt	99	0	2.64145284538486	19.317310787367457
qwen35_natugu_grammar_original_modelgloss_summary_text_txt	qwen35	Natugu	grammar	original	modelgloss	summary_text_txt	99	0	14.750888583251445	38.91277753939298
qwen35_tsez_grammar_original_shot_cheatsheet_jpg	qwen35	Tsez	grammar	original	shot	cheatsheet_jpg	99	0	0.7566681588946144	16.96657864031986
qwen35_tsez_grammar_original_chain_gloss_cheatsheet_jpg	qwen35	Tsez	grammar	original	chain_gloss	cheatsheet_jpg	99	0	0.7907156982147859	15.869685881268586
qwen35_tsez_grammar_original_modelgloss_cheatsheet_jpg	qwen35	Tsez	grammar	original	modelgloss	cheatsheet_jpg	99	0	8.516295366221057	35.064691715188886
qwen35_tsez_grammar_original_shot_cheatsheet_txt	qwen35	Tsez	grammar	original	shot	cheatsheet_txt	99	0	1.799094356190501	18.432684904157558
qwen35_tsez_grammar_original_chain_gloss_cheatsheet_txt	qwen35	Tsez	grammar	original	chain_gloss	cheatsheet_txt	99	0	1.1052469339569904	18.74465647291597
qwen35_tsez_grammar_original_modelgloss_cheatsheet_txt	qwen35	Tsez	grammar	original	modelgloss	cheatsheet_txt	99	0	10.494351449377909	37.99279578513976
qwen35_tsez_grammar_original_shot_pdfpages_impactful_jpg	qwen35	Tsez	grammar	original	shot	pdfpages_impactful_jpg	99	0	1.2674899697003932	17.158265473969482
qwen35_tsez_grammar_original_chain_gloss_pdfpages_impactful_jpg	qwen35	Tsez	grammar	original	chain_gloss	pdfpages_impactful_jpg	99	1	0.8325164575059655	13.672950249052441
qwen35_tsez_grammar_original_modelgloss_pdfpages_impactful_jpg	qwen35	Tsez	grammar	original	modelgloss	pdfpages_impactful_jpg	99	0	9.526406727612741	35.71424437922045
qwen35_tsez_grammar_original_shot_summary_tables_jpg	qwen35	Tsez	grammar	original	shot	summary_tables_jpg	99	0	1.884743346823892	17.060831678314614
qwen35_tsez_grammar_original_chain_gloss_summary_tables_jpg	qwen35	Tsez	grammar	original	chain_gloss	summary_tables_jpg	99	0	0.683360040066969	15.796988640750437
qwen35_tsez_grammar_original_modelgloss_summary_tables_jpg	qwen35	Tsez	grammar	original	modelgloss	summary_tables_jpg	99	0	9.682215354166534	36.012854393889796
qwen35_tsez_grammar_original_shot_summary_tables_txt	qwen35	Tsez	grammar	original	shot	summary_tables_txt	99	0	1.6128919166450253	18.309222872552844
qwen35_tsez_grammar_original_chain_gloss_summary_tables_txt	qwen35	Tsez	grammar	original	chain_gloss	summary_tables_txt	99	0	0.741703860130984	18.578514181134313
qwen35_tsez_grammar_original_modelgloss_summary_tables_txt	qwen35	Tsez	grammar	original	modelgloss	summary_tables_txt	99	0	10.952571206625707	37.65371423685524
qwen35_tsez_grammar_original_shot_summary_text_txt	qwen35	Tsez	grammar	original	shot	summary_text_txt	99	0	1.1325380068994768	18.737180405673996
qwen35_tsez_grammar_original_chain_gloss_summary_text_txt	qwen35	Tsez	grammar	original	chain_gloss	summary_text_txt	99	0	1.1622320826660308	18.889092504673417
qwen35_tsez_grammar_original_modelgloss_summary_text_txt	qwen35	Tsez	grammar	original	modelgloss	summary_text_txt	99	0	10.922534969113894	37.522171334786684
qwen35_gitksan_grammar_original_shot_baseline	qwen35	Gitksan	grammar	original	shot	baseline	37	0	5.373368454645342	24.05075745883399
qwen35_gitksan_grammar_original_chain_gloss_baseline	qwen35	Gitksan	grammar	original	chain_gloss	baseline	37	0	4.78586536445354	24.7000457720664
qwen35_gitksan_grammar_original_modelgloss_baseline	qwen35	Gitksan	grammar	original	modelgloss	baseline	37	0	14.228064553921207	43.354394125845246
qwen35_lezgi_grammar_original_shot_baseline	qwen35	Lezgi	grammar	original	shot	baseline	87	0	7.395521591720801	26.75533876051288
qwen35_lezgi_grammar_original_chain_gloss_baseline	qwen35	Lezgi	grammar	original	chain_gloss	baseline	87	0	9.36631495154978	27.608720617916376
qwen35_lezgi_grammar_original_modelgloss_baseline	qwen35	Lezgi	grammar	original	modelgloss	baseline	87	0	11.076521194221598	36.22333523590735
qwen35_natugu_grammar_original_shot_baseline	qwen35	Natugu	grammar	original	shot	baseline	99	0	3.455818512658269	20.0013078620082
qwen35_natugu_grammar_original_chain_gloss_baseline	qwen35	Natugu	grammar	original	chain_gloss	baseline	99	0	3.5593875172755083	19.738051544611388
qwen35_natugu_grammar_original_modelgloss_baseline	qwen35	Natugu	grammar	original	modelgloss	baseline	99	0	11.323107225448092	36.61857025147838
qwen35_tsez_grammar_original_shot_baseline	qwen35	Tsez	grammar	original	shot	baseline	99	0	1.783296104772932	17.94241245647003
qwen35_tsez_grammar_original_chain_gloss_baseline	qwen35	Tsez	grammar	original	chain_gloss	baseline	99	0	1.3238142640814332	18.176653399840962
qwen35_tsez_grammar_original_modelgloss_baseline	qwen35	Tsez	grammar	original	modelgloss	baseline	99	0	10.74815269777438	37.65926086014492
gemini25flashlite_gitksan_pdf1_brown_original_shot_cheatsheet_jpg	gemini25flashlite	Gitksan	pdf1_brown	original	shot	cheatsheet_jpg	37	0	5.856682732852861	25.161691427587265
gemini25flashlite_gitksan_pdf1_brown_original_chain_gloss_cheatsheet_jpg	gemini25flashlite	Gitksan	pdf1_brown	original	chain_gloss	cheatsheet_jpg	37	2	5.869771070481198	25.627801404444934
gemini25flashlite_gitksan_pdf1_brown_original_modelgloss_cheatsheet_jpg	gemini25flashlite	Gitksan	pdf1_brown	original	modelgloss	cheatsheet_jpg	37	0	16.578666616333656	44.6020676059594
gemini25flashlite_gitksan_pdf1_brown_original_shot_cheatsheet_txt	gemini25flashlite	Gitksan	pdf1_brown	original	shot	cheatsheet_txt	37	0	5.631434564810389	28.328148961890744
gemini25flashlite_gitksan_pdf1_brown_original_chain_gloss_cheatsheet_txt	gemini25flashlite	Gitksan	pdf1_brown	original	chain_gloss	cheatsheet_txt	37	9	4.143952620541987	22.62541174025956
gemini25flashlite_gitksan_pdf1_brown_original_modelgloss_cheatsheet_txt	gemini25flashlite	Gitksan	pdf1_brown	original	modelgloss	cheatsheet_txt	37	0	19.081127081384164	49.32084694629446
gemini25flashlite_gitksan_pdf1_brown_original_shot_pdfpages_impactful_jpg	gemini25flashlite	Gitksan	pdf1_brown	original	shot	pdfpages_impactful_jpg	37	0	4.005122198595098	23.23128331875673
gemini25flashlite_gitksan_pdf1_brown_original_chain_gloss_pdfpages_impactful_jpg	gemini25flashlite	Gitksan	pdf1_brown	original	chain_gloss	pdfpages_impactful_jpg	37	2	4.957752091961139	25.361124530959078
gemini25flashlite_gitksan_pdf1_brown_original_modelgloss_pdfpages_impactful_jpg	gemini25flashlite	Gitksan	pdf1_brown	original	modelgloss	pdfpages_impactful_jpg	37	0	14.871030602315935	44.4291104104522
gemini25flashlite_gitksan_pdf1_brown_original_shot_summary_tables_jpg	gemini25flashlite	Gitksan	pdf1_brown	original	shot	summary_tables_jpg	37	0	5.209292252879881	23.844860896266436
gemini25flashlite_gitksan_pdf1_brown_original_chain_gloss_summary_tables_jpg	gemini25flashlite	Gitksan	pdf1_brown	original	chain_gloss	summary_tables_jpg	37	6	3.6904381414111085	21.69045717745254
gemini25flashlite_gitksan_pdf1_brown_original_modelgloss_summary_tables_jpg	gemini25flashlite	Gitksan	pdf1_brown	original	modelgloss	summary_tables_jpg	37	0	18.533725161774573	45.14872722817118
gemini25flashlite_gitksan_pdf1_brown_original_shot_summary_tables_txt	gemini25flashlite	Gitksan	pdf1_brown	original	shot	summary_tables_txt	37	0	6.222446763999688	28.00064536030743
gemini25flashlite_gitksan_pdf1_brown_original_chain_gloss_summary_tables_txt	gemini25flashlite	Gitksan	pdf1_brown	original	chain_gloss	summary_tables_txt	37	6	4.577037599335109	24.487535092284052
gemini25flashlite_gitksan_pdf1_brown_original_modelgloss_summary_tables_txt	gemini25flashlite	Gitksan	pdf1_brown	original	modelgloss	summary_tables_txt	37	0	21.129741586742767	49.41411897992758
gemini25flashlite_gitksan_pdf1_brown_original_shot_summary_text_txt	gemini25flashlite	Gitksan	pdf1_brown	original	shot	summary_text_txt	37	0	3.6079111709739515	23.766941796649864
gemini25flashlite_gitksan_pdf1_brown_original_chain_gloss_summary_text_txt	gemini25flashlite	Gitksan	pdf1_brown	original	chain_gloss	summary_text_txt	37	3	4.413836892937499	26.23540250971656
gemini25flashlite_gitksan_pdf1_brown_original_modelgloss_summary_text_txt	gemini25flashlite	Gitksan	pdf1_brown	original	modelgloss	summary_text_txt	37	0	15.140051577970729	47.81833670319351
gemini25flashlite_gitksan_pdf2_rigsby_original_shot_cheatsheet_jpg	gemini25flashlite	Gitksan	pdf2_rigsby	original	shot	cheatsheet_jpg	37	0	4.549072600848926	24.33293027995467
gemini25flashlite_gitksan_pdf2_rigsby_original_chain_gloss_cheatsheet_jpg	gemini25flashlite	Gitksan	pdf2_rigsby	original	chain_gloss	cheatsheet_jpg	37	5	2.3203707000783957	20.682498732667415
gemini25flashlite_gitksan_pdf2_rigsby_original_modelgloss_cheatsheet_jpg	gemini25flashlite	Gitksan	pdf2_rigsby	original	modelgloss	cheatsheet_jpg	37	0	12.725609818976281	43.212808730278255
gemini25flashlite_gitksan_pdf2_rigsby_original_shot_cheatsheet_txt	gemini25flashlite	Gitksan	pdf2_rigsby	original	shot	cheatsheet_txt	37	0	5.412331287148763	27.186806704605488
gemini25flashlite_gitksan_pdf2_rigsby_original_chain_gloss_cheatsheet_txt	gemini25flashlite	Gitksan	pdf2_rigsby	original	chain_gloss	cheatsheet_txt	37	6	3.650279668896499	21.81233160988757
gemini25flashlite_gitksan_pdf2_rigsby_original_modelgloss_cheatsheet_txt	gemini25flashlite	Gitksan	pdf2_rigsby	original	modelgloss	cheatsheet_txt	37	0	17.044336619085456	47.562948104960846
gemini25flashlite_gitksan_pdf2_rigsby_original_shot_pdfpages_impactful_jpg	gemini25flashlite	Gitksan	pdf2_rigsby	original	shot	pdfpages_impactful_jpg	37	0	4.110918869127106	20.71867089363073
gemini25flashlite_gitksan_pdf2_rigsby_original_chain_gloss_pdfpages_impactful_jpg	gemini25flashlite	Gitksan	pdf2_rigsby	original	chain_gloss	pdfpages_impactful_jpg	37	7	4.970423146033286	21.29679443400481
gemini25flashlite_gitksan_pdf2_rigsby_original_modelgloss_pdfpages_impactful_jpg	gemini25flashlite	Gitksan	pdf2_rigsby	original	modelgloss	pdfpages_impactful_jpg	37	0	11.533406602800955	38.75890757231612
gemini25flashlite_gitksan_pdf2_rigsby_original_shot_summary_tables_jpg	gemini25flashlite	Gitksan	pdf2_rigsby	original	shot	summary_tables_jpg	37	0	4.403102044233866	24.586822258632502
gemini25flashlite_gitksan_pdf2_rigsby_original_chain_gloss_summary_tables_jpg	gemini25flashlite	Gitksan	pdf2_rigsby	original	chain_gloss	summary_tables_jpg	37	4	3.710468848497432	22.726038812185926
gemini25flashlite_gitksan_pdf2_rigsby_original_modelgloss_summary_tables_jpg	gemini25flashlite	Gitksan	pdf2_rigsby	original	modelgloss	summary_tables_jpg	37	0	16.080615115036696	44.025482435813885
gemini25flashlite_gitksan_pdf2_rigsby_original_shot_summary_tables_txt	gemini25flashlite	Gitksan	pdf2_rigsby	original	shot	summary_tables_txt	37	0	7.241059045648498	27.902211679026866
gemini25flashlite_gitksan_pdf2_rigsby_original_chain_gloss_summary_tables_txt	gemini25flashlite	Gitksan	pdf2_rigsby	original	chain_gloss	summary_tables_txt	37	4	4.320108591878804	23.6769678964844
gemini25flashlite_gitksan_pdf2_rigsby_original_modelgloss_summary_tables_txt	gemini25flashlite	Gitksan	pdf2_rigsby	original	modelgloss	summary_tables_txt	37	0	14.975046432014834	46.586556990880005
gemini25flashlite_gitksan_pdf2_rigsby_original_shot_summary_text_txt	gemini25flashlite	Gitksan	pdf2_rigsby	original	shot	summary_text_txt	37	0	6.685648641769807	27.074200998786747
gemini25flashlite_gitksan_pdf2_rigsby_original_chain_gloss_summary_text_txt	gemini25flashlite	Gitksan	pdf2_rigsby	original	chain_gloss	summary_text_txt	37	3	3.297368373375995	23.83113716529177
gemini25flashlite_gitksan_pdf2_rigsby_original_modelgloss_summary_text_txt	gemini25flashlite	Gitksan	pdf2_rigsby	original	modelgloss	summary_text_txt	37	0	13.586171338677797	45.028322959033204
gemini25flashlite_lezgi_grammar_cyrillic_shot_cheatsheet_jpg	gemini25flashlite	Lezgi	grammar	cyrillic	shot	cheatsheet_jpg	87	0	16.822367649940222	37.47844658490186
gemini25flashlite_lezgi_grammar_cyrillic_chain_gloss_cheatsheet_jpg	gemini25flashlite	Lezgi	grammar	cyrillic	chain_gloss	cheatsheet_jpg	87	3	14.899222190729118	32.63685453099471
gemini25flashlite_lezgi_grammar_cyrillic_modelgloss_cheatsheet_jpg	gemini25flashlite	Lezgi	grammar	cyrillic	modelgloss	cheatsheet_jpg	87	0	18.458536657063906	43.064524375555045
gemini25flashlite_lezgi_grammar_cyrillic_shot_cheatsheet_txt	gemini25flashlite	Lezgi	grammar	cyrillic	shot	cheatsheet_txt	87	1	14.263226125721044	34.15094135285271
gemini25flashlite_lezgi_grammar_cyrillic_chain_gloss_cheatsheet_txt	gemini25flashlite	Lezgi	grammar	cyrillic	chain_gloss	cheatsheet_txt	87	2	13.829363088978342	32.99198952861238
gemini25flashlite_lezgi_grammar_cyrillic_modelgloss_cheatsheet_txt	gemini25flashlite	Lezgi	grammar	cyrillic	modelgloss	cheatsheet_txt	87	1	18.927952203464717	43.50846690937669
gemini25flashlite_lezgi_grammar_cyrillic_shot_summary_tables_jpg	gemini25flashlite	Lezgi	grammar	cyrillic	shot	summary_tables_jpg	87	1	16.806529970609585	36.5616576347254
gemini25flashlite_lezgi_grammar_cyrillic_chain_gloss_summary_tables_jpg	gemini25flashlite	Lezgi	grammar	cyrillic	chain_gloss	summary_tables_jpg	87	6	16.836393495036653	33.31073381319805
gemini25flashlite_lezgi_grammar_cyrillic_modelgloss_summary_tables_jpg	gemini25flashlite	Lezgi	grammar	cyrillic	modelgloss	summary_tables_jpg	87	0	19.834609956544366	42.38301718335668
gemini25flashlite_lezgi_grammar_cyrillic_shot_summary_tables_txt	gemini25flashlite	Lezgi	grammar	cyrillic	shot	summary_tables_txt	87	1	14.88278695874503	34.97307358342317
gemini25flashlite_lezgi_grammar_cyrillic_chain_gloss_summary_tables_txt	gemini25flashlite	Lezgi	grammar	cyrillic	chain_gloss	summary_tables_txt	87	2	14.916116471087916	32.11329714035464
gemini25flashlite_lezgi_grammar_cyrillic_modelgloss_summary_tables_txt	gemini25flashlite	Lezgi	grammar	cyrillic	modelgloss	summary_tables_txt	87	1	18.476674586816166	42.16316723552318
gemini25flashlite_lezgi_grammar_cyrillic_shot_summary_text_txt	gemini25flashlite	Lezgi	grammar	cyrillic	shot	summary_text_txt	87	1	14.741459924143015	35.236139341723614
gemini25flashlite_lezgi_grammar_cyrillic_chain_gloss_summary_text_txt	gemini25flashlite	Lezgi	grammar	cyrillic	chain_gloss	summary_text_txt	87	2	15.001564211458902	33.808654987974194
gemini25flashlite_lezgi_grammar_cyrillic_modelgloss_summary_text_txt	gemini25flashlite	Lezgi	grammar	cyrillic	modelgloss	summary_text_txt	87	0	18.646851881534413	43.08594270310593
gemini25flashlite_lezgi_grammar_original_shot_cheatsheet_jpg	gemini25flashlite	Lezgi	grammar	original	shot	cheatsheet_jpg	87	0	16.638822625765528	37.6421678650852
gemini25flashlite_lezgi_grammar_original_chain_gloss_cheatsheet_jpg	gemini25flashlite	Lezgi	grammar	original	chain_gloss	cheatsheet_jpg	87	7	14.885662002867615	32.730526343517866
gemini25flashlite_lezgi_grammar_original_modelgloss_cheatsheet_jpg	gemini25flashlite	Lezgi	grammar	original	modelgloss	cheatsheet_jpg	87	0	18.452922318432137	42.15873820806
gemini25flashlite_lezgi_grammar_original_shot_cheatsheet_txt	gemini25flashlite	Lezgi	grammar	original	shot	cheatsheet_txt	87	1	10.190354386280667	31.39818840481961
gemini25flashlite_lezgi_grammar_original_chain_gloss_cheatsheet_txt	gemini25flashlite	Lezgi	grammar	original	chain_gloss	cheatsheet_txt	87	0	13.29735093589963	32.08629453341686
gemini25flashlite_lezgi_grammar_original_modelgloss_cheatsheet_txt	gemini25flashlite	Lezgi	grammar	original	modelgloss	cheatsheet_txt	87	0	18.41128643551886	43.14447420831173
gemini25flashlite_lezgi_grammar_original_shot_pdfpages_impactful_jpg	gemini25flashlite	Lezgi	grammar	original	shot	pdfpages_impactful_jpg	87	0	15.943917660570639	35.66022673581529
gemini25flashlite_lezgi_grammar_original_chain_gloss_pdfpages_impactful_jpg	gemini25flashlite	Lezgi	grammar	original	chain_gloss	pdfpages_impactful_jpg	87	3	14.765240190799663	32.77782455943693
gemini25flashlite_lezgi_grammar_original_modelgloss_pdfpages_impactful_jpg	gemini25flashlite	Lezgi	grammar	original	modelgloss	pdfpages_impactful_jpg	87	0	19.288347693998254	43.261218312912916
gemini25flashlite_lezgi_grammar_original_shot_summary_tables_jpg	gemini25flashlite	Lezgi	grammar	original	shot	summary_tables_jpg	87	0	15.356475505234885	35.78208326740927
gemini25flashlite_lezgi_grammar_original_chain_gloss_summary_tables_jpg	gemini25flashlite	Lezgi	grammar	original	chain_gloss	summary_tables_jpg	87	5	16.5596527219574	32.849617552270544
gemini25flashlite_lezgi_grammar_original_modelgloss_summary_tables_jpg	gemini25flashlite	Lezgi	grammar	original	modelgloss	summary_tables_jpg	87	0	20.336061850882537	43.759295071787655
gemini25flashlite_lezgi_grammar_original_shot_summary_tables_txt	gemini25flashlite	Lezgi	grammar	original	shot	summary_tables_txt	87	1	16.18682115446237	36.250480089982354
gemini25flashlite_lezgi_grammar_original_chain_gloss_summary_tables_txt	gemini25flashlite	Lezgi	grammar	original	chain_gloss	summary_tables_txt	87	1	13.620498969821321	32.900151777715514
gemini25flashlite_lezgi_grammar_original_modelgloss_summary_tables_txt	gemini25flashlite	Lezgi	grammar	original	modelgloss	summary_tables_txt	87	1	18.090153599676	42.9662647783865
gemini25flashlite_lezgi_grammar_original_shot_summary_text_txt	gemini25flashlite	Lezgi	grammar	original	shot	summary_text_txt	87	0	13.2265667400602	34.468486700765915
gemini25flashlite_lezgi_grammar_original_chain_gloss_summary_text_txt	gemini25flashlite	Lezgi	grammar	original	chain_gloss	summary_text_txt	87	4	14.93169520788817	33.66353581342423
gemini25flashlite_lezgi_grammar_original_modelgloss_summary_text_txt	gemini25flashlite	Lezgi	grammar	original	modelgloss	summary_text_txt	87	0	17.993548402283142	43.98763927514244
gemini25flashlite_natugu_grammar_original_shot_cheatsheet_jpg	gemini25flashlite	Natugu	grammar	original	shot	cheatsheet_jpg	99	0	4.088693309503841	21.020059720857653
gemini25flashlite_natugu_grammar_original_chain_gloss_cheatsheet_jpg	gemini25flashlite	Natugu	grammar	original	chain_gloss	cheatsheet_jpg	99	9	2.712267052724276	18.880492228527803
gemini25flashlite_natugu_grammar_original_modelgloss_cheatsheet_jpg	gemini25flashlite	Natugu	grammar	original	modelgloss	cheatsheet_jpg	99	0	15.645345473674876	39.323022017900215
gemini25flashlite_natugu_grammar_original_shot_cheatsheet_txt	gemini25flashlite	Natugu	grammar	original	shot	cheatsheet_txt	99	0	3.2665415031775877	19.983560309000126
gemini25flashlite_natugu_grammar_original_chain_gloss_cheatsheet_txt	gemini25flashlite	Natugu	grammar	original	chain_gloss	cheatsheet_txt	99	11	2.7415087371132083	17.749886015351784
gemini25flashlite_natugu_grammar_original_modelgloss_cheatsheet_txt	gemini25flashlite	Natugu	grammar	original	modelgloss	cheatsheet_txt	99	0	17.646213019801344	41.204371688519146
gemini25flashlite_natugu_grammar_original_shot_pdfpages_impactful_jpg	gemini25flashlite	Natugu	grammar	original	shot	pdfpages_impactful_jpg	99	0	1.727719383452841	16.573120427273988
gemini25flashlite_natugu_grammar_original_chain_gloss_pdfpages_impactful_jpg	gemini25flashlite	Natugu	grammar	original	chain_gloss	pdfpages_impactful_jpg	99	6	3.2282359208289835	19.279575399350062
gemini25flashlite_natugu_grammar_original_modelgloss_pdfpages_impactful_jpg	gemini25flashlite	Natugu	grammar	original	modelgloss	pdfpages_impactful_jpg	99	0	14.05155463610676	38.24479388795955
gemini25flashlite_natugu_grammar_original_shot_summary_tables_jpg	gemini25flashlite	Natugu	grammar	original	shot	summary_tables_jpg	99	0	4.011464341467328	19.41546475006314
gemini25flashlite_natugu_grammar_original_chain_gloss_summary_tables_jpg	gemini25flashlite	Natugu	grammar	original	chain_gloss	summary_tables_jpg	99	3	4.027865618887019	19.957115440426705
gemini25flashlite_natugu_grammar_original_modelgloss_summary_tables_jpg	gemini25flashlite	Natugu	grammar	original	modelgloss	summary_tables_jpg	99	0	15.152128132001895	37.58357506075497
gemini25flashlite_natugu_grammar_original_shot_summary_tables_txt	gemini25flashlite	Natugu	grammar	original	shot	summary_tables_txt	99	0	3.4567824115173598	20.45570097704145
gemini25flashlite_natugu_grammar_original_chain_gloss_summary_tables_txt	gemini25flashlite	Natugu	grammar	original	chain_gloss	summary_tables_txt	99	24	3.306829075652304	15.812658197146348
gemini25flashlite_natugu_grammar_original_modelgloss_summary_tables_txt	gemini25flashlite	Natugu	grammar	original	modelgloss	summary_tables_txt	99	0	17.62443294232334	41.57254225974193
gemini25flashlite_natugu_grammar_original_shot_summary_text_txt	gemini25flashlite	Natugu	grammar	original	shot	summary_text_txt	99	0	4.838296730927538	22.5725928706858
gemini25flashlite_natugu_grammar_original_chain_gloss_summary_text_txt	gemini25flashlite	Natugu	grammar	original	chain_gloss	summary_text_txt	99	11	2.404202692326403	17.772145548552825
gemini25flashlite_natugu_grammar_original_modelgloss_summary_text_txt	gemini25flashlite	Natugu	grammar	original	modelgloss	summary_text_txt	99	0	20.1022159407621	43.72387700664928
gemini25flashlite_tsez_grammar_original_shot_cheatsheet_jpg	gemini25flashlite	Tsez	grammar	original	shot	cheatsheet_jpg	99	0	1.0165854278565438	16.950490456094766
gemini25flashlite_tsez_grammar_original_chain_gloss_cheatsheet_jpg	gemini25flashlite	Tsez	grammar	original	chain_gloss	cheatsheet_jpg	99	12	1.27453157829698	15.831110967224001
gemini25flashlite_tsez_grammar_original_modelgloss_cheatsheet_jpg	gemini25flashlite	Tsez	grammar	original	modelgloss	cheatsheet_jpg	99	0	12.73997675937752	39.208527484828736
gemini25flashlite_tsez_grammar_original_shot_cheatsheet_txt	gemini25flashlite	Tsez	grammar	original	shot	cheatsheet_txt	99	0	2.0658856268156076	18.142313212461126
gemini25flashlite_tsez_grammar_original_chain_gloss_cheatsheet_txt	gemini25flashlite	Tsez	grammar	original	chain_gloss	cheatsheet_txt	99	9	1.2405063297409196	16.23024279077704
gemini25flashlite_tsez_grammar_original_modelgloss_cheatsheet_txt	gemini25flashlite	Tsez	grammar	original	modelgloss	cheatsheet_txt	99	0	14.978708906256507	41.65213365741539
gemini25flashlite_tsez_grammar_original_shot_pdfpages_impactful_jpg	gemini25flashlite	Tsez	grammar	original	shot	pdfpages_impactful_jpg	99	0	1.3009189704045525	15.483001144909123
gemini25flashlite_tsez_grammar_original_chain_gloss_pdfpages_impactful_jpg	gemini25flashlite	Tsez	grammar	original	chain_gloss	pdfpages_impactful_jpg	99	10	1.8779321602752022	16.957913509638956
gemini25flashlite_tsez_grammar_original_modelgloss_pdfpages_impactful_jpg	gemini25flashlite	Tsez	grammar	original	modelgloss	pdfpages_impactful_jpg	99	0	11.734786090447901	37.74693911980759
gemini25flashlite_tsez_grammar_original_shot_summary_tables_jpg	gemini25flashlite	Tsez	grammar	original	shot	summary_tables_jpg	99	0	1.3287280112587716	17.226960328385243
gemini25flashlite_tsez_grammar_original_chain_gloss_summary_tables_jpg	gemini25flashlite	Tsez	grammar	original	chain_gloss	summary_tables_jpg	99	11	1.2622768960137887	15.410092718445606
gemini25flashlite_tsez_grammar_original_modelgloss_summary_tables_jpg	gemini25flashlite	Tsez	grammar	original	modelgloss	summary_tables_jpg	99	0	11.728068224046593	37.587421915366335
gemini25flashlite_tsez_grammar_original_shot_summary_tables_txt	gemini25flashlite	Tsez	grammar	original	shot	summary_tables_txt	99	0	2.4541486607305565	18.146191503232235
gemini25flashlite_tsez_grammar_original_chain_gloss_summary_tables_txt	gemini25flashlite	Tsez	grammar	original	chain_gloss	summary_tables_txt	99	7	1.914704204448277	16.145552081901887
gemini25flashlite_tsez_grammar_original_modelgloss_summary_tables_txt	gemini25flashlite	Tsez	grammar	original	modelgloss	summary_tables_txt	99	0	15.665387859407092	41.60084232536187
gemini25flashlite_tsez_grammar_original_shot_summary_text_txt	gemini25flashlite	Tsez	grammar	original	shot	summary_text_txt	99	0	2.3236600311786715	18.446597196689318
gemini25flashlite_tsez_grammar_original_chain_gloss_summary_text_txt	gemini25flashlite	Tsez	grammar	original	chain_gloss	summary_text_txt	99	6	2.04184555544985	16.7681252786731
gemini25flashlite_tsez_grammar_original_modelgloss_summary_text_txt	gemini25flashlite	Tsez	grammar	original	modelgloss	summary_text_txt	99	0	15.614642728791871	41.53749380646214
gemini25flashlite_gitksan_grammar_original_shot_baseline	gemini25flashlite	Gitksan	grammar	original	shot	baseline	37	0	2.964140654848388	21.72461511287767
gemini25flashlite_gitksan_grammar_original_chain_gloss_baseline	gemini25flashlite	Gitksan	grammar	original	chain_gloss	baseline	37	12	4.3441351590174735	19.43579787804313
gemini25flashlite_gitksan_grammar_original_modelgloss_baseline	gemini25flashlite	Gitksan	grammar	original	modelgloss	baseline	37	0	15.151641358321603	45.32747808827203
gemini25flashlite_lezgi_grammar_original_shot_baseline	gemini25flashlite	Lezgi	grammar	original	shot	baseline	87	1	17.06863670227162	36.648325849090874
gemini25flashlite_lezgi_grammar_original_chain_gloss_baseline	gemini25flashlite	Lezgi	grammar	original	chain_gloss	baseline	87	4	16.238730746355657	33.99186562216597
gemini25flashlite_lezgi_grammar_original_modelgloss_baseline	gemini25flashlite	Lezgi	grammar	original	modelgloss	baseline	87	1	19.38362362887549	42.89203396275909
gemini25flashlite_natugu_grammar_original_shot_baseline	gemini25flashlite	Natugu	grammar	original	shot	baseline	99	0	5.3030648065491	22.055352879930247
gemini25flashlite_natugu_grammar_original_chain_gloss_baseline	gemini25flashlite	Natugu	grammar	original	chain_gloss	baseline	99	12	2.107651282327021	16.3921586381888
gemini25flashlite_natugu_grammar_original_modelgloss_baseline	gemini25flashlite	Natugu	grammar	original	modelgloss	baseline	99	0	15.969531145186911	39.55090997299129
gemini25flashlite_tsez_grammar_original_shot_baseline	gemini25flashlite	Tsez	grammar	original	shot	baseline	99	0	1.8702294854223132	18.15213037798493
gemini25flashlite_tsez_grammar_original_chain_gloss_baseline	gemini25flashlite	Tsez	grammar	original	chain_gloss	baseline	99	18	1.3754912351901614	14.842477177311814
gemini25flashlite_tsez_grammar_original_modelgloss_baseline	gemini25flashlite	Tsez	grammar	original	modelgloss	baseline	99	0	13.651051186414835	40.18695417302059
gpt56luna_gitksan_pdf1_brown_original_shot_cheatsheet_jpg	gpt56luna	Gitksan	pdf1_brown	original	shot	cheatsheet_jpg	37	0	3.424649458038358	27.178571042740394
gpt56luna_gitksan_pdf1_brown_original_chain_gloss_cheatsheet_jpg	gpt56luna	Gitksan	pdf1_brown	original	chain_gloss	cheatsheet_jpg	37	0	4.218349608431325	27.470225414596687
gpt56luna_gitksan_pdf1_brown_original_modelgloss_cheatsheet_jpg	gpt56luna	Gitksan	pdf1_brown	original	modelgloss	cheatsheet_jpg	37	0	14.554888230798882	47.3230360678442
gpt56luna_gitksan_pdf1_brown_original_shot_cheatsheet_txt	gpt56luna	Gitksan	pdf1_brown	original	shot	cheatsheet_txt	37	0	3.9561110337336465	28.05854415466451
gpt56luna_gitksan_pdf1_brown_original_chain_gloss_cheatsheet_txt	gpt56luna	Gitksan	pdf1_brown	original	chain_gloss	cheatsheet_txt	37	0	5.146005927526248	28.411506822706777
gpt56luna_gitksan_pdf1_brown_original_modelgloss_cheatsheet_txt	gpt56luna	Gitksan	pdf1_brown	original	modelgloss	cheatsheet_txt	37	0	18.355391513917233	50.22734419888292
gpt56luna_gitksan_pdf1_brown_original_shot_pdfpages_impactful_jpg	gpt56luna	Gitksan	pdf1_brown	original	shot	pdfpages_impactful_jpg	37	0	3.4510190243586947	27.31999609688077
gpt56luna_gitksan_pdf1_brown_original_chain_gloss_pdfpages_impactful_jpg	gpt56luna	Gitksan	pdf1_brown	original	chain_gloss	pdfpages_impactful_jpg	37	0	3.635888790890484	26.743841980115977
gpt56luna_gitksan_pdf1_brown_original_modelgloss_pdfpages_impactful_jpg	gpt56luna	Gitksan	pdf1_brown	original	modelgloss	pdfpages_impactful_jpg	37	0	14.983211104072838	48.10608069571718
gpt56luna_gitksan_pdf1_brown_original_shot_summary_tables_jpg	gpt56luna	Gitksan	pdf1_brown	original	shot	summary_tables_jpg	37	0	3.5311835094702926	27.266078940610683
gpt56luna_gitksan_pdf1_brown_original_chain_gloss_summary_tables_jpg	gpt56luna	Gitksan	pdf1_brown	original	chain_gloss	summary_tables_jpg	37	0	3.8574675580016056	27.198672011055052
gpt56luna_gitksan_pdf1_brown_original_modelgloss_summary_tables_jpg	gpt56luna	Gitksan	pdf1_brown	original	modelgloss	summary_tables_jpg	37	0	16.560137904758413	48.554337551325794
gpt56luna_gitksan_pdf1_brown_original_shot_summary_tables_txt	gpt56luna	Gitksan	pdf1_brown	original	shot	summary_tables_txt	37	0	3.7350723870856095	28.129723850262238
gpt56luna_gitksan_pdf1_brown_original_chain_gloss_summary_tables_txt	gpt56luna	Gitksan	pdf1_brown	original	chain_gloss	summary_tables_txt	37	0	4.5461758995702155	27.524257044967943
gpt56luna_gitksan_pdf1_brown_original_modelgloss_summary_tables_txt	gpt56luna	Gitksan	pdf1_brown	original	modelgloss	summary_tables_txt	37	0	14.467633485874384	46.49676519930452
gpt56luna_gitksan_pdf1_brown_original_shot_summary_text_txt	gpt56luna	Gitksan	pdf1_brown	original	shot	summary_text_txt	37	0	4.807318240128648	28.036026116867973
gpt56luna_gitksan_pdf1_brown_original_chain_gloss_summary_text_txt	gpt56luna	Gitksan	pdf1_brown	original	chain_gloss	summary_text_txt	37	0	6.199805781768655	29.862762976234514
gpt56luna_gitksan_pdf1_brown_original_modelgloss_summary_text_txt	gpt56luna	Gitksan	pdf1_brown	original	modelgloss	summary_text_txt	37	0	17.73793485712499	49.359643942429734
gpt56luna_gitksan_pdf2_rigsby_original_shot_cheatsheet_jpg	gpt56luna	Gitksan	pdf2_rigsby	original	shot	cheatsheet_jpg	37	0	3.4904557106119034	27.749156116783013
gpt56luna_gitksan_pdf2_rigsby_original_chain_gloss_cheatsheet_jpg	gpt56luna	Gitksan	pdf2_rigsby	original	chain_gloss	cheatsheet_jpg	37	0	4.947249668732051	27.177691195532606
gpt56luna_gitksan_pdf2_rigsby_original_modelgloss_cheatsheet_jpg	gpt56luna	Gitksan	pdf2_rigsby	original	modelgloss	cheatsheet_jpg	37	0	14.603445646164612	48.167472798221645
gpt56luna_gitksan_pdf2_rigsby_original_shot_cheatsheet_txt	gpt56luna	Gitksan	pdf2_rigsby	original	shot	cheatsheet_txt	37	0	3.4651708626071143	27.442589561460178
gpt56luna_gitksan_pdf2_rigsby_original_chain_gloss_cheatsheet_txt	gpt56luna	Gitksan	pdf2_rigsby	original	chain_gloss	cheatsheet_txt	37	0	3.357460942100561	26.919953949329344
gpt56luna_gitksan_pdf2_rigsby_original_modelgloss_cheatsheet_txt	gpt56luna	Gitksan	pdf2_rigsby	original	modelgloss	cheatsheet_txt	37	0	16.131493085476503	48.31849381450207
gpt56luna_gitksan_pdf2_rigsby_original_shot_pdfpages_impactful_jpg	gpt56luna	Gitksan	pdf2_rigsby	original	shot	pdfpages_impactful_jpg	37	0	3.8690050931585644	27.262327300562717
gpt56luna_gitksan_pdf2_rigsby_original_chain_gloss_pdfpages_impactful_jpg	gpt56luna	Gitksan	pdf2_rigsby	original	chain_gloss	pdfpages_impactful_jpg	37	0	2.937661968329613	26.713407086073516
gpt56luna_gitksan_pdf2_rigsby_original_modelgloss_pdfpages_impactful_jpg	gpt56luna	Gitksan	pdf2_rigsby	original	modelgloss	pdfpages_impactful_jpg	37	0	17.0578141844651	49.92131530214012
gpt56luna_gitksan_pdf2_rigsby_original_shot_summary_tables_jpg	gpt56luna	Gitksan	pdf2_rigsby	original	shot	summary_tables_jpg	37	0	2.710770608092984	26.775920108110522
gpt56luna_gitksan_pdf2_rigsby_original_chain_gloss_summary_tables_jpg	gpt56luna	Gitksan	pdf2_rigsby	original	chain_gloss	summary_tables_jpg	37	0	4.764987839136179	27.492161163426882
gpt56luna_gitksan_pdf2_rigsby_original_modelgloss_summary_tables_jpg	gpt56luna	Gitksan	pdf2_rigsby	original	modelgloss	summary_tables_jpg	37	0	15.667790998976024	48.241319004250684
gpt56luna_gitksan_pdf2_rigsby_original_shot_summary_tables_txt	gpt56luna	Gitksan	pdf2_rigsby	original	shot	summary_tables_txt	37	0	3.469239307434906	25.514680403295415
gpt56luna_gitksan_pdf2_rigsby_original_chain_gloss_summary_tables_txt	gpt56luna	Gitksan	pdf2_rigsby	original	chain_gloss	summary_tables_txt	37	0	3.6328313824097447	25.7200541067993
gpt56luna_gitksan_pdf2_rigsby_original_modelgloss_summary_tables_txt	gpt56luna	Gitksan	pdf2_rigsby	original	modelgloss	summary_tables_txt	37	0	14.739706953651474	46.64503773912309
gpt56luna_gitksan_pdf2_rigsby_original_shot_summary_text_txt	gpt56luna	Gitksan	pdf2_rigsby	original	shot	summary_text_txt	37	0	3.959114539843813	25.836602092210182
gpt56luna_gitksan_pdf2_rigsby_original_chain_gloss_summary_text_txt	gpt56luna	Gitksan	pdf2_rigsby	original	chain_gloss	summary_text_txt	37	0	5.2210401073851145	28.275233566295064
gpt56luna_gitksan_pdf2_rigsby_original_modelgloss_summary_text_txt	gpt56luna	Gitksan	pdf2_rigsby	original	modelgloss	summary_text_txt	37	0	14.709893656290092	47.6409183016359
gpt56luna_lezgi_grammar_cyrillic_shot_cheatsheet_jpg	gpt56luna	Lezgi	grammar	cyrillic	shot	cheatsheet_jpg	87	0	11.943562421244915	35.70271305479445
gpt56luna_lezgi_grammar_cyrillic_chain_gloss_cheatsheet_jpg	gpt56luna	Lezgi	grammar	cyrillic	chain_gloss	cheatsheet_jpg	87	0	11.766133057031363	34.10975447178477
gpt56luna_lezgi_grammar_cyrillic_modelgloss_cheatsheet_jpg	gpt56luna	Lezgi	grammar	cyrillic	modelgloss	cheatsheet_jpg	87	0	15.480119011757177	41.74593084470495
gpt56luna_lezgi_grammar_cyrillic_shot_cheatsheet_txt	gpt56luna	Lezgi	grammar	cyrillic	shot	cheatsheet_txt	87	0	11.204290185140604	34.16869421995799
gpt56luna_lezgi_grammar_cyrillic_chain_gloss_cheatsheet_txt	gpt56luna	Lezgi	grammar	cyrillic	chain_gloss	cheatsheet_txt	87	0	10.90559425618033	33.963313731201595
gpt56luna_lezgi_grammar_cyrillic_modelgloss_cheatsheet_txt	gpt56luna	Lezgi	grammar	cyrillic	modelgloss	cheatsheet_txt	87	0	15.279807436052852	43.223300054017514
gpt56luna_lezgi_grammar_cyrillic_chain_gloss_summary_tables_jpg	gpt56luna	Lezgi	grammar	cyrillic	chain_gloss	summary_tables_jpg	87	0	10.828631931039004	33.755152932007874
gpt56luna_lezgi_grammar_cyrillic_modelgloss_summary_tables_jpg	gpt56luna	Lezgi	grammar	cyrillic	modelgloss	summary_tables_jpg	87	0	17.27307342590956	42.91291794689464
gpt56luna_gitksan_grammar_original_shot_baseline	gpt56luna	Gitksan	grammar	original	shot	baseline	37	0	4.100125920574322	27.215454953939272
gpt56luna_gitksan_grammar_original_chain_gloss_baseline	gpt56luna	Gitksan	grammar	original	chain_gloss	baseline	37	0	4.485827310792197	26.2853998339182
gpt56luna_gitksan_grammar_original_modelgloss_baseline	gpt56luna	Gitksan	grammar	original	modelgloss	baseline	37	0	14.570254896804668	47.78402490105397
gpt56luna_lezgi_grammar_original_shot_baseline	gpt56luna	Lezgi	grammar	original	shot	baseline	87	0	12.772567575576957	37.31834734047082
gpt56luna_lezgi_grammar_original_chain_gloss_baseline	gpt56luna	Lezgi	grammar	original	chain_gloss	baseline	87	0	11.610493807587146	34.804614790652195
gpt56luna_lezgi_grammar_original_modelgloss_baseline	gpt56luna	Lezgi	grammar	original	modelgloss	baseline	87	0	17.24429307358376	42.98067256099798
gpt56luna_natugu_grammar_original_shot_baseline	gpt56luna	Natugu	grammar	original	shot	baseline	99	0	4.805133870282839	23.961350877013192
gpt56luna_natugu_grammar_original_chain_gloss_baseline	gpt56luna	Natugu	grammar	original	chain_gloss	baseline	99	0	4.493118041594871	22.1823012481346
gpt56luna_natugu_grammar_original_modelgloss_baseline	gpt56luna	Natugu	grammar	original	modelgloss	baseline	99	0	19.295482346004945	44.23422204383617
gpt56luna_tsez_grammar_original_shot_baseline	gpt56luna	Tsez	grammar	original	shot	baseline	99	0	1.8154133661328122	20.441333529976834
gpt56luna_tsez_grammar_original_chain_gloss_baseline	gpt56luna	Tsez	grammar	original	chain_gloss	baseline	99	0	0.9322189872247922	20.037750257558443
gpt56luna_tsez_grammar_original_modelgloss_baseline	gpt56luna	Tsez	grammar	original	modelgloss	baseline	99	0	17.95341498814158	43.95188095049078
