package	family	model	language	cohort	left	right	id	metric	n	clusters	left_score	right_score	delta	ci_low	ci_high	p_raw	ci_type	resampling	left_failures	right_failures	p_holm	family_tests
A	A_methods	qwen3	Gitksan	native	configs/matched_gold_v2/qwen3_gitksan_grammar_original_modelgloss_baseline.json	configs/matched_gold_v2/qwen3_gitksan_grammar_original_shot_baseline.json	A_methods_000	chrF++	37	37	46.10421310786265	22.932749817715877	23.17146329014677	17.826972650698774	28.209815211106726	9.99990000099999e-06	pointwise95_percentile	source_cluster	0	0	0.0007199928000719993	72
A	A_methods	qwen3	Gitksan	native	configs/matched_gold_v2/qwen3_gitksan_grammar_original_modelgloss_baseline.json	configs/matched_gold_v2/qwen3_gitksan_grammar_original_shot_baseline.json	A_methods_000	BLEU	37	37	14.97832538252319	4.856615191094912	10.121710191428278	4.88080758441485	14.728463218097094	0.00018999810001899982	pointwise95_percentile	source_cluster	0	0	0.005129948700512995	72
A	A_methods	qwen3	Gitksan	native	configs/matched_gold_v2/qwen3_gitksan_grammar_original_chain_gloss_baseline.json	configs/matched_gold_v2/qwen3_gitksan_grammar_original_shot_baseline.json	A_methods_001	chrF++	37	37	18.111654252001863	22.932749817715877	-4.821095565714014	-9.7637929371025	-0.5934351847747196	0.03875961240387596	pointwise95_percentile	source_cluster	1	0	0.7364326356736433	72
A	A_methods	qwen3	Gitksan	native	configs/matched_gold_v2/qwen3_gitksan_grammar_original_chain_gloss_baseline.json	configs/matched_gold_v2/qwen3_gitksan_grammar_original_shot_baseline.json	A_methods_001	BLEU	37	37	3.7978111582165055	4.856615191094912	-1.0588040328784065	-3.6066388392072217	0.9951333052373194	0.38382616173838263	pointwise95_percentile	source_cluster	1	0	1.0	72
A	A_methods	qwen3	Gitksan	native	configs/matched_gold_v2/qwen3_gitksan_grammar_original_modelgloss_baseline.json	configs/matched_gold_v2/qwen3_gitksan_grammar_original_chain_gloss_baseline.json	A_methods_002	chrF++	37	37	46.10421310786265	18.111654252001863	27.992558855860786	22.01942863985862	33.36929896896318	9.99990000099999e-06	pointwise95_percentile	source_cluster	0	1	0.0007199928000719993	72
A	A_methods	qwen3	Gitksan	native	configs/matched_gold_v2/qwen3_gitksan_grammar_original_modelgloss_baseline.json	configs/matched_gold_v2/qwen3_gitksan_grammar_original_chain_gloss_baseline.json	A_methods_002	BLEU	37	37	14.97832538252319	3.7978111582165055	11.180514224306684	6.400250966755267	15.506582673498926	9.99990000099999e-06	pointwise95_percentile	source_cluster	0	1	0.0007199928000719993	72
A	A_methods	qwen3	Lezgi	valid84	configs/matched_gold_v2/qwen3_lezgi_grammar_original_modelgloss_baseline.json	configs/matched_gold_v2/qwen3_lezgi_grammar_original_shot_baseline.json	A_methods_003	chrF++	84	82	34.7787215992417	19.88813382572778	14.890587773513918	11.573301394193246	18.293862537298114	9.99990000099999e-06	pointwise95_percentile	source_cluster	0	0	0.0007199928000719993	72
A	A_methods	qwen3	Lezgi	valid84	configs/matched_gold_v2/qwen3_lezgi_grammar_original_modelgloss_baseline.json	configs/matched_gold_v2/qwen3_lezgi_grammar_original_shot_baseline.json	A_methods_003	BLEU	84	82	8.809500149153884	3.9325841331684206	4.876916015985463	1.6959341564188886	8.293869655604304	0.004009959900400996	pointwise95_percentile	source_cluster	0	0	0.0962390376096239	72
A	A_methods	qwen3	Lezgi	valid84	configs/matched_gold_v2/qwen3_lezgi_grammar_original_chain_gloss_baseline.json	configs/matched_gold_v2/qwen3_lezgi_grammar_original_shot_baseline.json	A_methods_004	chrF++	84	82	19.263656345955404	19.88813382572778	-0.6244774797723771	-2.405106031937756	1.0761898198607533	0.4781452185478145	pointwise95_percentile	source_cluster	1	0	1.0	72
A	A_methods	qwen3	Lezgi	valid84	configs/matched_gold_v2/qwen3_lezgi_grammar_original_chain_gloss_baseline.json	configs/matched_gold_v2/qwen3_lezgi_grammar_original_shot_baseline.json	A_methods_004	BLEU	84	82	4.2634809273315035	3.9325841331684206	0.33089679416308293	-1.3687097616577233	2.126532513662481	0.7000929990700093	pointwise95_percentile	source_cluster	1	0	1.0	72
A	A_methods	qwen3	Lezgi	valid84	configs/matched_gold_v2/qwen3_lezgi_grammar_original_modelgloss_baseline.json	configs/matched_gold_v2/qwen3_lezgi_grammar_original_chain_gloss_baseline.json	A_methods_005	chrF++	84	82	34.7787215992417	19.263656345955404	15.515065253286295	12.259567614258074	18.917552523283547	9.99990000099999e-06	pointwise95_percentile	source_cluster	0	1	0.0007199928000719993	72
A	A_methods	qwen3	Lezgi	valid84	configs/matched_gold_v2/qwen3_lezgi_grammar_original_modelgloss_baseline.json	configs/matched_gold_v2/qwen3_lezgi_grammar_original_chain_gloss_baseline.json	A_methods_005	BLEU	84	82	8.809500149153884	4.2634809273315035	4.54601922182238	1.1151773415319979	8.244354735565617	0.012689873101268987	pointwise95_percentile	source_cluster	0	1	0.26648733512664874	72
A	A_methods	qwen3	Lezgi	sensitivity83	configs/matched_gold_v2/qwen3_lezgi_grammar_original_modelgloss_baseline.json	configs/matched_gold_v2/qwen3_lezgi_grammar_original_shot_baseline.json	A_methods_006	chrF++	83	81	34.507069416673524	19.399955223598734	15.10711419307479	11.797823789190012	18.551040801230172	9.99990000099999e-06	pointwise95_percentile	source_cluster	0	0	0.0007199928000719993	72
A	A_methods	qwen3	Lezgi	sensitivity83	configs/matched_gold_v2/qwen3_lezgi_grammar_original_modelgloss_baseline.json	configs/matched_gold_v2/qwen3_lezgi_grammar_original_shot_baseline.json	A_methods_006	BLEU	83	81	8.463536036072586	3.289458797924168	5.174077238148419	1.844416822517952	8.720936421598568	0.002969970300296997	pointwise95_percentile	source_cluster	0	0	0.07424925750742492	72
A	A_methods	qwen3	Lezgi	sensitivity83	configs/matched_gold_v2/qwen3_lezgi_grammar_original_chain_gloss_baseline.json	configs/matched_gold_v2/qwen3_lezgi_grammar_original_shot_baseline.json	A_methods_007	chrF++	83	81	18.77547905138926	19.399955223598734	-0.6244761722094729	-2.4200528326192607	1.09839088020248	0.48505514944850553	pointwise95_percentile	source_cluster	1	0	1.0	72
A	A_methods	qwen3	Lezgi	sensitivity83	configs/matched_gold_v2/qwen3_lezgi_grammar_original_chain_gloss_baseline.json	configs/matched_gold_v2/qwen3_lezgi_grammar_original_shot_baseline.json	A_methods_007	BLEU	83	81	3.6289452909978097	3.289458797924168	0.33948649307364187	-1.5103737183998207	2.2951559709166878	0.7216327836721633	pointwise95_percentile	source_cluster	1	0	1.0	72
A	A_methods	qwen3	Lezgi	sensitivity83	configs/matched_gold_v2/qwen3_lezgi_grammar_original_modelgloss_baseline.json	configs/matched_gold_v2/qwen3_lezgi_grammar_original_chain_gloss_baseline.json	A_methods_008	chrF++	83	81	34.507069416673524	18.77547905138926	15.731590365284262	12.522832333666297	19.17512377533359	9.99990000099999e-06	pointwise95_percentile	source_cluster	0	1	0.0007199928000719993	72
A	A_methods	qwen3	Lezgi	sensitivity83	configs/matched_gold_v2/qwen3_lezgi_grammar_original_modelgloss_baseline.json	configs/matched_gold_v2/qwen3_lezgi_grammar_original_chain_gloss_baseline.json	A_methods_008	BLEU	83	81	8.463536036072586	3.6289452909978097	4.8345907450747765	1.2208455939261003	8.736804208064818	0.011649883501164988	pointwise95_percentile	source_cluster	0	1	0.25629743702562974	72
A	A_methods	qwen3	Natugu	native	configs/matched_gold_v2/qwen3_natugu_grammar_original_modelgloss_baseline.json	configs/matched_gold_v2/qwen3_natugu_grammar_original_shot_baseline.json	A_methods_009	chrF++	99	99	39.14468793800005	19.538684308976457	19.60600362902359	17.182142278795315	22.17037775947817	9.99990000099999e-06	pointwise95_percentile	source_cluster	0	0	0.0007199928000719993	72
A	A_methods	qwen3	Natugu	native	configs/matched_gold_v2/qwen3_natugu_grammar_original_modelgloss_baseline.json	configs/matched_gold_v2/qwen3_natugu_grammar_original_shot_baseline.json	A_methods_009	BLEU	99	99	14.088380580051682	2.3418201737526743	11.746560406299007	8.659262991840352	15.104704633943479	9.99990000099999e-06	pointwise95_percentile	source_cluster	0	0	0.0007199928000719993	72
A	A_methods	qwen3	Natugu	native	configs/matched_gold_v2/qwen3_natugu_grammar_original_chain_gloss_baseline.json	configs/matched_gold_v2/qwen3_natugu_grammar_original_shot_baseline.json	A_methods_010	chrF++	99	99	18.69523255370943	19.538684308976457	-0.8434517552670258	-2.3248151183870873	0.602952627489437	0.2572974270257297	pointwise95_percentile	source_cluster	3	0	1.0	72
A	A_methods	qwen3	Natugu	native	configs/matched_gold_v2/qwen3_natugu_grammar_original_chain_gloss_baseline.json	configs/matched_gold_v2/qwen3_natugu_grammar_original_shot_baseline.json	A_methods_010	BLEU	99	99	3.1946789397647914	2.3418201737526743	0.8528587660121172	-1.2151686791594971	2.95497450154305	0.43019569804301955	pointwise95_percentile	source_cluster	3	0	1.0	72
A	A_methods	qwen3	Natugu	native	configs/matched_gold_v2/qwen3_natugu_grammar_original_modelgloss_baseline.json	configs/matched_gold_v2/qwen3_natugu_grammar_original_chain_gloss_baseline.json	A_methods_011	chrF++	99	99	39.14468793800005	18.69523255370943	20.449455384290616	17.64921463866642	23.36862094710466	9.99990000099999e-06	pointwise95_percentile	source_cluster	0	3	0.0007199928000719993	72
A	A_methods	qwen3	Natugu	native	configs/matched_gold_v2/qwen3_natugu_grammar_original_modelgloss_baseline.json	configs/matched_gold_v2/qwen3_natugu_grammar_original_chain_gloss_baseline.json	A_methods_011	BLEU	99	99	14.088380580051682	3.1946789397647914	10.89370164028689	7.600501224542882	14.424070247603439	9.99990000099999e-06	pointwise95_percentile	source_cluster	0	3	0.0007199928000719993	72
A	A_methods	qwen3	Tsez	native	configs/matched_gold_v2/qwen3_tsez_grammar_original_modelgloss_baseline.json	configs/matched_gold_v2/qwen3_tsez_grammar_original_shot_baseline.json	A_methods_012	chrF++	445	445	38.94532452307673	18.135088336099205	20.810236186977523	19.78464880750494	21.84863571069081	9.99990000099999e-06	pointwise95_percentile	source_cluster	0	0	0.0007199928000719993	72
A	A_methods	qwen3	Tsez	native	configs/matched_gold_v2/qwen3_tsez_grammar_original_modelgloss_baseline.json	configs/matched_gold_v2/qwen3_tsez_grammar_original_shot_baseline.json	A_methods_012	BLEU	445	445	12.075441242537064	2.1749100723840376	9.900531170153027	8.752476098983172	11.118538485580464	9.99990000099999e-06	pointwise95_percentile	source_cluster	0	0	0.0007199928000719993	72
A	A_methods	qwen3	Tsez	native	configs/matched_gold_v2/qwen3_tsez_grammar_original_chain_gloss_baseline.json	configs/matched_gold_v2/qwen3_tsez_grammar_original_shot_baseline.json	A_methods_013	chrF++	445	445	15.524380837201745	18.135088336099205	-2.61070749889746	-3.4800571529108955	-1.7586400386250118	9.99990000099999e-06	pointwise95_percentile	source_cluster	35	0	0.0007199928000719993	72
A	A_methods	qwen3	Tsez	native	configs/matched_gold_v2/qwen3_tsez_grammar_original_chain_gloss_baseline.json	configs/matched_gold_v2/qwen3_tsez_grammar_original_shot_baseline.json	A_methods_013	BLEU	445	445	1.219289719358583	2.1749100723840376	-0.9556203530254546	-1.7058916813134113	-0.3013037401063136	0.007929920700792991	pointwise95_percentile	source_cluster	35	0	0.1823881761182388	72
A	A_methods	qwen3	Tsez	native	configs/matched_gold_v2/qwen3_tsez_grammar_original_modelgloss_baseline.json	configs/matched_gold_v2/qwen3_tsez_grammar_original_chain_gloss_baseline.json	A_methods_014	chrF++	445	445	38.94532452307673	15.524380837201745	23.42094368587498	22.232822085043214	24.626380630167166	9.99990000099999e-06	pointwise95_percentile	source_cluster	0	35	0.0007199928000719993	72
A	A_methods	qwen3	Tsez	native	configs/matched_gold_v2/qwen3_tsez_grammar_original_modelgloss_baseline.json	configs/matched_gold_v2/qwen3_tsez_grammar_original_chain_gloss_baseline.json	A_methods_014	BLEU	445	445	12.075441242537064	1.219289719358583	10.85615152317848	9.65678539165688	12.118334623811352	9.99990000099999e-06	pointwise95_percentile	source_cluster	0	35	0.0007199928000719993	72
A	A_methods	qwen3	Tsez	common99	configs/matched_gold_v2/qwen3_tsez_grammar_original_modelgloss_baseline.json	configs/matched_gold_v2/qwen3_tsez_grammar_original_shot_baseline.json	A_methods_015	chrF++	99	99	38.175098759039216	17.33012478024353	20.844973978795686	18.609228907334824	23.160301317362006	9.99990000099999e-06	pointwise95_percentile	source_cluster	0	0	0.0007199928000719993	72
A	A_methods	qwen3	Tsez	common99	configs/matched_gold_v2/qwen3_tsez_grammar_original_modelgloss_baseline.json	configs/matched_gold_v2/qwen3_tsez_grammar_original_shot_baseline.json	A_methods_015	BLEU	99	99	11.835913255994832	1.2531861780762061	10.582727077918626	8.070723548524395	13.096621393183462	9.99990000099999e-06	pointwise95_percentile	source_cluster	0	0	0.0007199928000719993	72
A	A_methods	qwen3	Tsez	common99	configs/matched_gold_v2/qwen3_tsez_grammar_original_chain_gloss_baseline.json	configs/matched_gold_v2/qwen3_tsez_grammar_original_shot_baseline.json	A_methods_016	chrF++	99	99	15.642035394898857	17.33012478024353	-1.6880893853446732	-3.2478264926023366	-0.13729812209691103	0.03361966380336197	pointwise95_percentile	source_cluster	6	0	0.6723932760672393	72
A	A_methods	qwen3	Tsez	common99	configs/matched_gold_v2/qwen3_tsez_grammar_original_chain_gloss_baseline.json	configs/matched_gold_v2/qwen3_tsez_grammar_original_shot_baseline.json	A_methods_016	BLEU	99	99	1.2563538727200825	1.2531861780762061	0.00316769464387634	-0.7162312211812942	0.7267923694623566	0.992090079099209	pointwise95_percentile	source_cluster	6	0	1.0	72
A	A_methods	qwen3	Tsez	common99	configs/matched_gold_v2/qwen3_tsez_grammar_original_modelgloss_baseline.json	configs/matched_gold_v2/qwen3_tsez_grammar_original_chain_gloss_baseline.json	A_methods_017	chrF++	99	99	38.175098759039216	15.642035394898857	22.53306336414036	19.9128722973988	25.133824609019797	9.99990000099999e-06	pointwise95_percentile	source_cluster	0	6	0.0007199928000719993	72
A	A_methods	qwen3	Tsez	common99	configs/matched_gold_v2/qwen3_tsez_grammar_original_modelgloss_baseline.json	configs/matched_gold_v2/qwen3_tsez_grammar_original_chain_gloss_baseline.json	A_methods_017	BLEU	99	99	11.835913255994832	1.2563538727200825	10.57955938327475	7.988856383604242	13.184154184124624	9.99990000099999e-06	pointwise95_percentile	source_cluster	0	6	0.0007199928000719993	72
A	A_methods	qwen35	Gitksan	native	configs/matched_gold_v2/qwen35_gitksan_grammar_original_modelgloss_baseline.json	configs/matched_gold_v2/qwen35_gitksan_grammar_original_shot_baseline.json	A_methods_018	chrF++	37	37	49.14151012692942	23.60679451602658	25.53471561090284	20.59817455272605	30.18160541878527	9.99990000099999e-06	pointwise95_percentile	source_cluster	0	0	0.0007199928000719993	72
A	A_methods	qwen35	Gitksan	native	configs/matched_gold_v2/qwen35_gitksan_grammar_original_modelgloss_baseline.json	configs/matched_gold_v2/qwen35_gitksan_grammar_original_shot_baseline.json	A_methods_018	BLEU	37	37	21.062000651664395	4.009293594145682	17.052707057518713	10.933567258767946	23.73268701608343	9.99990000099999e-06	pointwise95_percentile	source_cluster	0	0	0.0007199928000719993	72
A	A_methods	qwen35	Gitksan	native	configs/matched_gold_v2/qwen35_gitksan_grammar_original_chain_gloss_baseline.json	configs/matched_gold_v2/qwen35_gitksan_grammar_original_shot_baseline.json	A_methods_019	chrF++	37	37	23.46063968264876	23.60679451602658	-0.14615483337781754	-2.149611228742283	1.9294695009769305	0.8906210937890621	pointwise95_percentile	source_cluster	0	0	1.0	72
A	A_methods	qwen35	Gitksan	native	configs/matched_gold_v2/qwen35_gitksan_grammar_original_chain_gloss_baseline.json	configs/matched_gold_v2/qwen35_gitksan_grammar_original_shot_baseline.json	A_methods_019	BLEU	37	37	4.1415458935673435	4.009293594145682	0.13225229942166106	-0.7697950675129511	0.99498563475733	0.7634323656763432	pointwise95_percentile	source_cluster	0	0	1.0	72
A	A_methods	qwen35	Gitksan	native	configs/matched_gold_v2/qwen35_gitksan_grammar_original_modelgloss_baseline.json	configs/matched_gold_v2/qwen35_gitksan_grammar_original_chain_gloss_baseline.json	A_methods_020	chrF++	37	37	49.14151012692942	23.46063968264876	25.680870444280657	20.14869257357457	30.866051407515705	9.99990000099999e-06	pointwise95_percentile	source_cluster	0	0	0.0007199928000719993	72
A	A_methods	qwen35	Gitksan	native	configs/matched_gold_v2/qwen35_gitksan_grammar_original_modelgloss_baseline.json	configs/matched_gold_v2/qwen35_gitksan_grammar_original_chain_gloss_baseline.json	A_methods_020	BLEU	37	37	21.062000651664395	4.1415458935673435	16.92045475809705	10.630728308323992	23.698489125449495	9.99990000099999e-06	pointwise95_percentile	source_cluster	0	0	0.0007199928000719993	72
A	A_methods	qwen35	Lezgi	valid84	configs/matched_gold_v2/qwen35_lezgi_grammar_original_modelgloss_baseline.json	configs/matched_gold_v2/qwen35_lezgi_grammar_original_shot_baseline.json	A_methods_021	chrF++	84	82	39.80286964093863	25.37797628627955	14.42489335465908	10.839928774046843	18.012443770609295	9.99990000099999e-06	pointwise95_percentile	source_cluster	0	0	0.0007199928000719993	72
A	A_methods	qwen35	Lezgi	valid84	configs/matched_gold_v2/qwen35_lezgi_grammar_original_modelgloss_baseline.json	configs/matched_gold_v2/qwen35_lezgi_grammar_original_shot_baseline.json	A_methods_021	BLEU	84	82	13.857302874611523	6.722751532665982	7.134551341945541	3.967876224502764	10.419869980107102	9.99990000099999e-06	pointwise95_percentile	source_cluster	0	0	0.0007199928000719993	72
A	A_methods	qwen35	Lezgi	valid84	configs/matched_gold_v2/qwen35_lezgi_grammar_original_chain_gloss_baseline.json	configs/matched_gold_v2/qwen35_lezgi_grammar_original_shot_baseline.json	A_methods_022	chrF++	84	82	26.25970012973704	25.37797628627955	0.8817238434574897	-1.136884859271842	2.9826346105742596	0.3968460315396846	pointwise95_percentile	source_cluster	0	0	1.0	72
A	A_methods	qwen35	Lezgi	valid84	configs/matched_gold_v2/qwen35_lezgi_grammar_original_chain_gloss_baseline.json	configs/matched_gold_v2/qwen35_lezgi_grammar_original_shot_baseline.json	A_methods_022	BLEU	84	82	6.366870529945038	6.722751532665982	-0.3558810027209445	-2.175454894521268	1.6276978541060927	0.7085829141708583	pointwise95_percentile	source_cluster	0	0	1.0	72
A	A_methods	qwen35	Lezgi	valid84	configs/matched_gold_v2/qwen35_lezgi_grammar_original_modelgloss_baseline.json	configs/matched_gold_v2/qwen35_lezgi_grammar_original_chain_gloss_baseline.json	A_methods_023	chrF++	84	82	39.80286964093863	26.25970012973704	13.54316951120159	10.157020532801251	16.885448554025594	9.99990000099999e-06	pointwise95_percentile	source_cluster	0	0	0.0007199928000719993	72
A	A_methods	qwen35	Lezgi	valid84	configs/matched_gold_v2/qwen35_lezgi_grammar_original_modelgloss_baseline.json	configs/matched_gold_v2/qwen35_lezgi_grammar_original_chain_gloss_baseline.json	A_methods_023	BLEU	84	82	13.857302874611523	6.366870529945038	7.490432344666486	4.284143645909069	10.757512117392094	2.999970000299997e-05	pointwise95_percentile	source_cluster	0	0	0.0008999910000899991	72
A	A_methods	qwen35	Lezgi	sensitivity83	configs/matched_gold_v2/qwen35_lezgi_grammar_original_modelgloss_baseline.json	configs/matched_gold_v2/qwen35_lezgi_grammar_original_shot_baseline.json	A_methods_024	chrF++	83	81	39.518460005425446	24.99822486413085	14.520235141294595	10.900103298510952	18.079430162100415	9.99990000099999e-06	pointwise95_percentile	source_cluster	0	0	0.0007199928000719993	72
A	A_methods	qwen35	Lezgi	sensitivity83	configs/matched_gold_v2/qwen35_lezgi_grammar_original_modelgloss_baseline.json	configs/matched_gold_v2/qwen35_lezgi_grammar_original_shot_baseline.json	A_methods_024	BLEU	83	81	13.566078824783432	6.351139253441979	7.214939571341453	4.01386164848649	10.549039285571807	5.999940000599994e-05	pointwise95_percentile	source_cluster	0	0	0.0016799832001679984	72
A	A_methods	qwen35	Lezgi	sensitivity83	configs/matched_gold_v2/qwen35_lezgi_grammar_original_chain_gloss_baseline.json	configs/matched_gold_v2/qwen35_lezgi_grammar_original_shot_baseline.json	A_methods_025	chrF++	83	81	25.82201949838571	24.99822486413085	0.8237946342548597	-1.2096095915885299	2.935576001227131	0.4340956590434096	pointwise95_percentile	source_cluster	0	0	1.0	72
A	A_methods	qwen35	Lezgi	sensitivity83	configs/matched_gold_v2/qwen35_lezgi_grammar_original_chain_gloss_baseline.json	configs/matched_gold_v2/qwen35_lezgi_grammar_original_shot_baseline.json	A_methods_025	BLEU	83	81	5.801175275660577	6.351139253441979	-0.5499639777814025	-2.397860149275451	1.5322710468797451	0.5771242287577124	pointwise95_percentile	source_cluster	0	0	1.0	72
A	A_methods	qwen35	Lezgi	sensitivity83	configs/matched_gold_v2/qwen35_lezgi_grammar_original_modelgloss_baseline.json	configs/matched_gold_v2/qwen35_lezgi_grammar_original_chain_gloss_baseline.json	A_methods_026	chrF++	83	81	39.518460005425446	25.82201949838571	13.696440507039735	10.304284820056704	17.040698789083635	9.99990000099999e-06	pointwise95_percentile	source_cluster	0	0	0.0007199928000719993	72
A	A_methods	qwen35	Lezgi	sensitivity83	configs/matched_gold_v2/qwen35_lezgi_grammar_original_modelgloss_baseline.json	configs/matched_gold_v2/qwen35_lezgi_grammar_original_chain_gloss_baseline.json	A_methods_026	BLEU	83	81	13.566078824783432	5.801175275660577	7.764903549122855	4.513263076255419	11.09552716788492	9.99990000099999e-06	pointwise95_percentile	source_cluster	0	0	0.0007199928000719993	72
A	A_methods	qwen35	Natugu	native	configs/matched_gold_v2/qwen35_natugu_grammar_original_modelgloss_baseline.json	configs/matched_gold_v2/qwen35_natugu_grammar_original_shot_baseline.json	A_methods_027	chrF++	99	99	41.588945766270044	18.81801252260774	22.770933243662302	20.386613027579223	25.282158808913618	9.99990000099999e-06	pointwise95_percentile	source_cluster	0	0	0.0007199928000719993	72
A	A_methods	qwen35	Natugu	native	configs/matched_gold_v2/qwen35_natugu_grammar_original_modelgloss_baseline.json	configs/matched_gold_v2/qwen35_natugu_grammar_original_shot_baseline.json	A_methods_027	BLEU	99	99	16.550467119535273	3.5354598651760973	13.015007254359176	9.804400650496193	16.438480512903322	9.99990000099999e-06	pointwise95_percentile	source_cluster	0	0	0.0007199928000719993	72
A	A_methods	qwen35	Natugu	native	configs/matched_gold_v2/qwen35_natugu_grammar_original_chain_gloss_baseline.json	configs/matched_gold_v2/qwen35_natugu_grammar_original_shot_baseline.json	A_methods_028	chrF++	99	99	19.63990312657481	18.81801252260774	0.8218906039670699	-0.6430913662394286	2.2377764055505347	0.26104738952610473	pointwise95_percentile	source_cluster	0	0	1.0	72
A	A_methods	qwen35	Natugu	native	configs/matched_gold_v2/qwen35_natugu_grammar_original_chain_gloss_baseline.json	configs/matched_gold_v2/qwen35_natugu_grammar_original_shot_baseline.json	A_methods_028	BLEU	99	99	3.59617520416194	3.5354598651760973	0.06071533898584258	-1.4900638053543755	1.4549812980565442	0.9347806521934781	pointwise95_percentile	source_cluster	0	0	1.0	72
A	A_methods	qwen35	Natugu	native	configs/matched_gold_v2/qwen35_natugu_grammar_original_modelgloss_baseline.json	configs/matched_gold_v2/qwen35_natugu_grammar_original_chain_gloss_baseline.json	A_methods_029	chrF++	99	99	41.588945766270044	19.63990312657481	21.949042639695232	19.38617163829347	24.617824605368032	9.99990000099999e-06	pointwise95_percentile	source_cluster	0	0	0.0007199928000719993	72
A	A_methods	qwen35	Natugu	native	configs/matched_gold_v2/qwen35_natugu_grammar_original_modelgloss_baseline.json	configs/matched_gold_v2/qwen35_natugu_grammar_original_chain_gloss_baseline.json	A_methods_029	BLEU	99	99	16.550467119535273	3.59617520416194	12.954291915373334	9.651916340244723	16.521624112527807	9.99990000099999e-06	pointwise95_percentile	source_cluster	0	0	0.0007199928000719993	72
A	A_methods	qwen35	Tsez	native	configs/matched_gold_v2/qwen35_tsez_grammar_original_modelgloss_baseline.json	configs/matched_gold_v2/qwen35_tsez_grammar_original_shot_baseline.json	A_methods_030	chrF++	445	445	39.95160066128436	18.436419177848865	21.515181483435494	20.469316015665505	22.584514342019386	9.99990000099999e-06	pointwise95_percentile	source_cluster	0	0	0.0007199928000719993	72
A	A_methods	qwen35	Tsez	native	configs/matched_gold_v2/qwen35_tsez_grammar_original_modelgloss_baseline.json	configs/matched_gold_v2/qwen35_tsez_grammar_original_shot_baseline.json	A_methods_030	BLEU	445	445	13.715460347776116	1.8159692860813548	11.89949106169476	10.60301816408607	13.230554448114601	9.99990000099999e-06	pointwise95_percentile	source_cluster	0	0	0.0007199928000719993	72
A	A_methods	qwen35	Tsez	native	configs/matched_gold_v2/qwen35_tsez_grammar_original_chain_gloss_baseline.json	configs/matched_gold_v2/qwen35_tsez_grammar_original_shot_baseline.json	A_methods_031	chrF++	445	445	17.197000997112262	18.436419177848865	-1.2394181807366031	-1.8227992704747802	-0.6591877722876283	4.999950000499995e-05	pointwise95_percentile	source_cluster	1	0	0.0014499855001449985	72
A	A_methods	qwen35	Tsez	native	configs/matched_gold_v2/qwen35_tsez_grammar_original_chain_gloss_baseline.json	configs/matched_gold_v2/qwen35_tsez_grammar_original_shot_baseline.json	A_methods_031	BLEU	445	445	0.9966835051251423	1.8159692860813548	-0.8192857809562125	-1.3776644159975449	-0.3180627253521218	0.0026099739002609975	pointwise95_percentile	source_cluster	1	0	0.06785932140678594	72
A	A_methods	qwen35	Tsez	native	configs/matched_gold_v2/qwen35_tsez_grammar_original_modelgloss_baseline.json	configs/matched_gold_v2/qwen35_tsez_grammar_original_chain_gloss_baseline.json	A_methods_032	chrF++	445	445	39.95160066128436	17.197000997112262	22.754599664172098	21.6963683964432	23.842633602213457	9.99990000099999e-06	pointwise95_percentile	source_cluster	0	1	0.0007199928000719993	72
A	A_methods	qwen35	Tsez	native	configs/matched_gold_v2/qwen35_tsez_grammar_original_modelgloss_baseline.json	configs/matched_gold_v2/qwen35_tsez_grammar_original_chain_gloss_baseline.json	A_methods_032	BLEU	445	445	13.715460347776116	0.9966835051251423	12.718776842650973	11.49060567688742	14.017948178521522	9.99990000099999e-06	pointwise95_percentile	source_cluster	0	1	0.0007199928000719993	72
A	A_methods	qwen35	Tsez	common99	configs/matched_gold_v2/qwen35_tsez_grammar_original_modelgloss_baseline.json	configs/matched_gold_v2/qwen35_tsez_grammar_original_shot_baseline.json	A_methods_033	chrF++	99	99	39.722271168557555	17.279522931693762	22.442748236863792	20.19674537208957	24.743771191513513	9.99990000099999e-06	pointwise95_percentile	source_cluster	0	0	0.0007199928000719993	72
A	A_methods	qwen35	Tsez	common99	configs/matched_gold_v2/qwen35_tsez_grammar_original_modelgloss_baseline.json	configs/matched_gold_v2/qwen35_tsez_grammar_original_shot_baseline.json	A_methods_033	BLEU	99	99	12.96087476439151	1.2363356086826263	11.724539155708884	9.367326431726255	14.067824701257381	9.99990000099999e-06	pointwise95_percentile	source_cluster	0	0	0.0007199928000719993	72
A	A_methods	qwen35	Tsez	common99	configs/matched_gold_v2/qwen35_tsez_grammar_original_chain_gloss_baseline.json	configs/matched_gold_v2/qwen35_tsez_grammar_original_shot_baseline.json	A_methods_034	chrF++	99	99	16.63517305918557	17.279522931693762	-0.6443498725081938	-1.8331289912536144	0.5104707790494699	0.28076719232807673	pointwise95_percentile	source_cluster	1	0	1.0	72
A	A_methods	qwen35	Tsez	common99	configs/matched_gold_v2/qwen35_tsez_grammar_original_chain_gloss_baseline.json	configs/matched_gold_v2/qwen35_tsez_grammar_original_shot_baseline.json	A_methods_034	BLEU	99	99	0.8454885360252614	1.2363356086826263	-0.39084707265736485	-0.9237977843749051	-0.0061607798025782225	0.09789902100978991	pointwise95_percentile	source_cluster	1	0	1.0	72
A	A_methods	qwen35	Tsez	common99	configs/matched_gold_v2/qwen35_tsez_grammar_original_modelgloss_baseline.json	configs/matched_gold_v2/qwen35_tsez_grammar_original_chain_gloss_baseline.json	A_methods_035	chrF++	99	99	39.722271168557555	16.63517305918557	23.087098109371986	20.659387924956658	25.61232496624334	9.99990000099999e-06	pointwise95_percentile	source_cluster	0	1	0.0007199928000719993	72
A	A_methods	qwen35	Tsez	common99	configs/matched_gold_v2/qwen35_tsez_grammar_original_modelgloss_baseline.json	configs/matched_gold_v2/qwen35_tsez_grammar_original_chain_gloss_baseline.json	A_methods_035	BLEU	99	99	12.96087476439151	0.8454885360252614	12.11538622836625	9.70119912962782	14.580928984188448	9.99990000099999e-06	pointwise95_percentile	source_cluster	0	1	0.0007199928000719993	72
