id	model	language	method	material	recorded_count	expected_count	recorded_input_mean	recorded_input_min	recorded_input_max	reconstructed_first_prompt_text_tokens	reconstructed_grammar_text_tokens	reconstructed_visual_tokens	image_count	image_dimensions	reconstruction_revision	limitation	result_sha256
qwen3_gitksan_grammar_original_chain_gloss_baseline	qwen3	Gitksan	chain_gloss	baseline	37	37	1792.5135135135135	1764	1891	1789	0		0	[]	0c351dd01ed87e9c1b53cbc748cba10e6187ff3b	Reconstructed components are not original logged counts and are not additive to chat-template length	d3290412e11711d459964f65957815ac2c86c929759948a41bc75a48752321aa
qwen3_gitksan_grammar_original_modelgloss_baseline	qwen3	Gitksan	modelgloss	baseline	37	37	1731.2432432432433	1677	1877	1741	0		0	[]	0c351dd01ed87e9c1b53cbc748cba10e6187ff3b	Reconstructed components are not original logged counts and are not additive to chat-template length	27a9764f8e3a3d60c79a520e570d84d8e162b662f3a3f522861ec47480f3c0f7
qwen3_gitksan_grammar_original_shot_baseline	qwen3	Gitksan	shot	baseline	37	37	1697.5135135135135	1669	1796	1694	0		0	[]	0c351dd01ed87e9c1b53cbc748cba10e6187ff3b	Reconstructed components are not original logged counts and are not additive to chat-template length	d54c062023ce42dcaa6c9327d34084d7b3f9aa7b8d79063ae6edf71956a36491
qwen3_gitksan_pdf1_brown_original_chain_gloss_cheatsheet_jpg	qwen3	Gitksan	chain_gloss	cheatsheet_jpg	37	37	6590.513513513513	6562	6689	1806	0	4779	1	[[1900, 2600]]	0c351dd01ed87e9c1b53cbc748cba10e6187ff3b	Reconstructed components are not original logged counts and are not additive to chat-template length	78f307014ac5af19dbd91ec791478e5db078b3dfe75b59898014c5e71985b5ac
qwen3_gitksan_pdf1_brown_original_chain_gloss_cheatsheet_txt	qwen3	Gitksan	chain_gloss	cheatsheet_txt	37	37	2217.5135135135133	2189	2316	2214	410		0	[]	0c351dd01ed87e9c1b53cbc748cba10e6187ff3b	Reconstructed components are not original logged counts and are not additive to chat-template length	8254d05d5ab56c139041a7cbf508e1ea64ebd9e53d9c3ca61a59eca8221593a2
qwen3_gitksan_pdf1_brown_original_chain_gloss_pdfpages_impactful_jpg	qwen3	Gitksan	chain_gloss	pdfpages_impactful_jpg	37	37	14103.513513513513	14075	14202	1806	0	12276	9	[[987, 1401], [987, 1401], [987, 1401], [987, 1401], [987, 1401], [987, 1401], [987, 1401], [987, 1401], [987, 1401]]	0c351dd01ed87e9c1b53cbc748cba10e6187ff3b	Reconstructed components are not original logged counts and are not additive to chat-template length	ce130a21c25a789bfc4019d2832e8453c08a71fe4cfab78c42f95b7062fdfe56
qwen3_gitksan_pdf1_brown_original_chain_gloss_summary_tables_jpg	qwen3	Gitksan	chain_gloss	summary_tables_jpg	37	37	6590.513513513513	6562	6689	1806	0	4779	1	[[1900, 2600]]	0c351dd01ed87e9c1b53cbc748cba10e6187ff3b	Reconstructed components are not original logged counts and are not additive to chat-template length	2ff81c432665c9ac825c61f3d264df5222dfe93176562058d354ae2cf4f13c69
qwen3_gitksan_pdf1_brown_original_chain_gloss_summary_tables_txt	qwen3	Gitksan	chain_gloss	summary_tables_txt	37	37	2475.5135135135133	2447	2574	2472	668		0	[]	0c351dd01ed87e9c1b53cbc748cba10e6187ff3b	Reconstructed components are not original logged counts and are not additive to chat-template length	c3459708646c6990741e64e8fcb0f0a5109daa8f4de362958334ab9ee91c0323
qwen3_gitksan_pdf1_brown_original_chain_gloss_summary_text_txt	qwen3	Gitksan	chain_gloss	summary_text_txt	37	37	4178.513513513513	4150	4277	4175	2371		0	[]	0c351dd01ed87e9c1b53cbc748cba10e6187ff3b	Reconstructed components are not original logged counts and are not additive to chat-template length	4af0332becea5ef591a16c19f4917f5aa87b9df5b25242a5cfeb6046720d1c37
qwen3_gitksan_pdf1_brown_original_modelgloss_cheatsheet_jpg	qwen3	Gitksan	modelgloss	cheatsheet_jpg	37	37	6533.243243243243	6479	6679	1762	0	4779	1	[[1900, 2600]]	0c351dd01ed87e9c1b53cbc748cba10e6187ff3b	Reconstructed components are not original logged counts and are not additive to chat-template length	ec2c92759e667d706439cd4400506b870ca19ede87130ce50950896d0bb26bed
qwen3_gitksan_pdf1_brown_original_modelgloss_cheatsheet_txt	qwen3	Gitksan	modelgloss	cheatsheet_txt	37	37	2166.2432432432433	2112	2312	2176	410		0	[]	0c351dd01ed87e9c1b53cbc748cba10e6187ff3b	Reconstructed components are not original logged counts and are not additive to chat-template length	87ced734ec8b62da7bf25022e43f311c71b8ce8e2d62f44f0525b5ca908684a4
qwen3_gitksan_pdf1_brown_original_modelgloss_pdfpages_impactful_jpg	qwen3	Gitksan	modelgloss	pdfpages_impactful_jpg	37	37	14046.243243243243	13992	14192	1762	0	12276	9	[[987, 1401], [987, 1401], [987, 1401], [987, 1401], [987, 1401], [987, 1401], [987, 1401], [987, 1401], [987, 1401]]	0c351dd01ed87e9c1b53cbc748cba10e6187ff3b	Reconstructed components are not original logged counts and are not additive to chat-template length	59e42702fa8495c7c03bd151d8ac4144c2baefaec5558dff4a52776a8b550009
qwen3_gitksan_pdf1_brown_original_modelgloss_summary_tables_jpg	qwen3	Gitksan	modelgloss	summary_tables_jpg	37	37	6533.243243243243	6479	6679	1762	0	4779	1	[[1900, 2600]]	0c351dd01ed87e9c1b53cbc748cba10e6187ff3b	Reconstructed components are not original logged counts and are not additive to chat-template length	b6eb9dbd78dbbb46afa8f7bb782641586e360672340b186acdf3113c02ba582e
qwen3_gitksan_pdf1_brown_original_modelgloss_summary_tables_txt	qwen3	Gitksan	modelgloss	summary_tables_txt	37	37	2424.2432432432433	2370	2570	2434	668		0	[]	0c351dd01ed87e9c1b53cbc748cba10e6187ff3b	Reconstructed components are not original logged counts and are not additive to chat-template length	97ccc5c881343d406e5b3c6ff573b5e38dc57bbcc2374200e2bfbe599d303a35
qwen3_gitksan_pdf1_brown_original_modelgloss_summary_text_txt	qwen3	Gitksan	modelgloss	summary_text_txt	37	37	4127.243243243243	4073	4273	4137	2371		0	[]	0c351dd01ed87e9c1b53cbc748cba10e6187ff3b	Reconstructed components are not original logged counts and are not additive to chat-template length	dd73e2ff360f4bbcd4b41ac280300b5c1cb2411f55fb5a0dbf1fb24e3f79a5c3
qwen3_gitksan_pdf1_brown_original_shot_cheatsheet_jpg	qwen3	Gitksan	shot	cheatsheet_jpg	37	37	6499.513513513513	6471	6598	1715	0	4779	1	[[1900, 2600]]	0c351dd01ed87e9c1b53cbc748cba10e6187ff3b	Reconstructed components are not original logged counts and are not additive to chat-template length	15e1dd867a459f640ad77c52029dd733c7276e764d7a1c31236a32a7e01c9ff6
qwen3_gitksan_pdf1_brown_original_shot_cheatsheet_txt	qwen3	Gitksan	shot	cheatsheet_txt	37	37	2132.5135135135133	2104	2231	2129	410		0	[]	0c351dd01ed87e9c1b53cbc748cba10e6187ff3b	Reconstructed components are not original logged counts and are not additive to chat-template length	f0005cd6a9f18bbf5259b86c9a97cf66bed7a7a721400796b90b90f013062183
qwen3_gitksan_pdf1_brown_original_shot_pdfpages_impactful_jpg	qwen3	Gitksan	shot	pdfpages_impactful_jpg	37	37	14012.513513513513	13984	14111	1715	0	12276	9	[[987, 1401], [987, 1401], [987, 1401], [987, 1401], [987, 1401], [987, 1401], [987, 1401], [987, 1401], [987, 1401]]	0c351dd01ed87e9c1b53cbc748cba10e6187ff3b	Reconstructed components are not original logged counts and are not additive to chat-template length	684d66be4f3d0eac49f635014eac2537edbf63d14653f8e22d26e2d9e78f6d96
qwen3_gitksan_pdf1_brown_original_shot_summary_tables_jpg	qwen3	Gitksan	shot	summary_tables_jpg	37	37	6499.513513513513	6471	6598	1715	0	4779	1	[[1900, 2600]]	0c351dd01ed87e9c1b53cbc748cba10e6187ff3b	Reconstructed components are not original logged counts and are not additive to chat-template length	d49e48ce8095948bb7de0243cccbca1b3049dd1e279e98644e161cb4cb30677c
qwen3_gitksan_pdf1_brown_original_shot_summary_tables_txt	qwen3	Gitksan	shot	summary_tables_txt	37	37	2390.5135135135133	2362	2489	2387	668		0	[]	0c351dd01ed87e9c1b53cbc748cba10e6187ff3b	Reconstructed components are not original logged counts and are not additive to chat-template length	00669afeb0eadff4ab29f43b20de346db7f4f9eeae64770e34ec6c4322dd09ac
qwen3_gitksan_pdf1_brown_original_shot_summary_text_txt	qwen3	Gitksan	shot	summary_text_txt	37	37	4093.5135135135133	4065	4192	4090	2371		0	[]	0c351dd01ed87e9c1b53cbc748cba10e6187ff3b	Reconstructed components are not original logged counts and are not additive to chat-template length	d49fc1914bd35a5f9cf31a2a777c806bcdbd9803c128ee8ac00c5f93e5773ec8
qwen3_gitksan_pdf2_rigsby_original_chain_gloss_cheatsheet_jpg	qwen3	Gitksan	chain_gloss	cheatsheet_jpg	37	37	6590.513513513513	6562	6689	1806	0	4779	1	[[1900, 2600]]	0c351dd01ed87e9c1b53cbc748cba10e6187ff3b	Reconstructed components are not original logged counts and are not additive to chat-template length	6b261fc7d7802a4426c39958d4827120102618b8cf72b2e779206399394975e6
qwen3_gitksan_pdf2_rigsby_original_chain_gloss_cheatsheet_txt	qwen3	Gitksan	chain_gloss	cheatsheet_txt	37	37	2078.5135135135133	2050	2177	2075	271		0	[]	0c351dd01ed87e9c1b53cbc748cba10e6187ff3b	Reconstructed components are not original logged counts and are not additive to chat-template length	fc314f185be98d65b7b1f660ae3f19c53c79c57024590340bf37be0c3488f668
qwen3_gitksan_pdf2_rigsby_original_chain_gloss_pdfpages_impactful_jpg	qwen3	Gitksan	chain_gloss	pdfpages_impactful_jpg	37	37	13221.513513513513	13193	13320	1806	0	11400	6	[[1584, 1224], [1584, 1224], [1584, 1224], [1584, 1224], [1584, 1224], [1584, 1224]]	0c351dd01ed87e9c1b53cbc748cba10e6187ff3b	Reconstructed components are not original logged counts and are not additive to chat-template length	5af9a963dd606afa94fb393be9dddf143788f22e244241215d7286e878113689
qwen3_gitksan_pdf2_rigsby_original_chain_gloss_summary_tables_jpg	qwen3	Gitksan	chain_gloss	summary_tables_jpg	37	37	6590.513513513513	6562	6689	1806	0	4779	1	[[1900, 2600]]	0c351dd01ed87e9c1b53cbc748cba10e6187ff3b	Reconstructed components are not original logged counts and are not additive to chat-template length	1c79ff998c5c325d95f17191aba74589cd7755b8865e56436661e27e1f347e12
qwen3_gitksan_pdf2_rigsby_original_chain_gloss_summary_tables_txt	qwen3	Gitksan	chain_gloss	summary_tables_txt	37	37	2149.5135135135133	2121	2248	2146	342		0	[]	0c351dd01ed87e9c1b53cbc748cba10e6187ff3b	Reconstructed components are not original logged counts and are not additive to chat-template length	195147300a31d11d1e982b31b309fd8be645d43f00ed982a158bd6d33e125625
qwen3_gitksan_pdf2_rigsby_original_chain_gloss_summary_text_txt	qwen3	Gitksan	chain_gloss	summary_text_txt	37	37	3252.5135135135133	3224	3351	3249	1445		0	[]	0c351dd01ed87e9c1b53cbc748cba10e6187ff3b	Reconstructed components are not original logged counts and are not additive to chat-template length	97dba75694b422e09b861b65250f66b3127665b1ba0580f25f49fcc1d32bc284
qwen3_gitksan_pdf2_rigsby_original_modelgloss_cheatsheet_jpg	qwen3	Gitksan	modelgloss	cheatsheet_jpg	37	37	6533.243243243243	6479	6679	1762	0	4779	1	[[1900, 2600]]	0c351dd01ed87e9c1b53cbc748cba10e6187ff3b	Reconstructed components are not original logged counts and are not additive to chat-template length	3067a78aebdb0be08ab8623fea03e1efcade6e26de84b4c3b3b7ef13397447bd
qwen3_gitksan_pdf2_rigsby_original_modelgloss_cheatsheet_txt	qwen3	Gitksan	modelgloss	cheatsheet_txt	37	37	2027.2432432432433	1973	2173	2037	271		0	[]	0c351dd01ed87e9c1b53cbc748cba10e6187ff3b	Reconstructed components are not original logged counts and are not additive to chat-template length	3fc05eb9fe0a8922bca143146ed3bf48bb078d6e875c8c3fc650fef27282c855
qwen3_gitksan_pdf2_rigsby_original_modelgloss_pdfpages_impactful_jpg	qwen3	Gitksan	modelgloss	pdfpages_impactful_jpg	37	37	13164.243243243243	13110	13310	1762	0	11400	6	[[1584, 1224], [1584, 1224], [1584, 1224], [1584, 1224], [1584, 1224], [1584, 1224]]	0c351dd01ed87e9c1b53cbc748cba10e6187ff3b	Reconstructed components are not original logged counts and are not additive to chat-template length	392d3ffdbfd16653d4fa836ce9e2a11927bfabcc2692ddf17a737d26570c9abf
qwen3_gitksan_pdf2_rigsby_original_modelgloss_summary_tables_jpg	qwen3	Gitksan	modelgloss	summary_tables_jpg	37	37	6533.243243243243	6479	6679	1762	0	4779	1	[[1900, 2600]]	0c351dd01ed87e9c1b53cbc748cba10e6187ff3b	Reconstructed components are not original logged counts and are not additive to chat-template length	58856d2dbf222f33f049a53d2f5ad9f1442d6267d461982fd5fe5911533d9d9d
qwen3_gitksan_pdf2_rigsby_original_modelgloss_summary_tables_txt	qwen3	Gitksan	modelgloss	summary_tables_txt	37	37	2098.2432432432433	2044	2244	2108	342		0	[]	0c351dd01ed87e9c1b53cbc748cba10e6187ff3b	Reconstructed components are not original logged counts and are not additive to chat-template length	05ecd280c908d49c416d3cbbb195d24e410b4276a75cde2c81652b686a5bf746
qwen3_gitksan_pdf2_rigsby_original_modelgloss_summary_text_txt	qwen3	Gitksan	modelgloss	summary_text_txt	37	37	3201.2432432432433	3147	3347	3211	1445		0	[]	0c351dd01ed87e9c1b53cbc748cba10e6187ff3b	Reconstructed components are not original logged counts and are not additive to chat-template length	d7e9c75f2a807b2ec4b41819e7d638114cba40e5c1b36acae21c1e6e8935f5ac
qwen3_gitksan_pdf2_rigsby_original_shot_cheatsheet_jpg	qwen3	Gitksan	shot	cheatsheet_jpg	37	37	6499.513513513513	6471	6598	1715	0	4779	1	[[1900, 2600]]	0c351dd01ed87e9c1b53cbc748cba10e6187ff3b	Reconstructed components are not original logged counts and are not additive to chat-template length	c484554ac8cdcef08ad4b9f8de10697bbe6e21402dbf55029f5a400da5b97cbc
qwen3_gitksan_pdf2_rigsby_original_shot_cheatsheet_txt	qwen3	Gitksan	shot	cheatsheet_txt	37	37	1993.5135135135135	1965	2092	1990	271		0	[]	0c351dd01ed87e9c1b53cbc748cba10e6187ff3b	Reconstructed components are not original logged counts and are not additive to chat-template length	948cbd64d82753909a6f21d302be380a515d31dbbd47d37a054107077a1732b0
qwen3_gitksan_pdf2_rigsby_original_shot_pdfpages_impactful_jpg	qwen3	Gitksan	shot	pdfpages_impactful_jpg	37	37	13130.513513513513	13102	13229	1715	0	11400	6	[[1584, 1224], [1584, 1224], [1584, 1224], [1584, 1224], [1584, 1224], [1584, 1224]]	0c351dd01ed87e9c1b53cbc748cba10e6187ff3b	Reconstructed components are not original logged counts and are not additive to chat-template length	046f4ca5d1c0498d3a3ed5ff404a17313bf951ea20919b7e62ee83f6790fcf6c
qwen3_gitksan_pdf2_rigsby_original_shot_summary_tables_jpg	qwen3	Gitksan	shot	summary_tables_jpg	37	37	6499.513513513513	6471	6598	1715	0	4779	1	[[1900, 2600]]	0c351dd01ed87e9c1b53cbc748cba10e6187ff3b	Reconstructed components are not original logged counts and are not additive to chat-template length	882ab58246a300cd10d209340651b93339adff3cca5ab5276e422ae0a20119c7
qwen3_gitksan_pdf2_rigsby_original_shot_summary_tables_txt	qwen3	Gitksan	shot	summary_tables_txt	37	37	2064.5135135135133	2036	2163	2061	342		0	[]	0c351dd01ed87e9c1b53cbc748cba10e6187ff3b	Reconstructed components are not original logged counts and are not additive to chat-template length	6f72d3a13392ad465fe86eafeefce88577c47fe041a899529961cb07faa35b46
qwen3_gitksan_pdf2_rigsby_original_shot_summary_text_txt	qwen3	Gitksan	shot	summary_text_txt	37	37	3167.5135135135133	3139	3266	3164	1445		0	[]	0c351dd01ed87e9c1b53cbc748cba10e6187ff3b	Reconstructed components are not original logged counts and are not additive to chat-template length	13f676ee578f9a17681b36c80d856d149869ed1b2575f08560111015363b93d4
qwen3_lezgi_grammar_cyrillic_chain_gloss_cheatsheet_jpg	qwen3	Lezgi	chain_gloss	cheatsheet_jpg	87	87	11766.620689655172	11744	11821	2188	0	9558	2	[[1900, 2600], [1900, 2600]]	0c351dd01ed87e9c1b53cbc748cba10e6187ff3b	Reconstructed components are not original logged counts and are not additive to chat-template length	b24e8c955a78cf6cb353b2fb23a9117f319cae25f0bbcb541e80cbba4b556bbe
qwen3_lezgi_grammar_cyrillic_chain_gloss_cheatsheet_txt	qwen3	Lezgi	chain_gloss	cheatsheet_txt	87	87	3098.6206896551726	3076	3153	3082	896		0	[]	0c351dd01ed87e9c1b53cbc748cba10e6187ff3b	Reconstructed components are not original logged counts and are not additive to chat-template length	665f7fda6e08181057d3240aad872755e91392a172883955fad31483b71996dc
qwen3_lezgi_grammar_cyrillic_chain_gloss_summary_tables_jpg	qwen3	Lezgi	chain_gloss	summary_tables_jpg	87	87	11766.620689655172	11744	11821	2188	0	9558	2	[[1900, 2600], [1900, 2600]]	0c351dd01ed87e9c1b53cbc748cba10e6187ff3b	Reconstructed components are not original logged counts and are not additive to chat-template length	9cc66d82fa0bbd2de3956d71aef188e466d63a1c72da3707869620e43be2f768
qwen3_lezgi_grammar_cyrillic_chain_gloss_summary_tables_txt	qwen3	Lezgi	chain_gloss	summary_tables_txt	87	87	3511.6206896551726	3489	3566	3495	1309		0	[]	0c351dd01ed87e9c1b53cbc748cba10e6187ff3b	Reconstructed components are not original logged counts and are not additive to chat-template length	d1e5a49e8b8572b2b381112a93f458fd636c6cd4c9a5eaa6cedfb18963d07d89
qwen3_lezgi_grammar_cyrillic_chain_gloss_summary_text_txt	qwen3	Lezgi	chain_gloss	summary_text_txt	87	87	6422.620689655172	6400	6477	6406	4220		0	[]	0c351dd01ed87e9c1b53cbc748cba10e6187ff3b	Reconstructed components are not original logged counts and are not additive to chat-template length	ee503980593ee54eb861348fe59f3f775fa226f1390a8112abb1bf3032e5f7b2
qwen3_lezgi_grammar_cyrillic_modelgloss_cheatsheet_jpg	qwen3	Lezgi	modelgloss	cheatsheet_jpg	87	87	11706.586206896553	11661	11799	2120	0	9558	2	[[1900, 2600], [1900, 2600]]	0c351dd01ed87e9c1b53cbc748cba10e6187ff3b	Reconstructed components are not original logged counts and are not additive to chat-template length	2a528417ad175f3b0728fe35a0069e48805e529947804462423b359bd11158a1
qwen3_lezgi_grammar_cyrillic_modelgloss_cheatsheet_txt	qwen3	Lezgi	modelgloss	cheatsheet_txt	87	87	3044.5862068965516	2999	3137	3020	896		0	[]	0c351dd01ed87e9c1b53cbc748cba10e6187ff3b	Reconstructed components are not original logged counts and are not additive to chat-template length	97f34acfaa21034f5165c2f09aae8a52d422b344104fbac2de008f673649b0e2
qwen3_lezgi_grammar_cyrillic_modelgloss_summary_tables_jpg	qwen3	Lezgi	modelgloss	summary_tables_jpg	87	87	11706.586206896553	11661	11799	2120	0	9558	2	[[1900, 2600], [1900, 2600]]	0c351dd01ed87e9c1b53cbc748cba10e6187ff3b	Reconstructed components are not original logged counts and are not additive to chat-template length	bd56cad9da330d92fdaca91fbfc08b468c04a0b5df3682630c862dde0c9e0890
qwen3_lezgi_grammar_cyrillic_modelgloss_summary_tables_txt	qwen3	Lezgi	modelgloss	summary_tables_txt	87	87	3457.5862068965516	3412	3550	3433	1309		0	[]	0c351dd01ed87e9c1b53cbc748cba10e6187ff3b	Reconstructed components are not original logged counts and are not additive to chat-template length	2a2c93b13484a257643bb77f35115cef9322896d1c361199ab0f9d436691b184
qwen3_lezgi_grammar_cyrillic_modelgloss_summary_text_txt	qwen3	Lezgi	modelgloss	summary_text_txt	87	87	6368.586206896552	6323	6461	6344	4220		0	[]	0c351dd01ed87e9c1b53cbc748cba10e6187ff3b	Reconstructed components are not original logged counts and are not additive to chat-template length	9b626160eadb503856465e002f7e4784023135cd67020fda06afda56451e7bec
qwen3_lezgi_grammar_cyrillic_shot_cheatsheet_jpg	qwen3	Lezgi	shot	cheatsheet_jpg	87	87	11676.620689655172	11654	11731	2098	0	9558	2	[[1900, 2600], [1900, 2600]]	0c351dd01ed87e9c1b53cbc748cba10e6187ff3b	Reconstructed components are not original logged counts and are not additive to chat-template length	eb5b9fc6b8822ff7fa0f50fe7ed0b3116f6948059728f5a6082f057e7875bdb6
qwen3_lezgi_grammar_cyrillic_shot_cheatsheet_txt	qwen3	Lezgi	shot	cheatsheet_txt	87	87	3014.6206896551726	2992	3069	2998	896		0	[]	0c351dd01ed87e9c1b53cbc748cba10e6187ff3b	Reconstructed components are not original logged counts and are not additive to chat-template length	06db8946d03c84408b4c923674bba02111cb20041c8acf4aeebc8eeb8df9bfaf
qwen3_lezgi_grammar_cyrillic_shot_summary_tables_jpg	qwen3	Lezgi	shot	summary_tables_jpg	87	87	11676.620689655172	11654	11731	2098	0	9558	2	[[1900, 2600], [1900, 2600]]	0c351dd01ed87e9c1b53cbc748cba10e6187ff3b	Reconstructed components are not original logged counts and are not additive to chat-template length	f14f4c8d571fbd80bb93fd4b77b11985523932cc7ba62f5d5dd92eed29925af2
qwen3_lezgi_grammar_cyrillic_shot_summary_tables_txt	qwen3	Lezgi	shot	summary_tables_txt	87	87	3427.6206896551726	3405	3482	3411	1309		0	[]	0c351dd01ed87e9c1b53cbc748cba10e6187ff3b	Reconstructed components are not original logged counts and are not additive to chat-template length	8bfab118153a4084564b2285d1e0eec3f8758e772e17af27687303a796cb5539
qwen3_lezgi_grammar_cyrillic_shot_summary_text_txt	qwen3	Lezgi	shot	summary_text_txt	87	87	6338.620689655172	6316	6393	6322	4220		0	[]	0c351dd01ed87e9c1b53cbc748cba10e6187ff3b	Reconstructed components are not original logged counts and are not additive to chat-template length	996967becff27202c4829b2fa4b66d9e5f5f35df4655f2a21a98da7824498020
qwen3_lezgi_grammar_original_chain_gloss_baseline	qwen3	Lezgi	chain_gloss	baseline	87	87	2188.6206896551726	2166	2243	2172	0		0	[]	0c351dd01ed87e9c1b53cbc748cba10e6187ff3b	Reconstructed components are not original logged counts and are not additive to chat-template length	35ac88965c47bf288a5d49802b14e653b30ec5e3260e126da8cc09415fd3164e
qwen3_lezgi_grammar_original_chain_gloss_cheatsheet_jpg	qwen3	Lezgi	chain_gloss	cheatsheet_jpg	87	87	6985.620689655172	6963	7040	2188	0	4779	1	[[1900, 2600]]	0c351dd01ed87e9c1b53cbc748cba10e6187ff3b	Reconstructed components are not original logged counts and are not additive to chat-template length	0ff4be66537d1c038d73c5543bddf7ef9b80c158bca063107ce848160016b4c6
qwen3_lezgi_grammar_original_chain_gloss_cheatsheet_txt	qwen3	Lezgi	chain_gloss	cheatsheet_txt	87	87	3075.6206896551726	3053	3130	3059	873		0	[]	0c351dd01ed87e9c1b53cbc748cba10e6187ff3b	Reconstructed components are not original logged counts and are not additive to chat-template length	73d0d0989f9d9b573ef91a8a23d02e06927a3ae37232d66122118e19131a3458
qwen3_lezgi_grammar_original_chain_gloss_pdfpages_impactful_jpg	qwen3	Lezgi	chain_gloss	pdfpages_impactful_jpg	87	87	12185.620689655172	12163	12240	2188	0	9963	9	[[879, 1305], [879, 1305], [879, 1305], [879, 1305], [879, 1305], [879, 1305], [879, 1305], [879, 1305], [879, 1305]]	0c351dd01ed87e9c1b53cbc748cba10e6187ff3b	Reconstructed components are not original logged counts and are not additive to chat-template length	a611f0620944969b404be380b5d34ed14294da7b624761666a7d7a1432976404
qwen3_lezgi_grammar_original_chain_gloss_summary_tables_jpg	qwen3	Lezgi	chain_gloss	summary_tables_jpg	87	87	11766.620689655172	11744	11821	2188	0	9558	2	[[1900, 2600], [1900, 2600]]	0c351dd01ed87e9c1b53cbc748cba10e6187ff3b	Reconstructed components are not original logged counts and are not additive to chat-template length	be33b16cc17924d91a6a0b3563d7064cc11f029e641d002d9263f9d6be1cbae9
qwen3_lezgi_grammar_original_chain_gloss_summary_tables_txt	qwen3	Lezgi	chain_gloss	summary_tables_txt	87	87	3483.6206896551726	3461	3538	3467	1281		0	[]	0c351dd01ed87e9c1b53cbc748cba10e6187ff3b	Reconstructed components are not original logged counts and are not additive to chat-template length	8912bfd60aa21f5db73f6d819cb438be422155a14e6ee0b0dd260154dc679d90
qwen3_lezgi_grammar_original_chain_gloss_summary_text_txt	qwen3	Lezgi	chain_gloss	summary_text_txt	87	87	6126.620689655172	6104	6181	6110	3924		0	[]	0c351dd01ed87e9c1b53cbc748cba10e6187ff3b	Reconstructed components are not original logged counts and are not additive to chat-template length	b1dbb7cb64484c167d13cc6448ffb3f1cb6edd132a176583d6dd3bd6abd352ac
qwen3_lezgi_grammar_original_modelgloss_baseline	qwen3	Lezgi	modelgloss	baseline	87	87	2123.5862068965516	2078	2216	2099	0		0	[]	0c351dd01ed87e9c1b53cbc748cba10e6187ff3b	Reconstructed components are not original logged counts and are not additive to chat-template length	871215ec679668dd490d938dbd5a77c795413034bdd5903e7a8a03e9602c919e
qwen3_lezgi_grammar_original_modelgloss_cheatsheet_jpg	qwen3	Lezgi	modelgloss	cheatsheet_jpg	87	87	6925.586206896552	6880	7018	2120	0	4779	1	[[1900, 2600]]	0c351dd01ed87e9c1b53cbc748cba10e6187ff3b	Reconstructed components are not original logged counts and are not additive to chat-template length	49c8e92aef5725834fa47d9a04f4c01da5693f385bc13b7025b403e2ab69594f
qwen3_lezgi_grammar_original_modelgloss_cheatsheet_txt	qwen3	Lezgi	modelgloss	cheatsheet_txt	87	87	3021.5862068965516	2976	3114	2997	873		0	[]	0c351dd01ed87e9c1b53cbc748cba10e6187ff3b	Reconstructed components are not original logged counts and are not additive to chat-template length	aa3d4816b3362c6847883991ef7066bf3eb710fba314d5ad4beb8743932cb9ba
qwen3_lezgi_grammar_original_modelgloss_pdfpages_impactful_jpg	qwen3	Lezgi	modelgloss	pdfpages_impactful_jpg	87	87	12125.586206896553	12080	12218	2120	0	9963	9	[[879, 1305], [879, 1305], [879, 1305], [879, 1305], [879, 1305], [879, 1305], [879, 1305], [879, 1305], [879, 1305]]	0c351dd01ed87e9c1b53cbc748cba10e6187ff3b	Reconstructed components are not original logged counts and are not additive to chat-template length	2e5428fdf551ed3b3b88591fa2685d483155d69040b356824da761b540a82786
qwen3_lezgi_grammar_original_modelgloss_summary_tables_jpg	qwen3	Lezgi	modelgloss	summary_tables_jpg	87	87	11706.586206896553	11661	11799	2120	0	9558	2	[[1900, 2600], [1900, 2600]]	0c351dd01ed87e9c1b53cbc748cba10e6187ff3b	Reconstructed components are not original logged counts and are not additive to chat-template length	e1272820c59ce2d361b510bb9ca66c0247810cfd7765422a34359c89cf381139
qwen3_lezgi_grammar_original_modelgloss_summary_tables_txt	qwen3	Lezgi	modelgloss	summary_tables_txt	87	87	3429.5862068965516	3384	3522	3405	1281		0	[]	0c351dd01ed87e9c1b53cbc748cba10e6187ff3b	Reconstructed components are not original logged counts and are not additive to chat-template length	53acfc90eb4b160b1e72140e483b970d39ae9c98d7cdccca066bd6373b9757b5
qwen3_lezgi_grammar_original_modelgloss_summary_text_txt	qwen3	Lezgi	modelgloss	summary_text_txt	87	87	6072.586206896552	6027	6165	6048	3924		0	[]	0c351dd01ed87e9c1b53cbc748cba10e6187ff3b	Reconstructed components are not original logged counts and are not additive to chat-template length	c26e4376d6739dff9b2708d2a2d0a5a823f0b2227ba3e639c2100786b2675459
qwen3_lezgi_grammar_original_shot_baseline	qwen3	Lezgi	shot	baseline	87	87	2093.6206896551726	2071	2148	2077	0		0	[]	0c351dd01ed87e9c1b53cbc748cba10e6187ff3b	Reconstructed components are not original logged counts and are not additive to chat-template length	b1fbc600746bfc54ca0c19087367f6e00906783663846c0d1988c2d019bca1b2
qwen3_lezgi_grammar_original_shot_cheatsheet_jpg	qwen3	Lezgi	shot	cheatsheet_jpg	87	87	6895.620689655172	6873	6950	2098	0	4779	1	[[1900, 2600]]	0c351dd01ed87e9c1b53cbc748cba10e6187ff3b	Reconstructed components are not original logged counts and are not additive to chat-template length	cd9d50658dd4a75428a737cc4bfa7f59613d980ad9d052801a108d19ebfabc3a
qwen3_lezgi_grammar_original_shot_cheatsheet_txt	qwen3	Lezgi	shot	cheatsheet_txt	87	87	2991.6206896551726	2969	3046	2975	873		0	[]	0c351dd01ed87e9c1b53cbc748cba10e6187ff3b	Reconstructed components are not original logged counts and are not additive to chat-template length	4040ab613de6ef73a20cadc84c0ae73ef34e781208940f604bfec6a1d652ce73
qwen3_lezgi_grammar_original_shot_pdfpages_impactful_jpg	qwen3	Lezgi	shot	pdfpages_impactful_jpg	87	87	12095.620689655172	12073	12150	2098	0	9963	9	[[879, 1305], [879, 1305], [879, 1305], [879, 1305], [879, 1305], [879, 1305], [879, 1305], [879, 1305], [879, 1305]]	0c351dd01ed87e9c1b53cbc748cba10e6187ff3b	Reconstructed components are not original logged counts and are not additive to chat-template length	1a1432b5823300252cf358b143fb9c4bb457192bf086cb1e1af51f9a9e84fd29
qwen3_lezgi_grammar_original_shot_summary_tables_jpg	qwen3	Lezgi	shot	summary_tables_jpg	87	87	11676.620689655172	11654	11731	2098	0	9558	2	[[1900, 2600], [1900, 2600]]	0c351dd01ed87e9c1b53cbc748cba10e6187ff3b	Reconstructed components are not original logged counts and are not additive to chat-template length	fd9b523d3fb1ca580d4e6527567886feca45c9d7d3fe394050ba1ead4a0222f0
qwen3_lezgi_grammar_original_shot_summary_tables_txt	qwen3	Lezgi	shot	summary_tables_txt	87	87	3399.6206896551726	3377	3454	3383	1281		0	[]	0c351dd01ed87e9c1b53cbc748cba10e6187ff3b	Reconstructed components are not original logged counts and are not additive to chat-template length	07b2156c2f5f32a6ccf3f089467757569ddbab6a2dc8cd3c5045d4f418d57284
qwen3_lezgi_grammar_original_shot_summary_text_txt	qwen3	Lezgi	shot	summary_text_txt	87	87	6042.620689655172	6020	6097	6026	3924		0	[]	0c351dd01ed87e9c1b53cbc748cba10e6187ff3b	Reconstructed components are not original logged counts and are not additive to chat-template length	7b2b13a288efa2f98144eb87238245b9c9548e44b6aecf0f0f6674154a21e960
qwen3_natugu_grammar_original_chain_gloss_baseline	qwen3	Natugu	chain_gloss	baseline	99	99	2339.777777777778	2322	2382	2319	0		0	[]	0c351dd01ed87e9c1b53cbc748cba10e6187ff3b	Reconstructed components are not original logged counts and are not additive to chat-template length	c428717790352a8b58f309e05536aad11842c6bb9f9a7fe113db8efc0546d2ff
qwen3_natugu_grammar_original_chain_gloss_cheatsheet_jpg	qwen3	Natugu	chain_gloss	cheatsheet_jpg	99	99	11918.777777777777	11901	11961	2336	0	9558	2	[[1900, 2600], [1900, 2600]]	0c351dd01ed87e9c1b53cbc748cba10e6187ff3b	Reconstructed components are not original logged counts and are not additive to chat-template length	051fff68cd045098991add3ea847b820c2bd3ba7c999075fd420d0f9de12c527
qwen3_natugu_grammar_original_chain_gloss_cheatsheet_txt	qwen3	Natugu	chain_gloss	cheatsheet_txt	99	99	3173.777777777778	3156	3216	3153	820		0	[]	0c351dd01ed87e9c1b53cbc748cba10e6187ff3b	Reconstructed components are not original logged counts and are not additive to chat-template length	2e27f79e65e45b9906cc3e6cea55516d000ab741d24c6c46021ea61caedf7fb8
qwen3_natugu_grammar_original_chain_gloss_pdfpages_impactful_jpg	qwen3	Natugu	chain_gloss	pdfpages_impactful_jpg	99	99	20023.777777777777	20006	20066	2336	0	17649	9	[[1191, 1684], [1191, 1684], [1191, 1684], [1191, 1684], [1191, 1684], [1191, 1684], [1191, 1684], [1191, 1684], [1191, 1684]]	0c351dd01ed87e9c1b53cbc748cba10e6187ff3b	Reconstructed components are not original logged counts and are not additive to chat-template length	82d8d82f4dea48c487ec0c300a4f51983a977a411c6653bed5f9b558b8fe7059
qwen3_natugu_grammar_original_chain_gloss_summary_tables_jpg	qwen3	Natugu	chain_gloss	summary_tables_jpg	99	99	11918.777777777777	11901	11961	2336	0	9558	2	[[1900, 2600], [1900, 2600]]	0c351dd01ed87e9c1b53cbc748cba10e6187ff3b	Reconstructed components are not original logged counts and are not additive to chat-template length	10f3e6dd54e54d633ad518f16bffc36db7dd12b13d84f1125e32f606fc662898
qwen3_natugu_grammar_original_chain_gloss_summary_tables_txt	qwen3	Natugu	chain_gloss	summary_tables_txt	99	99	3798.777777777778	3781	3841	3778	1445		0	[]	0c351dd01ed87e9c1b53cbc748cba10e6187ff3b	Reconstructed components are not original logged counts and are not additive to chat-template length	5ad26d72ea39f40717895f7ec19562f1fd770da7e0dbb5bad65945430876ed7d
qwen3_natugu_grammar_original_chain_gloss_summary_text_txt	qwen3	Natugu	chain_gloss	summary_text_txt	99	99	6507.777777777777	6490	6550	6487	4154		0	[]	0c351dd01ed87e9c1b53cbc748cba10e6187ff3b	Reconstructed components are not original logged counts and are not additive to chat-template length	bf97bc1c05f67c518140d08222efb33f936927dfa03c2a7241870ff78702cb70
qwen3_natugu_grammar_original_modelgloss_baseline	qwen3	Natugu	modelgloss	baseline	99	99	2291.3535353535353	2241	2416	2246	0		0	[]	0c351dd01ed87e9c1b53cbc748cba10e6187ff3b	Reconstructed components are not original logged counts and are not additive to chat-template length	f96843246fb5ac227399dffec84efde5b1d6284432a2695f17d74fc990c2a4d2
qwen3_natugu_grammar_original_modelgloss_cheatsheet_jpg	qwen3	Natugu	modelgloss	cheatsheet_jpg	99	99	11874.353535353535	11824	11999	2267	0	9558	2	[[1900, 2600], [1900, 2600]]	0c351dd01ed87e9c1b53cbc748cba10e6187ff3b	Reconstructed components are not original logged counts and are not additive to chat-template length	75436d27cdfc0187e65d2bcc87133cb6bf64890e4c72d5023a2d66a71bd4e091
qwen3_natugu_grammar_original_modelgloss_cheatsheet_txt	qwen3	Natugu	modelgloss	cheatsheet_txt	99	99	3135.3535353535353	3085	3260	3090	820		0	[]	0c351dd01ed87e9c1b53cbc748cba10e6187ff3b	Reconstructed components are not original logged counts and are not additive to chat-template length	e1583ac23b433eeab2273db3e77dff7841e95f3d888fadd98245509e3dd18a63
qwen3_natugu_grammar_original_modelgloss_pdfpages_impactful_jpg	qwen3	Natugu	modelgloss	pdfpages_impactful_jpg	99	99	19979.353535353537	19929	20104	2267	0	17649	9	[[1191, 1684], [1191, 1684], [1191, 1684], [1191, 1684], [1191, 1684], [1191, 1684], [1191, 1684], [1191, 1684], [1191, 1684]]	0c351dd01ed87e9c1b53cbc748cba10e6187ff3b	Reconstructed components are not original logged counts and are not additive to chat-template length	f3f54f084931eba555769c0f145d5c5119461842fa33c3ce4dc26c9059b204cb
qwen3_natugu_grammar_original_modelgloss_summary_tables_jpg	qwen3	Natugu	modelgloss	summary_tables_jpg	99	99	11874.353535353535	11824	11999	2267	0	9558	2	[[1900, 2600], [1900, 2600]]	0c351dd01ed87e9c1b53cbc748cba10e6187ff3b	Reconstructed components are not original logged counts and are not additive to chat-template length	d83b837051f10b23e679ce4bc2878a5af8980b730b5134cb8832384f7338497a
qwen3_natugu_grammar_original_modelgloss_summary_tables_txt	qwen3	Natugu	modelgloss	summary_tables_txt	99	99	3760.3535353535353	3710	3885	3715	1445		0	[]	0c351dd01ed87e9c1b53cbc748cba10e6187ff3b	Reconstructed components are not original logged counts and are not additive to chat-template length	6e860e1043b94e837abdde5b97188c574779bcf78b06d53804210a2fd2563c8d
qwen3_natugu_grammar_original_modelgloss_summary_text_txt	qwen3	Natugu	modelgloss	summary_text_txt	99	99	6469.353535353535	6419	6594	6424	4154		0	[]	0c351dd01ed87e9c1b53cbc748cba10e6187ff3b	Reconstructed components are not original logged counts and are not additive to chat-template length	b5f59885d2b6fe2f5c286e909e39bbb3aca2899c2deb9a9e0cc1aa705cb671ed
qwen3_natugu_grammar_original_shot_baseline	qwen3	Natugu	shot	baseline	99	99	2244.777777777778	2227	2287	2224	0		0	[]	0c351dd01ed87e9c1b53cbc748cba10e6187ff3b	Reconstructed components are not original logged counts and are not additive to chat-template length	2989e031eac505ab32517aacbfd26a606400035a8b4a5757b98e6ebca30159d2
qwen3_natugu_grammar_original_shot_cheatsheet_jpg	qwen3	Natugu	shot	cheatsheet_jpg	99	99	11827.777777777777	11810	11870	2245	0	9558	2	[[1900, 2600], [1900, 2600]]	0c351dd01ed87e9c1b53cbc748cba10e6187ff3b	Reconstructed components are not original logged counts and are not additive to chat-template length	c4f7d17d09b79c21ceeba51bfcbf3118382caaa3b92ed24289844418777fc009
qwen3_natugu_grammar_original_shot_cheatsheet_txt	qwen3	Natugu	shot	cheatsheet_txt	99	99	3088.777777777778	3071	3131	3068	820		0	[]	0c351dd01ed87e9c1b53cbc748cba10e6187ff3b	Reconstructed components are not original logged counts and are not additive to chat-template length	ec122b621f5c5c71fa3482d522b129aa538b13d36c2956b1edbda9d7a1c06099
qwen3_natugu_grammar_original_shot_pdfpages_impactful_jpg	qwen3	Natugu	shot	pdfpages_impactful_jpg	99	99	19932.777777777777	19915	19975	2245	0	17649	9	[[1191, 1684], [1191, 1684], [1191, 1684], [1191, 1684], [1191, 1684], [1191, 1684], [1191, 1684], [1191, 1684], [1191, 1684]]	0c351dd01ed87e9c1b53cbc748cba10e6187ff3b	Reconstructed components are not original logged counts and are not additive to chat-template length	7088023f76d9f9c502b27eade4bbcd471a600edb59ef8aea2a71280fcb93836c
qwen3_natugu_grammar_original_shot_summary_tables_jpg	qwen3	Natugu	shot	summary_tables_jpg	99	99	11827.777777777777	11810	11870	2245	0	9558	2	[[1900, 2600], [1900, 2600]]	0c351dd01ed87e9c1b53cbc748cba10e6187ff3b	Reconstructed components are not original logged counts and are not additive to chat-template length	13bba5e0c85fc5d9aa4b7038c64409b2674474f10d7cb8f9f85900c506f36f01
qwen3_natugu_grammar_original_shot_summary_tables_txt	qwen3	Natugu	shot	summary_tables_txt	99	99	3713.777777777778	3696	3756	3693	1445		0	[]	0c351dd01ed87e9c1b53cbc748cba10e6187ff3b	Reconstructed components are not original logged counts and are not additive to chat-template length	6236c530823fda6bdd8a7643dcfe435b5c2e3ebe8b7cf636c07c230f82572bf1
qwen3_natugu_grammar_original_shot_summary_text_txt	qwen3	Natugu	shot	summary_text_txt	99	99	6422.777777777777	6405	6465	6402	4154		0	[]	0c351dd01ed87e9c1b53cbc748cba10e6187ff3b	Reconstructed components are not original logged counts and are not additive to chat-template length	129179935949c51f1929b8617dca7df65b504034730ab4e25fba74ec4ca1ea9a
qwen3_tsez_grammar_original_chain_gloss_baseline	qwen3	Tsez	chain_gloss	baseline	445	445	2503.9573033707866	2473	2575	2493	0		0	[]	0c351dd01ed87e9c1b53cbc748cba10e6187ff3b	Reconstructed components are not original logged counts and are not additive to chat-template length	144f59c96670f3f5604ba07332b9db0eb2b43e6817a02ede13686da543fd9d31
qwen3_tsez_grammar_original_chain_gloss_cheatsheet_jpg	qwen3	Tsez	chain_gloss	cheatsheet_jpg	445	445	12082.957303370786	12052	12154	2510	0	9558	2	[[1900, 2600], [1900, 2600]]	0c351dd01ed87e9c1b53cbc748cba10e6187ff3b	Reconstructed components are not original logged counts and are not additive to chat-template length	ff7832470d0f1f21d3201744a65c56c1504b3661eac7bdaa968e1b1efbb38939
qwen3_tsez_grammar_original_chain_gloss_cheatsheet_txt	qwen3	Tsez	chain_gloss	cheatsheet_txt	445	445	3758.9573033707866	3728	3830	3748	1241		0	[]	0c351dd01ed87e9c1b53cbc748cba10e6187ff3b	Reconstructed components are not original logged counts and are not additive to chat-template length	562c48d1c1c52461ae68d090c2e719fd1d76baf9f3384ca95b829950757a7943
qwen3_tsez_grammar_original_chain_gloss_pdfpages_impactful_jpg	qwen3	Tsez	chain_gloss	pdfpages_impactful_jpg	445	445	20187.957303370786	20157	20259	2510	0	17649	9	[[1190, 1684], [1190, 1684], [1190, 1684], [1190, 1684], [1190, 1684], [1190, 1684], [1190, 1684], [1190, 1684], [1190, 1684]]	0c351dd01ed87e9c1b53cbc748cba10e6187ff3b	Reconstructed components are not original logged counts and are not additive to chat-template length	12af57ffcf38d83245d416e3e9cb6148c65be20115ece53958d9e6bf726d313f
qwen3_tsez_grammar_original_chain_gloss_summary_tables_jpg	qwen3	Tsez	chain_gloss	summary_tables_jpg	445	445	12082.957303370786	12052	12154	2510	0	9558	2	[[1900, 2600], [1900, 2600]]	0c351dd01ed87e9c1b53cbc748cba10e6187ff3b	Reconstructed components are not original logged counts and are not additive to chat-template length	1fb6f449d583402f201ccbbe1e032d978dc1a281eb4a933faab893d7cad5fa1a
qwen3_tsez_grammar_original_chain_gloss_summary_tables_txt	qwen3	Tsez	chain_gloss	summary_tables_txt	445	445	3881.9573033707866	3851	3953	3871	1364		0	[]	0c351dd01ed87e9c1b53cbc748cba10e6187ff3b	Reconstructed components are not original logged counts and are not additive to chat-template length	a91df04191d6bb6a1914bf0164ab5a09a468baba35a02a02262f8faea8062818
qwen3_tsez_grammar_original_chain_gloss_summary_text_txt	qwen3	Tsez	chain_gloss	summary_text_txt	445	445	6414.957303370787	6384	6486	6404	3897		0	[]	0c351dd01ed87e9c1b53cbc748cba10e6187ff3b	Reconstructed components are not original logged counts and are not additive to chat-template length	d0a1920f8bac84be089cb8959c83062106b11c09875e1da8494c48a0c147fb43
qwen3_tsez_grammar_original_modelgloss_baseline	qwen3	Tsez	modelgloss	baseline	445	445	2462.743820224719	2394	2660	2452	0		0	[]	0c351dd01ed87e9c1b53cbc748cba10e6187ff3b	Reconstructed components are not original logged counts and are not additive to chat-template length	cf6ec844ca6c34385c6c4654c0c5ca4b0b494142b49754d9313810016cf7fc9a
qwen3_tsez_grammar_original_modelgloss_cheatsheet_jpg	qwen3	Tsez	modelgloss	cheatsheet_jpg	445	445	12045.74382022472	11977	12243	2473	0	9558	2	[[1900, 2600], [1900, 2600]]	0c351dd01ed87e9c1b53cbc748cba10e6187ff3b	Reconstructed components are not original logged counts and are not additive to chat-template length	f88a8f3c928dfe58b454f7ea04ec868cc8f7373916ac63ed0daacc6fd3806a28
qwen3_tsez_grammar_original_modelgloss_cheatsheet_txt	qwen3	Tsez	modelgloss	cheatsheet_txt	445	445	3727.743820224719	3659	3925	3717	1241		0	[]	0c351dd01ed87e9c1b53cbc748cba10e6187ff3b	Reconstructed components are not original logged counts and are not additive to chat-template length	84c1d26900c07d7506d1a68741c90b299bf8160f96e1af8e7477e5389d39163c
qwen3_tsez_grammar_original_modelgloss_pdfpages_impactful_jpg	qwen3	Tsez	modelgloss	pdfpages_impactful_jpg	445	445	20150.743820224718	20082	20348	2473	0	17649	9	[[1190, 1684], [1190, 1684], [1190, 1684], [1190, 1684], [1190, 1684], [1190, 1684], [1190, 1684], [1190, 1684], [1190, 1684]]	0c351dd01ed87e9c1b53cbc748cba10e6187ff3b	Reconstructed components are not original logged counts and are not additive to chat-template length	915d3457d1287e5a171a09a82078d2c4b3e9ee6e2576c83e7612df5a8a930290
qwen3_tsez_grammar_original_modelgloss_summary_tables_jpg	qwen3	Tsez	modelgloss	summary_tables_jpg	445	445	12045.74382022472	11977	12243	2473	0	9558	2	[[1900, 2600], [1900, 2600]]	0c351dd01ed87e9c1b53cbc748cba10e6187ff3b	Reconstructed components are not original logged counts and are not additive to chat-template length	eb40a32192d05dac7f1c3e68251b2da8250115633938a8849a1d719926207676
qwen3_tsez_grammar_original_modelgloss_summary_tables_txt	qwen3	Tsez	modelgloss	summary_tables_txt	445	445	3850.743820224719	3782	4048	3840	1364		0	[]	0c351dd01ed87e9c1b53cbc748cba10e6187ff3b	Reconstructed components are not original logged counts and are not additive to chat-template length	347fc1f188828cf77df7948dfe11bc13437182911e1644fa7fb7ba3c4dcd6647
qwen3_tsez_grammar_original_modelgloss_summary_text_txt	qwen3	Tsez	modelgloss	summary_text_txt	445	445	6383.7438202247195	6315	6581	6373	3897		0	[]	0c351dd01ed87e9c1b53cbc748cba10e6187ff3b	Reconstructed components are not original logged counts and are not additive to chat-template length	255a870de8007a765e7f7a7a44e1b9db61ea48a432ff8a5008c0a71851289909
qwen3_tsez_grammar_original_shot_baseline	qwen3	Tsez	shot	baseline	445	445	2408.9573033707866	2378	2480	2398	0		0	[]	0c351dd01ed87e9c1b53cbc748cba10e6187ff3b	Reconstructed components are not original logged counts and are not additive to chat-template length	f68703bddee7637207b7cdf7b99e5d46850b1686cf9ed45104184ac5dc35617a
qwen3_tsez_grammar_original_shot_cheatsheet_jpg	qwen3	Tsez	shot	cheatsheet_jpg	445	445	11991.957303370786	11961	12063	2419	0	9558	2	[[1900, 2600], [1900, 2600]]	0c351dd01ed87e9c1b53cbc748cba10e6187ff3b	Reconstructed components are not original logged counts and are not additive to chat-template length	256a595ab7ff1029121ab524fefaf2f20d5a2ef6551d48355b364d19ea17a92c
qwen3_tsez_grammar_original_shot_cheatsheet_txt	qwen3	Tsez	shot	cheatsheet_txt	445	445	3673.9573033707866	3643	3745	3663	1241		0	[]	0c351dd01ed87e9c1b53cbc748cba10e6187ff3b	Reconstructed components are not original logged counts and are not additive to chat-template length	92a11fea48f1bf520ba91bb80b8b0b06845563b25f1073eebb57ffcaf8e0d8c2
qwen3_tsez_grammar_original_shot_pdfpages_impactful_jpg	qwen3	Tsez	shot	pdfpages_impactful_jpg	445	445	20096.957303370786	20066	20168	2419	0	17649	9	[[1190, 1684], [1190, 1684], [1190, 1684], [1190, 1684], [1190, 1684], [1190, 1684], [1190, 1684], [1190, 1684], [1190, 1684]]	0c351dd01ed87e9c1b53cbc748cba10e6187ff3b	Reconstructed components are not original logged counts and are not additive to chat-template length	8d9f4868d670ea42c41f6542768a27b769437b38546a7b7cd3a34f19c34d6055
qwen3_tsez_grammar_original_shot_summary_tables_jpg	qwen3	Tsez	shot	summary_tables_jpg	445	445	11991.957303370786	11961	12063	2419	0	9558	2	[[1900, 2600], [1900, 2600]]	0c351dd01ed87e9c1b53cbc748cba10e6187ff3b	Reconstructed components are not original logged counts and are not additive to chat-template length	e136fb2928eb417f90692060b583b4366761a00336109fc9dd3ca826a9ca0607
qwen3_tsez_grammar_original_shot_summary_tables_txt	qwen3	Tsez	shot	summary_tables_txt	445	445	3796.9573033707866	3766	3868	3786	1364		0	[]	0c351dd01ed87e9c1b53cbc748cba10e6187ff3b	Reconstructed components are not original logged counts and are not additive to chat-template length	f940f0177e9f4fd71e63666513cff44579449dc39d9a790f0d122ea3cfdbf3b1
qwen3_tsez_grammar_original_shot_summary_text_txt	qwen3	Tsez	shot	summary_text_txt	445	445	6329.957303370787	6299	6401	6319	3897		0	[]	0c351dd01ed87e9c1b53cbc748cba10e6187ff3b	Reconstructed components are not original logged counts and are not additive to chat-template length	82002a9af3da81a26a404531483fd1b9b450dc6d0829a5b9e5858c47c3ba833b
