kind	id	language	records	recoverable	gate
chain_gloss	qwen35_gitksan_grammar_original_chain_gloss_baseline	Gitksan	37	37	formal accuracy skipped: no manual extraction validation/evaluator
modelgloss	feb20da4a78f62c1efa7faf7aeb0aedf6793e32480704c5a3a4677eade7e1a8c	Gitksan	37	37	source/order alignment verified; original cache lineage not independently certified; no formal accuracy claim
chain_gloss	qwen35_gitksan_pdf1_brown_original_chain_gloss_cheatsheet_jpg	Gitksan	37	37	formal accuracy skipped: no manual extraction validation/evaluator
chain_gloss	qwen35_gitksan_pdf1_brown_original_chain_gloss_cheatsheet_txt	Gitksan	37	37	formal accuracy skipped: no manual extraction validation/evaluator
chain_gloss	qwen35_gitksan_pdf1_brown_original_chain_gloss_pdfpages_impactful_jpg	Gitksan	37	35	formal accuracy skipped: no manual extraction validation/evaluator
chain_gloss	qwen35_gitksan_pdf1_brown_original_chain_gloss_summary_tables_jpg	Gitksan	37	36	formal accuracy skipped: no manual extraction validation/evaluator
chain_gloss	qwen35_gitksan_pdf1_brown_original_chain_gloss_summary_tables_txt	Gitksan	37	37	formal accuracy skipped: no manual extraction validation/evaluator
chain_gloss	qwen35_gitksan_pdf1_brown_original_chain_gloss_summary_text_txt	Gitksan	37	37	formal accuracy skipped: no manual extraction validation/evaluator
chain_gloss	qwen35_gitksan_pdf2_rigsby_original_chain_gloss_cheatsheet_jpg	Gitksan	37	37	formal accuracy skipped: no manual extraction validation/evaluator
chain_gloss	qwen35_gitksan_pdf2_rigsby_original_chain_gloss_cheatsheet_txt	Gitksan	37	37	formal accuracy skipped: no manual extraction validation/evaluator
chain_gloss	qwen35_gitksan_pdf2_rigsby_original_chain_gloss_pdfpages_impactful_jpg	Gitksan	37	36	formal accuracy skipped: no manual extraction validation/evaluator
chain_gloss	qwen35_gitksan_pdf2_rigsby_original_chain_gloss_summary_tables_jpg	Gitksan	37	36	formal accuracy skipped: no manual extraction validation/evaluator
chain_gloss	qwen35_gitksan_pdf2_rigsby_original_chain_gloss_summary_tables_txt	Gitksan	37	36	formal accuracy skipped: no manual extraction validation/evaluator
chain_gloss	qwen35_gitksan_pdf2_rigsby_original_chain_gloss_summary_text_txt	Gitksan	37	37	formal accuracy skipped: no manual extraction validation/evaluator
chain_gloss	qwen35_lezgi_grammar_cyrillic_chain_gloss_cheatsheet_jpg	Lezgi	87	87	formal accuracy skipped: no manual extraction validation/evaluator
chain_gloss	qwen35_lezgi_grammar_cyrillic_chain_gloss_cheatsheet_txt	Lezgi	87	87	formal accuracy skipped: no manual extraction validation/evaluator
chain_gloss	qwen35_lezgi_grammar_cyrillic_chain_gloss_summary_tables_jpg	Lezgi	87	87	formal accuracy skipped: no manual extraction validation/evaluator
chain_gloss	qwen35_lezgi_grammar_cyrillic_chain_gloss_summary_tables_txt	Lezgi	87	87	formal accuracy skipped: no manual extraction validation/evaluator
chain_gloss	qwen35_lezgi_grammar_cyrillic_chain_gloss_summary_text_txt	Lezgi	87	87	formal accuracy skipped: no manual extraction validation/evaluator
modelgloss	018c9c10eb65be0635c9f3bbab511923b65ee0107a0323c46e756841ecc80932	Lezgi	87	87	source/order alignment verified; original cache lineage not independently certified; no formal accuracy claim
chain_gloss	qwen35_lezgi_grammar_original_chain_gloss_baseline	Lezgi	87	87	formal accuracy skipped: no manual extraction validation/evaluator
chain_gloss	qwen35_lezgi_grammar_original_chain_gloss_cheatsheet_jpg	Lezgi	87	87	formal accuracy skipped: no manual extraction validation/evaluator
chain_gloss	qwen35_lezgi_grammar_original_chain_gloss_cheatsheet_txt	Lezgi	87	87	formal accuracy skipped: no manual extraction validation/evaluator
chain_gloss	qwen35_lezgi_grammar_original_chain_gloss_pdfpages_impactful_jpg	Lezgi	87	87	formal accuracy skipped: no manual extraction validation/evaluator
chain_gloss	qwen35_lezgi_grammar_original_chain_gloss_summary_tables_jpg	Lezgi	87	87	formal accuracy skipped: no manual extraction validation/evaluator
chain_gloss	qwen35_lezgi_grammar_original_chain_gloss_summary_tables_txt	Lezgi	87	87	formal accuracy skipped: no manual extraction validation/evaluator
chain_gloss	qwen35_lezgi_grammar_original_chain_gloss_summary_text_txt	Lezgi	87	87	formal accuracy skipped: no manual extraction validation/evaluator
chain_gloss	qwen35_natugu_grammar_original_chain_gloss_baseline	Natugu	99	99	formal accuracy skipped: no manual extraction validation/evaluator
chain_gloss	qwen35_natugu_grammar_original_chain_gloss_cheatsheet_jpg	Natugu	99	99	formal accuracy skipped: no manual extraction validation/evaluator
chain_gloss	qwen35_natugu_grammar_original_chain_gloss_cheatsheet_txt	Natugu	99	99	formal accuracy skipped: no manual extraction validation/evaluator
chain_gloss	qwen35_natugu_grammar_original_chain_gloss_pdfpages_impactful_jpg	Natugu	99	99	formal accuracy skipped: no manual extraction validation/evaluator
chain_gloss	qwen35_natugu_grammar_original_chain_gloss_summary_tables_jpg	Natugu	99	99	formal accuracy skipped: no manual extraction validation/evaluator
chain_gloss	qwen35_natugu_grammar_original_chain_gloss_summary_tables_txt	Natugu	99	99	formal accuracy skipped: no manual extraction validation/evaluator
chain_gloss	qwen35_natugu_grammar_original_chain_gloss_summary_text_txt	Natugu	99	99	formal accuracy skipped: no manual extraction validation/evaluator
modelgloss	2ab83858839299624e7e59e1987c0e719d3fc0068aef43b55e29b446b12ef338	Natugu	99	99	source/order alignment verified; original cache lineage not independently certified; no formal accuracy claim
chain_gloss	qwen35_tsez_grammar_original_chain_gloss_baseline	Tsez	445	444	formal accuracy skipped: no manual extraction validation/evaluator
chain_gloss	qwen35_tsez_grammar_original_chain_gloss_cheatsheet_jpg	Tsez	445	441	formal accuracy skipped: no manual extraction validation/evaluator
chain_gloss	qwen35_tsez_grammar_original_chain_gloss_cheatsheet_txt	Tsez	445	444	formal accuracy skipped: no manual extraction validation/evaluator
chain_gloss	qwen35_tsez_grammar_original_chain_gloss_pdfpages_impactful_jpg	Tsez	445	440	formal accuracy skipped: no manual extraction validation/evaluator
chain_gloss	qwen35_tsez_grammar_original_chain_gloss_summary_tables_jpg	Tsez	445	444	formal accuracy skipped: no manual extraction validation/evaluator
chain_gloss	qwen35_tsez_grammar_original_chain_gloss_summary_tables_txt	Tsez	445	445	formal accuracy skipped: no manual extraction validation/evaluator
chain_gloss	qwen35_tsez_grammar_original_chain_gloss_summary_text_txt	Tsez	445	444	formal accuracy skipped: no manual extraction validation/evaluator
modelgloss	c2fa4be9af9ff064e5ff6fa0f72f821d76bbf9a5fa9c98b914ae62329a7f90e0	Tsez	445	445	source/order alignment verified; original cache lineage not independently certified; no formal accuracy claim
chain_gloss	qwen3_gitksan_grammar_original_chain_gloss_baseline	Gitksan	37	36	formal accuracy skipped: no manual extraction validation/evaluator
chain_gloss	qwen3_gitksan_pdf1_brown_original_chain_gloss_cheatsheet_jpg	Gitksan	37	36	formal accuracy skipped: no manual extraction validation/evaluator
chain_gloss	qwen3_gitksan_pdf1_brown_original_chain_gloss_cheatsheet_txt	Gitksan	37	37	formal accuracy skipped: no manual extraction validation/evaluator
chain_gloss	qwen3_gitksan_pdf1_brown_original_chain_gloss_pdfpages_impactful_jpg	Gitksan	37	36	formal accuracy skipped: no manual extraction validation/evaluator
chain_gloss	qwen3_gitksan_pdf1_brown_original_chain_gloss_summary_tables_jpg	Gitksan	37	37	formal accuracy skipped: no manual extraction validation/evaluator
chain_gloss	qwen3_gitksan_pdf1_brown_original_chain_gloss_summary_tables_txt	Gitksan	37	36	formal accuracy skipped: no manual extraction validation/evaluator
chain_gloss	qwen3_gitksan_pdf1_brown_original_chain_gloss_summary_text_txt	Gitksan	37	36	formal accuracy skipped: no manual extraction validation/evaluator
chain_gloss	qwen3_gitksan_pdf2_rigsby_original_chain_gloss_cheatsheet_jpg	Gitksan	37	36	formal accuracy skipped: no manual extraction validation/evaluator
chain_gloss	qwen3_gitksan_pdf2_rigsby_original_chain_gloss_cheatsheet_txt	Gitksan	37	35	formal accuracy skipped: no manual extraction validation/evaluator
chain_gloss	qwen3_gitksan_pdf2_rigsby_original_chain_gloss_pdfpages_impactful_jpg	Gitksan	37	35	formal accuracy skipped: no manual extraction validation/evaluator
chain_gloss	qwen3_gitksan_pdf2_rigsby_original_chain_gloss_summary_tables_jpg	Gitksan	37	37	formal accuracy skipped: no manual extraction validation/evaluator
chain_gloss	qwen3_gitksan_pdf2_rigsby_original_chain_gloss_summary_tables_txt	Gitksan	37	36	formal accuracy skipped: no manual extraction validation/evaluator
chain_gloss	qwen3_gitksan_pdf2_rigsby_original_chain_gloss_summary_text_txt	Gitksan	37	34	formal accuracy skipped: no manual extraction validation/evaluator
chain_gloss	qwen3_lezgi_grammar_cyrillic_chain_gloss_cheatsheet_jpg	Lezgi	87	86	formal accuracy skipped: no manual extraction validation/evaluator
chain_gloss	qwen3_lezgi_grammar_cyrillic_chain_gloss_cheatsheet_txt	Lezgi	87	86	formal accuracy skipped: no manual extraction validation/evaluator
chain_gloss	qwen3_lezgi_grammar_cyrillic_chain_gloss_summary_tables_jpg	Lezgi	87	87	formal accuracy skipped: no manual extraction validation/evaluator
chain_gloss	qwen3_lezgi_grammar_cyrillic_chain_gloss_summary_tables_txt	Lezgi	87	86	formal accuracy skipped: no manual extraction validation/evaluator
chain_gloss	qwen3_lezgi_grammar_cyrillic_chain_gloss_summary_text_txt	Lezgi	87	86	formal accuracy skipped: no manual extraction validation/evaluator
chain_gloss	qwen3_lezgi_grammar_original_chain_gloss_baseline	Lezgi	87	86	formal accuracy skipped: no manual extraction validation/evaluator
chain_gloss	qwen3_lezgi_grammar_original_chain_gloss_cheatsheet_jpg	Lezgi	87	86	formal accuracy skipped: no manual extraction validation/evaluator
chain_gloss	qwen3_lezgi_grammar_original_chain_gloss_cheatsheet_txt	Lezgi	87	87	formal accuracy skipped: no manual extraction validation/evaluator
chain_gloss	qwen3_lezgi_grammar_original_chain_gloss_pdfpages_impactful_jpg	Lezgi	87	86	formal accuracy skipped: no manual extraction validation/evaluator
chain_gloss	qwen3_lezgi_grammar_original_chain_gloss_summary_tables_jpg	Lezgi	87	87	formal accuracy skipped: no manual extraction validation/evaluator
chain_gloss	qwen3_lezgi_grammar_original_chain_gloss_summary_tables_txt	Lezgi	87	87	formal accuracy skipped: no manual extraction validation/evaluator
chain_gloss	qwen3_lezgi_grammar_original_chain_gloss_summary_text_txt	Lezgi	87	87	formal accuracy skipped: no manual extraction validation/evaluator
chain_gloss	qwen3_natugu_grammar_original_chain_gloss_baseline	Natugu	99	96	formal accuracy skipped: no manual extraction validation/evaluator
chain_gloss	qwen3_natugu_grammar_original_chain_gloss_cheatsheet_jpg	Natugu	99	99	formal accuracy skipped: no manual extraction validation/evaluator
chain_gloss	qwen3_natugu_grammar_original_chain_gloss_cheatsheet_txt	Natugu	99	97	formal accuracy skipped: no manual extraction validation/evaluator
chain_gloss	qwen3_natugu_grammar_original_chain_gloss_pdfpages_impactful_jpg	Natugu	99	98	formal accuracy skipped: no manual extraction validation/evaluator
chain_gloss	qwen3_natugu_grammar_original_chain_gloss_summary_tables_jpg	Natugu	99	96	formal accuracy skipped: no manual extraction validation/evaluator
chain_gloss	qwen3_natugu_grammar_original_chain_gloss_summary_tables_txt	Natugu	99	97	formal accuracy skipped: no manual extraction validation/evaluator
chain_gloss	qwen3_natugu_grammar_original_chain_gloss_summary_text_txt	Natugu	99	98	formal accuracy skipped: no manual extraction validation/evaluator
chain_gloss	qwen3_tsez_grammar_original_chain_gloss_baseline	Tsez	445	410	formal accuracy skipped: no manual extraction validation/evaluator
chain_gloss	qwen3_tsez_grammar_original_chain_gloss_cheatsheet_jpg	Tsez	445	430	formal accuracy skipped: no manual extraction validation/evaluator
chain_gloss	qwen3_tsez_grammar_original_chain_gloss_cheatsheet_txt	Tsez	445	432	formal accuracy skipped: no manual extraction validation/evaluator
chain_gloss	qwen3_tsez_grammar_original_chain_gloss_pdfpages_impactful_jpg	Tsez	445	426	formal accuracy skipped: no manual extraction validation/evaluator
chain_gloss	qwen3_tsez_grammar_original_chain_gloss_summary_tables_jpg	Tsez	445	440	formal accuracy skipped: no manual extraction validation/evaluator
chain_gloss	qwen3_tsez_grammar_original_chain_gloss_summary_tables_txt	Tsez	445	421	formal accuracy skipped: no manual extraction validation/evaluator
chain_gloss	qwen3_tsez_grammar_original_chain_gloss_summary_text_txt	Tsez	445	423	formal accuracy skipped: no manual extraction validation/evaluator
