path	sha256	bytes	kind	assessment
materials/curated_v1/gitksan/pdf1_brown/original/cheatsheet/compact_cheatsheet.jpg	8ffc78a38c567a13c535a824714bc6af09d611ef39539b91da760db4f4ba2c63	250009	.jpg	inventory only; source faithfulness not human-verified
materials/curated_v1/gitksan/pdf1_brown/original/cheatsheet/compact_cheatsheet.txt	2aa3ad982f0b4679ea3edb0038fddf53a2c73daca65d3a4d18f2f91323ca8f58	1222	.txt	inventory only; source faithfulness not human-verified
materials/curated_v1/gitksan/pdf1_brown/original/selected_pages/page_001.jpg	b770d681b0ba725c2a07c8708a021cfffb2ace6d4188ce30b2b2d7a542a773d8	192466	.jpg	inventory only; source faithfulness not human-verified
materials/curated_v1/gitksan/pdf1_brown/original/selected_pages/page_002.jpg	071328756972e78994b3189c78c9d361ccd4f1aa3e955f419c346c9ebd436b9e	272279	.jpg	inventory only; source faithfulness not human-verified
materials/curated_v1/gitksan/pdf1_brown/original/selected_pages/page_005.jpg	a2e1321dbc3b1d4a087cb5dac6be8d4d923a3bf000d523b664721c2850cbe7b9	162538	.jpg	inventory only; source faithfulness not human-verified
materials/curated_v1/gitksan/pdf1_brown/original/selected_pages/page_006.jpg	bd9e050b38585ed87b84a8a1fde320dd5249b8cbaa6f9b00ba15c0217c91a95b	264673	.jpg	inventory only; source faithfulness not human-verified
materials/curated_v1/gitksan/pdf1_brown/original/selected_pages/page_007.jpg	ecc16ed581e362f36c3f8074fb508ec4a1a8bec837fafec5de367e72f46e098f	231840	.jpg	inventory only; source faithfulness not human-verified
materials/curated_v1/gitksan/pdf1_brown/original/selected_pages/page_008.jpg	71eb76ffb46dc571663a055263144a1b8e99468fc1cee1eecd867573077b1885	289791	.jpg	inventory only; source faithfulness not human-verified
materials/curated_v1/gitksan/pdf1_brown/original/selected_pages/page_009.jpg	bac4e5ea6cb42a4a9c8afeaf0efdadd323c981f2bffa8b7e8ac4bef0e9e75337	218917	.jpg	inventory only; source faithfulness not human-verified
materials/curated_v1/gitksan/pdf1_brown/original/selected_pages/page_010.jpg	1c8fd0006eebb0e3220c76be3dd7ce8baeb0b94020cbc0c847a12508f7c6ecac	172560	.jpg	inventory only; source faithfulness not human-verified
materials/curated_v1/gitksan/pdf1_brown/original/selected_pages/page_011.jpg	a0bc1e139d2e06de7fd9a28c78b25a2adc32615d6e338d1405f6acc2574d8609	277719	.jpg	inventory only; source faithfulness not human-verified
materials/curated_v1/gitksan/pdf1_brown/original/summary_tables/summary_tables.jpg	0b734865b84ee50d2d53a803688afc98cd13c44a32040e424e11bbc4c170fd19	374848	.jpg	inventory only; source faithfulness not human-verified
materials/curated_v1/gitksan/pdf1_brown/original/summary_tables/summary_tables.txt	365cca63fa2143076a6ea300264b27de5316884ba6ce7e3de7a84db85e5a5ee0	2061	.txt	inventory only; source faithfulness not human-verified
materials/curated_v1/gitksan/pdf1_brown/original/summary_text/summary_model_readable.txt	826eed63a06cc563fdedc38323ad6e41005fb9317c80ca02ba2817846515b45e	7774	.txt	inventory only; source faithfulness not human-verified
materials/curated_v1/gitksan/pdf2_rigsby/original/cheatsheet/compact_cheatsheet.jpg	5f6c5cbda60874575a4865382147c361ac9b706cb9260a0fcd87bcf1bcb8ce87	267355	.jpg	inventory only; source faithfulness not human-verified
materials/curated_v1/gitksan/pdf2_rigsby/original/cheatsheet/compact_cheatsheet.txt	e960563af66bc7b55685e3b9c655405e7a3b78ca28c34a865b942287cca46f62	1096	.txt	inventory only; source faithfulness not human-verified
materials/curated_v1/gitksan/pdf2_rigsby/original/selected_pages/page_001.jpg	ec128e752361322b22ab42983f78eb3c2ee8215da7ea0da4a81e17856feaacc1	353687	.jpg	inventory only; source faithfulness not human-verified
materials/curated_v1/gitksan/pdf2_rigsby/original/selected_pages/page_003.jpg	366abcbf6f8c25385f7239de0962cb4438b2ccae6a38748b170ee93d15931fce	419520	.jpg	inventory only; source faithfulness not human-verified
materials/curated_v1/gitksan/pdf2_rigsby/original/selected_pages/page_004.jpg	eb640b4c3df60b1c35e758ae7fc8e641e80b4b4af73c9d86828c174527c5e88c	442579	.jpg	inventory only; source faithfulness not human-verified
materials/curated_v1/gitksan/pdf2_rigsby/original/selected_pages/page_005.jpg	51b92869c6724ff823daac868ae5f65ac11edc85c100a610118c69cd203ebeb1	391277	.jpg	inventory only; source faithfulness not human-verified
materials/curated_v1/gitksan/pdf2_rigsby/original/selected_pages/page_006.jpg	342ee7c3a03e7fc27b34b1edc3745e2de123a5d87f6a146fd35bfcee3fc2c395	418437	.jpg	inventory only; source faithfulness not human-verified
materials/curated_v1/gitksan/pdf2_rigsby/original/selected_pages/page_007.jpg	386f9b80cfd157190e7fb3134cd82b77374da3fcf2b22cb529e8dd8f1cf7939f	357215	.jpg	inventory only; source faithfulness not human-verified
materials/curated_v1/gitksan/pdf2_rigsby/original/summary_tables/summary_tables.jpg	a724c766c258f6c51b71c6b3e50fa0463491186fb8adb1ebafe444ba6a5f91bf	322970	.jpg	inventory only; source faithfulness not human-verified
materials/curated_v1/gitksan/pdf2_rigsby/original/summary_tables/summary_tables.txt	cfa0bae4dc120880567ef59d32edd1c1903249da97e20da1105cfa054efecc44	1307	.txt	inventory only; source faithfulness not human-verified
materials/curated_v1/gitksan/pdf2_rigsby/original/summary_text/summary_model_readable.txt	2a3b76e23e0d35901160f2c622bb1d63c6bb8bfb202feb21db0429d10479fd0d	6015	.txt	inventory only; source faithfulness not human-verified
materials/curated_v1/lezgi/grammar/cyrillic/cheatsheet/compact_cheatsheet.jpg	e31ff1cbd52189f5f66c7b6580b89c6f3035bef93276efecfd19dc7853116a4d	449298	.jpg	inventory only; source faithfulness not human-verified
materials/curated_v1/lezgi/grammar/cyrillic/cheatsheet/compact_cheatsheet_2.jpg	798ebd63760d11b7a038f882b3942dc04b4b14d703277aeead1b38ef2e61bba9	168313	.jpg	inventory only; source faithfulness not human-verified
materials/curated_v1/lezgi/grammar/cyrillic/cheatsheet/compact_cheatsheet.txt	ffaae2ec2b67dc23d9606722d80e0045e9242ca28a59aba457b0f0a5a51962b1	2617	.txt	inventory only; source faithfulness not human-verified
materials/curated_v1/lezgi/grammar/cyrillic/summary_tables/summary_tables.jpg	7ad3309decede665cfdb8845f1421d454d4151829c520f49d14f50171aaa13f1	399727	.jpg	inventory only; source faithfulness not human-verified
materials/curated_v1/lezgi/grammar/cyrillic/summary_tables/summary_tables_2.jpg	a2f3fccca39b6c5531aa0811906dff4eab4455fc56c40b0bedede7150e2624b5	402242	.jpg	inventory only; source faithfulness not human-verified
materials/curated_v1/lezgi/grammar/cyrillic/summary_tables/summary_tables.txt	3902c86a8c075843afcb9306735ee3bd489e806126a4b5a53a33abdaa59453b2	3698	.txt	inventory only; source faithfulness not human-verified
materials/curated_v1/lezgi/grammar/cyrillic/summary_text/summary_model_readable.txt	05f3c9a6cbfa7eebbfb5aae1793c9e7c1db8953862460f3b16b54a5c837b05c0	12923	.txt	inventory only; source faithfulness not human-verified
materials/curated_v1/lezgi/grammar/original/cheatsheet/compact_cheatsheet.jpg	fcd371b5027cf4190cbd5dd2784007f166b82f3fea90afc806de742c5c48eab3	451126	.jpg	inventory only; source faithfulness not human-verified
materials/curated_v1/lezgi/grammar/original/cheatsheet/compact_cheatsheet.txt	9ab63cc56854a254eaca2d12d63b0c4131e0144acbae652604b2f886d2ae178b	2556	.txt	inventory only; source faithfulness not human-verified
materials/curated_v1/lezgi/grammar/original/selected_pages/page_019.jpg	901dbbd7e6f008397d4b78f899cecc8f1b773a740af7639f11120c32ae4362df	108518	.jpg	inventory only; source faithfulness not human-verified
materials/curated_v1/lezgi/grammar/original/selected_pages/page_020.jpg	e678c6c29456f20bdb3c74ecf818921f2d94f19c157c0e0d73192451a9393653	103738	.jpg	inventory only; source faithfulness not human-verified
materials/curated_v1/lezgi/grammar/original/selected_pages/page_024.jpg	3edd3b30f993342246b3c633f506c6515e40dfc7a2de5441c2abb8aaae5215f5	180395	.jpg	inventory only; source faithfulness not human-verified
materials/curated_v1/lezgi/grammar/original/selected_pages/page_025.jpg	116d69ee4830790e7c648b3acc5d1c5f545218cec14f25d7546d066d134088b3	171823	.jpg	inventory only; source faithfulness not human-verified
materials/curated_v1/lezgi/grammar/original/selected_pages/page_026.jpg	c9f92bda4b1f645e37ccc59fe550f16575f41b8e614a91a3fe43c9a4b0a98f4b	151744	.jpg	inventory only; source faithfulness not human-verified
materials/curated_v1/lezgi/grammar/original/selected_pages/page_028.jpg	5851464c4d95f186b771294ae259f35f1fc8baa81a12a25575ee51408f194972	211149	.jpg	inventory only; source faithfulness not human-verified
materials/curated_v1/lezgi/grammar/original/selected_pages/page_030.jpg	107fcfa3ae96f5c0d946226a65d15c5b5d195aca2bf5be118417f54ed64ee906	146786	.jpg	inventory only; source faithfulness not human-verified
materials/curated_v1/lezgi/grammar/original/selected_pages/page_034.jpg	a57b575b917c367feb1d9e66f3a205a05fe1fb8fcf403b73291096722026684f	149229	.jpg	inventory only; source faithfulness not human-verified
materials/curated_v1/lezgi/grammar/original/selected_pages/page_043.jpg	03acd67ca1dde2cb53a034c4f5a4b329d22466f27bd74e80b14a34240e5259bd	215203	.jpg	inventory only; source faithfulness not human-verified
materials/curated_v1/lezgi/grammar/original/summary_tables/summary_tables.jpg	e4b8a48952ed925decf8c72f4ae6dc9ebd183562ede0870e6df57778e9380902	402090	.jpg	inventory only; source faithfulness not human-verified
materials/curated_v1/lezgi/grammar/original/summary_tables/summary_tables_2.jpg	a2f3fccca39b6c5531aa0811906dff4eab4455fc56c40b0bedede7150e2624b5	402242	.jpg	inventory only; source faithfulness not human-verified
materials/curated_v1/lezgi/grammar/original/summary_tables/summary_tables.txt	0cc73f0e872e04243f037c980dcbb7fc2fc88a7b277c8b9388529cad194de260	3620	.txt	inventory only; source faithfulness not human-verified
materials/curated_v1/lezgi/grammar/original/summary_text/summary_model_readable.txt	8469ab540853ae37700ef61285c06f47b9e8bc19050f317738e4bc86de9de420	12180	.txt	inventory only; source faithfulness not human-verified
materials/curated_v1/natugu/grammar/original/cheatsheet/compact_cheatsheet.jpg	fbe0e9e85db46443aa99cb8ac99df93583f78251c6d87222c1a834917c5b446a	399876	.jpg	inventory only; source faithfulness not human-verified
materials/curated_v1/natugu/grammar/original/cheatsheet/compact_cheatsheet_2.jpg	e74f086a6fcc7d92dddd26e7376d6915d1a7a89667390976959cc20b209e2220	107643	.jpg	inventory only; source faithfulness not human-verified
materials/curated_v1/natugu/grammar/original/cheatsheet/compact_cheatsheet.txt	6e3f9f0f86a021f27e59d8049a96847b435be24e002c158fc1cebd63f0fbd8e4	2107	.txt	inventory only; source faithfulness not human-verified
materials/curated_v1/natugu/grammar/original/selected_pages/page_003.jpg	9a624b3b543ca5d97aff16026cde684c8db7b84a2f4c6f078334dc2d7e2beb30	304792	.jpg	inventory only; source faithfulness not human-verified
materials/curated_v1/natugu/grammar/original/selected_pages/page_008.jpg	1994f96367a40f3e10f6a0d41e393d261eaa297973ee101d84715bb47ad51d39	255102	.jpg	inventory only; source faithfulness not human-verified
materials/curated_v1/natugu/grammar/original/selected_pages/page_023.jpg	b3e456af14e155f5bba369286ab4c12a1c364e3dbcb3ac2e3dd29b5629a05218	344714	.jpg	inventory only; source faithfulness not human-verified
materials/curated_v1/natugu/grammar/original/selected_pages/page_025.jpg	0a4456a68ad4a457d0a7f4c37b36f65a20349a55039704c0a797a473e5695d35	344717	.jpg	inventory only; source faithfulness not human-verified
materials/curated_v1/natugu/grammar/original/selected_pages/page_037.jpg	529f67456104dcfa5f8a3ae1a7d9274c261e3c66351488e8f2bb749fcc403a40	271766	.jpg	inventory only; source faithfulness not human-verified
materials/curated_v1/natugu/grammar/original/selected_pages/page_038.jpg	bb304bbf1f693a5a30709fbf20527c3296b2715ac30a22ec5ec2176327a87f7e	340230	.jpg	inventory only; source faithfulness not human-verified
materials/curated_v1/natugu/grammar/original/selected_pages/page_039.jpg	fbc3d46f5e86a551ff1d70f99733d4132a7941cf8bf6f1c6b071477cde8763d3	369335	.jpg	inventory only; source faithfulness not human-verified
materials/curated_v1/natugu/grammar/original/selected_pages/page_050.jpg	1a6d68822f02eca9a33106d52d6ad0afdbc898b92778ebe73c4f6a105e57a85d	326312	.jpg	inventory only; source faithfulness not human-verified
materials/curated_v1/natugu/grammar/original/selected_pages/page_058.jpg	d106169bb26957a409f790bfdef12d6d4c4de74811908dd38226042f7178aef8	316810	.jpg	inventory only; source faithfulness not human-verified
materials/curated_v1/natugu/grammar/original/summary_tables/summary_tables.jpg	c77ed08e758116b7300e46be780413328384a32f23b5d9221ef5f161ae78308f	414885	.jpg	inventory only; source faithfulness not human-verified
materials/curated_v1/natugu/grammar/original/summary_tables/summary_tables_2.jpg	f2c1599fbed5a226b7ba99e8cb6ca97ae7b67433a1d83d6f8664a23ba0152139	457298	.jpg	inventory only; source faithfulness not human-verified
materials/curated_v1/natugu/grammar/original/summary_tables/summary_tables.txt	4e0f18225ceaee19a8f2703342d3cb6b4d3b7c1d6297953a49b08ecc6a28535d	3937	.txt	inventory only; source faithfulness not human-verified
materials/curated_v1/natugu/grammar/original/summary_text/summary_model_readable.txt	a3e3f0f6c5bd0fdf7e95e9ddf24ee6402f689e6b68c54af730e63507e05ec173	13021	.txt	inventory only; source faithfulness not human-verified
materials/curated_v1/tsez/grammar/original/cheatsheet/compact_cheatsheet.jpg	07c32cf65dae8cbcebc237692bbb8270eca4a4b5b8f30536b605d7f78a0bc624	579161	.jpg	inventory only; source faithfulness not human-verified
materials/curated_v1/tsez/grammar/original/cheatsheet/compact_cheatsheet_2.jpg	3e082e3240a186b71a0476fda98369adccfcbef0425b6d415d1ac7e7022a574a	263264	.jpg	inventory only; source faithfulness not human-verified
materials/curated_v1/tsez/grammar/original/cheatsheet/compact_cheatsheet.txt	adb02d7a1c4f67ca487d4b27dd38f04f3a1fd4e2c6e491db2b4fbbd2285137e9	3759	.txt	inventory only; source faithfulness not human-verified
materials/curated_v1/tsez/grammar/original/selected_pages/page_008.jpg	0f6c70da999b1dffb72443c354256c0777dd047e1d8af214134e9302d0d3e8c8	329660	.jpg	inventory only; source faithfulness not human-verified
materials/curated_v1/tsez/grammar/original/selected_pages/page_009.jpg	7cd7d12a9acaee59cc9fa84d63c009187b7cc582b2e3409cc83cd801ff21b454	207524	.jpg	inventory only; source faithfulness not human-verified
materials/curated_v1/tsez/grammar/original/selected_pages/page_010.jpg	e3d05ff6bcacb64c790273e4c3fc39d0b1746da75ed47f5c29dae2b103061b53	176800	.jpg	inventory only; source faithfulness not human-verified
materials/curated_v1/tsez/grammar/original/selected_pages/page_012.jpg	381c5db39a6c38cb1aeea4c4de0cc8ce218cbd2327c4d246bd905b1a0378990d	301820	.jpg	inventory only; source faithfulness not human-verified
materials/curated_v1/tsez/grammar/original/selected_pages/page_015.jpg	8ad3a5f436298520bda2e322b65205a15cbdf2ecec37be3c14dedcf37825893b	322885	.jpg	inventory only; source faithfulness not human-verified
materials/curated_v1/tsez/grammar/original/selected_pages/page_016.jpg	79fd4877bdab2febbb536daedf8132b96c510b579a03550405ef58d3504e58a6	278273	.jpg	inventory only; source faithfulness not human-verified
materials/curated_v1/tsez/grammar/original/selected_pages/page_020.jpg	131ddb75a15374c16281b35c6fae357947ba6e32d62c85b8c4e4a46142af460c	223584	.jpg	inventory only; source faithfulness not human-verified
materials/curated_v1/tsez/grammar/original/selected_pages/page_021.jpg	7e2cd3cd38344f47f666a1f1bbd18f19597fc2589211775b462f16bc331716a3	239922	.jpg	inventory only; source faithfulness not human-verified
materials/curated_v1/tsez/grammar/original/selected_pages/page_025.jpg	d1969f152935fdd8b35112f70cb24d255abe4958cb0c2573ed4d19ed4ac5ce7e	158792	.jpg	inventory only; source faithfulness not human-verified
materials/curated_v1/tsez/grammar/original/summary_tables/summary_tables.jpg	34a109abb3b4b09e4586bc17c9105b9565c41f11a9b7c7fade897252444d19ff	431832	.jpg	inventory only; source faithfulness not human-verified
materials/curated_v1/tsez/grammar/original/summary_tables/summary_tables_2.jpg	c190e6cdf5858cdf89a6d7eb2853acd05e4ef3b44df7b046241257634045b8d7	444759	.jpg	inventory only; source faithfulness not human-verified
materials/curated_v1/tsez/grammar/original/summary_tables/summary_tables.txt	757bb5d73afcba5ab1a4e47876a1f61f7feaaa2b2f1291dd0d1959756c67ef3b	4035	.txt	inventory only; source faithfulness not human-verified
materials/curated_v1/tsez/grammar/original/summary_text/summary_model_readable.txt	bee41814484e2cf51f2969439974d05d14559cb271932aa3c847d0d13ff2863a	14065	.txt	inventory only; source faithfulness not human-verified
