id	cohort	records	unique_sources	failures
qwen35_gitksan_grammar_original_chain_gloss_baseline	native	37	37	0
qwen35_gitksan_grammar_original_modelgloss_baseline	native	37	37	0
qwen35_gitksan_grammar_original_shot_baseline	native	37	37	0
qwen35_gitksan_pdf1_brown_original_chain_gloss_cheatsheet_jpg	native	37	37	0
qwen35_gitksan_pdf1_brown_original_chain_gloss_cheatsheet_txt	native	37	37	0
qwen35_gitksan_pdf1_brown_original_chain_gloss_pdfpages_impactful_jpg	native	37	37	2
qwen35_gitksan_pdf1_brown_original_chain_gloss_summary_tables_jpg	native	37	37	1
qwen35_gitksan_pdf1_brown_original_chain_gloss_summary_tables_txt	native	37	37	0
qwen35_gitksan_pdf1_brown_original_chain_gloss_summary_text_txt	native	37	37	0
qwen35_gitksan_pdf1_brown_original_modelgloss_cheatsheet_jpg	native	37	37	0
qwen35_gitksan_pdf1_brown_original_modelgloss_cheatsheet_txt	native	37	37	0
qwen35_gitksan_pdf1_brown_original_modelgloss_pdfpages_impactful_jpg	native	37	37	0
qwen35_gitksan_pdf1_brown_original_modelgloss_summary_tables_jpg	native	37	37	0
qwen35_gitksan_pdf1_brown_original_modelgloss_summary_tables_txt	native	37	37	0
qwen35_gitksan_pdf1_brown_original_modelgloss_summary_text_txt	native	37	37	0
qwen35_gitksan_pdf1_brown_original_shot_cheatsheet_jpg	native	37	37	0
qwen35_gitksan_pdf1_brown_original_shot_cheatsheet_txt	native	37	37	0
qwen35_gitksan_pdf1_brown_original_shot_pdfpages_impactful_jpg	native	37	37	0
qwen35_gitksan_pdf1_brown_original_shot_summary_tables_jpg	native	37	37	0
qwen35_gitksan_pdf1_brown_original_shot_summary_tables_txt	native	37	37	0
qwen35_gitksan_pdf1_brown_original_shot_summary_text_txt	native	37	37	0
qwen35_gitksan_pdf2_rigsby_original_chain_gloss_cheatsheet_jpg	native	37	37	0
qwen35_gitksan_pdf2_rigsby_original_chain_gloss_cheatsheet_txt	native	37	37	0
qwen35_gitksan_pdf2_rigsby_original_chain_gloss_pdfpages_impactful_jpg	native	37	37	1
qwen35_gitksan_pdf2_rigsby_original_chain_gloss_summary_tables_jpg	native	37	37	1
qwen35_gitksan_pdf2_rigsby_original_chain_gloss_summary_tables_txt	native	37	37	1
qwen35_gitksan_pdf2_rigsby_original_chain_gloss_summary_text_txt	native	37	37	0
qwen35_gitksan_pdf2_rigsby_original_modelgloss_cheatsheet_jpg	native	37	37	0
qwen35_gitksan_pdf2_rigsby_original_modelgloss_cheatsheet_txt	native	37	37	0
qwen35_gitksan_pdf2_rigsby_original_modelgloss_pdfpages_impactful_jpg	native	37	37	0
qwen35_gitksan_pdf2_rigsby_original_modelgloss_summary_tables_jpg	native	37	37	0
qwen35_gitksan_pdf2_rigsby_original_modelgloss_summary_tables_txt	native	37	37	0
qwen35_gitksan_pdf2_rigsby_original_modelgloss_summary_text_txt	native	37	37	0
qwen35_gitksan_pdf2_rigsby_original_shot_cheatsheet_jpg	native	37	37	0
qwen35_gitksan_pdf2_rigsby_original_shot_cheatsheet_txt	native	37	37	0
qwen35_gitksan_pdf2_rigsby_original_shot_pdfpages_impactful_jpg	native	37	37	0
qwen35_gitksan_pdf2_rigsby_original_shot_summary_tables_jpg	native	37	37	0
qwen35_gitksan_pdf2_rigsby_original_shot_summary_tables_txt	native	37	37	0
qwen35_gitksan_pdf2_rigsby_original_shot_summary_text_txt	native	37	37	0
qwen35_lezgi_grammar_cyrillic_chain_gloss_cheatsheet_jpg	valid84	84	82	0
qwen35_lezgi_grammar_cyrillic_chain_gloss_cheatsheet_jpg	sensitivity83	83	81	0
qwen35_lezgi_grammar_cyrillic_chain_gloss_cheatsheet_txt	valid84	84	82	0
qwen35_lezgi_grammar_cyrillic_chain_gloss_cheatsheet_txt	sensitivity83	83	81	0
qwen35_lezgi_grammar_cyrillic_chain_gloss_summary_tables_jpg	valid84	84	82	0
qwen35_lezgi_grammar_cyrillic_chain_gloss_summary_tables_jpg	sensitivity83	83	81	0
qwen35_lezgi_grammar_cyrillic_chain_gloss_summary_tables_txt	valid84	84	82	0
qwen35_lezgi_grammar_cyrillic_chain_gloss_summary_tables_txt	sensitivity83	83	81	0
qwen35_lezgi_grammar_cyrillic_chain_gloss_summary_text_txt	valid84	84	82	0
qwen35_lezgi_grammar_cyrillic_chain_gloss_summary_text_txt	sensitivity83	83	81	0
qwen35_lezgi_grammar_cyrillic_modelgloss_cheatsheet_jpg	valid84	84	82	0
qwen35_lezgi_grammar_cyrillic_modelgloss_cheatsheet_jpg	sensitivity83	83	81	0
qwen35_lezgi_grammar_cyrillic_modelgloss_cheatsheet_txt	valid84	84	82	0
qwen35_lezgi_grammar_cyrillic_modelgloss_cheatsheet_txt	sensitivity83	83	81	0
qwen35_lezgi_grammar_cyrillic_modelgloss_summary_tables_jpg	valid84	84	82	0
qwen35_lezgi_grammar_cyrillic_modelgloss_summary_tables_jpg	sensitivity83	83	81	0
qwen35_lezgi_grammar_cyrillic_modelgloss_summary_tables_txt	valid84	84	82	0
qwen35_lezgi_grammar_cyrillic_modelgloss_summary_tables_txt	sensitivity83	83	81	0
qwen35_lezgi_grammar_cyrillic_modelgloss_summary_text_txt	valid84	84	82	0
qwen35_lezgi_grammar_cyrillic_modelgloss_summary_text_txt	sensitivity83	83	81	0
qwen35_lezgi_grammar_cyrillic_shot_cheatsheet_jpg	valid84	84	82	0
qwen35_lezgi_grammar_cyrillic_shot_cheatsheet_jpg	sensitivity83	83	81	0
qwen35_lezgi_grammar_cyrillic_shot_cheatsheet_txt	valid84	84	82	0
qwen35_lezgi_grammar_cyrillic_shot_cheatsheet_txt	sensitivity83	83	81	0
qwen35_lezgi_grammar_cyrillic_shot_summary_tables_jpg	valid84	84	82	0
qwen35_lezgi_grammar_cyrillic_shot_summary_tables_jpg	sensitivity83	83	81	0
qwen35_lezgi_grammar_cyrillic_shot_summary_tables_txt	valid84	84	82	0
qwen35_lezgi_grammar_cyrillic_shot_summary_tables_txt	sensitivity83	83	81	0
qwen35_lezgi_grammar_cyrillic_shot_summary_text_txt	valid84	84	82	0
qwen35_lezgi_grammar_cyrillic_shot_summary_text_txt	sensitivity83	83	81	0
qwen35_lezgi_grammar_original_chain_gloss_baseline	valid84	84	82	0
qwen35_lezgi_grammar_original_chain_gloss_baseline	sensitivity83	83	81	0
qwen35_lezgi_grammar_original_chain_gloss_cheatsheet_jpg	valid84	84	82	0
qwen35_lezgi_grammar_original_chain_gloss_cheatsheet_jpg	sensitivity83	83	81	0
qwen35_lezgi_grammar_original_chain_gloss_cheatsheet_txt	valid84	84	82	0
qwen35_lezgi_grammar_original_chain_gloss_cheatsheet_txt	sensitivity83	83	81	0
qwen35_lezgi_grammar_original_chain_gloss_pdfpages_impactful_jpg	valid84	84	82	0
qwen35_lezgi_grammar_original_chain_gloss_pdfpages_impactful_jpg	sensitivity83	83	81	0
qwen35_lezgi_grammar_original_chain_gloss_summary_tables_jpg	valid84	84	82	0
qwen35_lezgi_grammar_original_chain_gloss_summary_tables_jpg	sensitivity83	83	81	0
qwen35_lezgi_grammar_original_chain_gloss_summary_tables_txt	valid84	84	82	0
qwen35_lezgi_grammar_original_chain_gloss_summary_tables_txt	sensitivity83	83	81	0
qwen35_lezgi_grammar_original_chain_gloss_summary_text_txt	valid84	84	82	0
qwen35_lezgi_grammar_original_chain_gloss_summary_text_txt	sensitivity83	83	81	0
qwen35_lezgi_grammar_original_modelgloss_baseline	valid84	84	82	0
qwen35_lezgi_grammar_original_modelgloss_baseline	sensitivity83	83	81	0
qwen35_lezgi_grammar_original_modelgloss_cheatsheet_jpg	valid84	84	82	0
qwen35_lezgi_grammar_original_modelgloss_cheatsheet_jpg	sensitivity83	83	81	0
qwen35_lezgi_grammar_original_modelgloss_cheatsheet_txt	valid84	84	82	0
qwen35_lezgi_grammar_original_modelgloss_cheatsheet_txt	sensitivity83	83	81	0
qwen35_lezgi_grammar_original_modelgloss_pdfpages_impactful_jpg	valid84	84	82	0
qwen35_lezgi_grammar_original_modelgloss_pdfpages_impactful_jpg	sensitivity83	83	81	0
qwen35_lezgi_grammar_original_modelgloss_summary_tables_jpg	valid84	84	82	0
qwen35_lezgi_grammar_original_modelgloss_summary_tables_jpg	sensitivity83	83	81	0
qwen35_lezgi_grammar_original_modelgloss_summary_tables_txt	valid84	84	82	0
qwen35_lezgi_grammar_original_modelgloss_summary_tables_txt	sensitivity83	83	81	0
qwen35_lezgi_grammar_original_modelgloss_summary_text_txt	valid84	84	82	0
qwen35_lezgi_grammar_original_modelgloss_summary_text_txt	sensitivity83	83	81	0
qwen35_lezgi_grammar_original_shot_baseline	valid84	84	82	0
qwen35_lezgi_grammar_original_shot_baseline	sensitivity83	83	81	0
qwen35_lezgi_grammar_original_shot_cheatsheet_jpg	valid84	84	82	0
qwen35_lezgi_grammar_original_shot_cheatsheet_jpg	sensitivity83	83	81	0
qwen35_lezgi_grammar_original_shot_cheatsheet_txt	valid84	84	82	0
qwen35_lezgi_grammar_original_shot_cheatsheet_txt	sensitivity83	83	81	0
qwen35_lezgi_grammar_original_shot_pdfpages_impactful_jpg	valid84	84	82	0
qwen35_lezgi_grammar_original_shot_pdfpages_impactful_jpg	sensitivity83	83	81	0
qwen35_lezgi_grammar_original_shot_summary_tables_jpg	valid84	84	82	0
qwen35_lezgi_grammar_original_shot_summary_tables_jpg	sensitivity83	83	81	0
qwen35_lezgi_grammar_original_shot_summary_tables_txt	valid84	84	82	0
qwen35_lezgi_grammar_original_shot_summary_tables_txt	sensitivity83	83	81	0
qwen35_lezgi_grammar_original_shot_summary_text_txt	valid84	84	82	0
qwen35_lezgi_grammar_original_shot_summary_text_txt	sensitivity83	83	81	0
qwen35_natugu_grammar_original_chain_gloss_baseline	native	99	99	0
qwen35_natugu_grammar_original_chain_gloss_cheatsheet_jpg	native	99	99	0
qwen35_natugu_grammar_original_chain_gloss_cheatsheet_txt	native	99	99	0
qwen35_natugu_grammar_original_chain_gloss_pdfpages_impactful_jpg	native	99	99	0
qwen35_natugu_grammar_original_chain_gloss_summary_tables_jpg	native	99	99	0
qwen35_natugu_grammar_original_chain_gloss_summary_tables_txt	native	99	99	0
qwen35_natugu_grammar_original_chain_gloss_summary_text_txt	native	99	99	0
qwen35_natugu_grammar_original_modelgloss_baseline	native	99	99	0
qwen35_natugu_grammar_original_modelgloss_cheatsheet_jpg	native	99	99	0
qwen35_natugu_grammar_original_modelgloss_cheatsheet_txt	native	99	99	0
qwen35_natugu_grammar_original_modelgloss_pdfpages_impactful_jpg	native	99	99	0
qwen35_natugu_grammar_original_modelgloss_summary_tables_jpg	native	99	99	0
qwen35_natugu_grammar_original_modelgloss_summary_tables_txt	native	99	99	0
qwen35_natugu_grammar_original_modelgloss_summary_text_txt	native	99	99	0
qwen35_natugu_grammar_original_shot_baseline	native	99	99	0
qwen35_natugu_grammar_original_shot_cheatsheet_jpg	native	99	99	0
qwen35_natugu_grammar_original_shot_cheatsheet_txt	native	99	99	0
qwen35_natugu_grammar_original_shot_pdfpages_impactful_jpg	native	99	99	0
qwen35_natugu_grammar_original_shot_summary_tables_jpg	native	99	99	0
qwen35_natugu_grammar_original_shot_summary_tables_txt	native	99	99	1
qwen35_natugu_grammar_original_shot_summary_text_txt	native	99	99	0
qwen35_tsez_grammar_original_chain_gloss_baseline	native	445	445	1
qwen35_tsez_grammar_original_chain_gloss_cheatsheet_jpg	native	445	445	4
qwen35_tsez_grammar_original_chain_gloss_cheatsheet_txt	native	445	445	1
qwen35_tsez_grammar_original_chain_gloss_pdfpages_impactful_jpg	native	445	445	5
qwen35_tsez_grammar_original_chain_gloss_summary_tables_jpg	native	445	445	1
qwen35_tsez_grammar_original_chain_gloss_summary_tables_txt	native	445	445	0
qwen35_tsez_grammar_original_chain_gloss_summary_text_txt	native	445	445	1
qwen35_tsez_grammar_original_modelgloss_baseline	native	445	445	0
qwen35_tsez_grammar_original_modelgloss_cheatsheet_jpg	native	445	445	0
qwen35_tsez_grammar_original_modelgloss_cheatsheet_txt	native	445	445	0
qwen35_tsez_grammar_original_modelgloss_pdfpages_impactful_jpg	native	445	445	0
qwen35_tsez_grammar_original_modelgloss_summary_tables_jpg	native	445	445	0
qwen35_tsez_grammar_original_modelgloss_summary_tables_txt	native	445	445	0
qwen35_tsez_grammar_original_modelgloss_summary_text_txt	native	445	445	0
qwen35_tsez_grammar_original_shot_baseline	native	445	445	0
qwen35_tsez_grammar_original_shot_cheatsheet_jpg	native	445	445	0
qwen35_tsez_grammar_original_shot_cheatsheet_txt	native	445	445	0
qwen35_tsez_grammar_original_shot_pdfpages_impactful_jpg	native	445	445	0
qwen35_tsez_grammar_original_shot_summary_tables_jpg	native	445	445	0
qwen35_tsez_grammar_original_shot_summary_tables_txt	native	445	445	0
qwen35_tsez_grammar_original_shot_summary_text_txt	native	445	445	0
qwen3_gitksan_grammar_original_chain_gloss_baseline	native	37	37	1
qwen3_gitksan_grammar_original_modelgloss_baseline	native	37	37	0
qwen3_gitksan_grammar_original_shot_baseline	native	37	37	0
qwen3_gitksan_pdf1_brown_original_chain_gloss_cheatsheet_jpg	native	37	37	1
qwen3_gitksan_pdf1_brown_original_chain_gloss_cheatsheet_txt	native	37	37	0
qwen3_gitksan_pdf1_brown_original_chain_gloss_pdfpages_impactful_jpg	native	37	37	1
qwen3_gitksan_pdf1_brown_original_chain_gloss_summary_tables_jpg	native	37	37	0
qwen3_gitksan_pdf1_brown_original_chain_gloss_summary_tables_txt	native	37	37	1
qwen3_gitksan_pdf1_brown_original_chain_gloss_summary_text_txt	native	37	37	1
qwen3_gitksan_pdf1_brown_original_modelgloss_cheatsheet_jpg	native	37	37	0
qwen3_gitksan_pdf1_brown_original_modelgloss_cheatsheet_txt	native	37	37	0
qwen3_gitksan_pdf1_brown_original_modelgloss_pdfpages_impactful_jpg	native	37	37	0
qwen3_gitksan_pdf1_brown_original_modelgloss_summary_tables_jpg	native	37	37	0
qwen3_gitksan_pdf1_brown_original_modelgloss_summary_tables_txt	native	37	37	0
qwen3_gitksan_pdf1_brown_original_modelgloss_summary_text_txt	native	37	37	0
qwen3_gitksan_pdf1_brown_original_shot_cheatsheet_jpg	native	37	37	0
qwen3_gitksan_pdf1_brown_original_shot_cheatsheet_txt	native	37	37	0
qwen3_gitksan_pdf1_brown_original_shot_pdfpages_impactful_jpg	native	37	37	0
qwen3_gitksan_pdf1_brown_original_shot_summary_tables_jpg	native	37	37	0
qwen3_gitksan_pdf1_brown_original_shot_summary_tables_txt	native	37	37	0
qwen3_gitksan_pdf1_brown_original_shot_summary_text_txt	native	37	37	0
qwen3_gitksan_pdf2_rigsby_original_chain_gloss_cheatsheet_jpg	native	37	37	1
qwen3_gitksan_pdf2_rigsby_original_chain_gloss_cheatsheet_txt	native	37	37	2
qwen3_gitksan_pdf2_rigsby_original_chain_gloss_pdfpages_impactful_jpg	native	37	37	2
qwen3_gitksan_pdf2_rigsby_original_chain_gloss_summary_tables_jpg	native	37	37	0
qwen3_gitksan_pdf2_rigsby_original_chain_gloss_summary_tables_txt	native	37	37	1
qwen3_gitksan_pdf2_rigsby_original_chain_gloss_summary_text_txt	native	37	37	3
qwen3_gitksan_pdf2_rigsby_original_modelgloss_cheatsheet_jpg	native	37	37	0
qwen3_gitksan_pdf2_rigsby_original_modelgloss_cheatsheet_txt	native	37	37	0
qwen3_gitksan_pdf2_rigsby_original_modelgloss_pdfpages_impactful_jpg	native	37	37	0
qwen3_gitksan_pdf2_rigsby_original_modelgloss_summary_tables_jpg	native	37	37	0
qwen3_gitksan_pdf2_rigsby_original_modelgloss_summary_tables_txt	native	37	37	0
qwen3_gitksan_pdf2_rigsby_original_modelgloss_summary_text_txt	native	37	37	0
qwen3_gitksan_pdf2_rigsby_original_shot_cheatsheet_jpg	native	37	37	0
qwen3_gitksan_pdf2_rigsby_original_shot_cheatsheet_txt	native	37	37	0
qwen3_gitksan_pdf2_rigsby_original_shot_pdfpages_impactful_jpg	native	37	37	0
qwen3_gitksan_pdf2_rigsby_original_shot_summary_tables_jpg	native	37	37	0
qwen3_gitksan_pdf2_rigsby_original_shot_summary_tables_txt	native	37	37	0
qwen3_gitksan_pdf2_rigsby_original_shot_summary_text_txt	native	37	37	0
qwen3_lezgi_grammar_cyrillic_chain_gloss_cheatsheet_jpg	valid84	84	82	1
qwen3_lezgi_grammar_cyrillic_chain_gloss_cheatsheet_jpg	sensitivity83	83	81	1
qwen3_lezgi_grammar_cyrillic_chain_gloss_cheatsheet_txt	valid84	84	82	1
qwen3_lezgi_grammar_cyrillic_chain_gloss_cheatsheet_txt	sensitivity83	83	81	1
qwen3_lezgi_grammar_cyrillic_chain_gloss_summary_tables_jpg	valid84	84	82	0
qwen3_lezgi_grammar_cyrillic_chain_gloss_summary_tables_jpg	sensitivity83	83	81	0
qwen3_lezgi_grammar_cyrillic_chain_gloss_summary_tables_txt	valid84	84	82	1
qwen3_lezgi_grammar_cyrillic_chain_gloss_summary_tables_txt	sensitivity83	83	81	1
qwen3_lezgi_grammar_cyrillic_chain_gloss_summary_text_txt	valid84	84	82	1
qwen3_lezgi_grammar_cyrillic_chain_gloss_summary_text_txt	sensitivity83	83	81	1
qwen3_lezgi_grammar_cyrillic_modelgloss_cheatsheet_jpg	valid84	84	82	0
qwen3_lezgi_grammar_cyrillic_modelgloss_cheatsheet_jpg	sensitivity83	83	81	0
qwen3_lezgi_grammar_cyrillic_modelgloss_cheatsheet_txt	valid84	84	82	0
qwen3_lezgi_grammar_cyrillic_modelgloss_cheatsheet_txt	sensitivity83	83	81	0
qwen3_lezgi_grammar_cyrillic_modelgloss_summary_tables_jpg	valid84	84	82	0
qwen3_lezgi_grammar_cyrillic_modelgloss_summary_tables_jpg	sensitivity83	83	81	0
qwen3_lezgi_grammar_cyrillic_modelgloss_summary_tables_txt	valid84	84	82	0
qwen3_lezgi_grammar_cyrillic_modelgloss_summary_tables_txt	sensitivity83	83	81	0
qwen3_lezgi_grammar_cyrillic_modelgloss_summary_text_txt	valid84	84	82	0
qwen3_lezgi_grammar_cyrillic_modelgloss_summary_text_txt	sensitivity83	83	81	0
qwen3_lezgi_grammar_cyrillic_shot_cheatsheet_jpg	valid84	84	82	5
qwen3_lezgi_grammar_cyrillic_shot_cheatsheet_jpg	sensitivity83	83	81	5
qwen3_lezgi_grammar_cyrillic_shot_cheatsheet_txt	valid84	84	82	0
qwen3_lezgi_grammar_cyrillic_shot_cheatsheet_txt	sensitivity83	83	81	0
qwen3_lezgi_grammar_cyrillic_shot_summary_tables_jpg	valid84	84	82	5
qwen3_lezgi_grammar_cyrillic_shot_summary_tables_jpg	sensitivity83	83	81	5
qwen3_lezgi_grammar_cyrillic_shot_summary_tables_txt	valid84	84	82	1
qwen3_lezgi_grammar_cyrillic_shot_summary_tables_txt	sensitivity83	83	81	1
qwen3_lezgi_grammar_cyrillic_shot_summary_text_txt	valid84	84	82	0
qwen3_lezgi_grammar_cyrillic_shot_summary_text_txt	sensitivity83	83	81	0
qwen3_lezgi_grammar_original_chain_gloss_baseline	valid84	84	82	1
qwen3_lezgi_grammar_original_chain_gloss_baseline	sensitivity83	83	81	1
qwen3_lezgi_grammar_original_chain_gloss_cheatsheet_jpg	valid84	84	82	1
qwen3_lezgi_grammar_original_chain_gloss_cheatsheet_jpg	sensitivity83	83	81	1
qwen3_lezgi_grammar_original_chain_gloss_cheatsheet_txt	valid84	84	82	0
qwen3_lezgi_grammar_original_chain_gloss_cheatsheet_txt	sensitivity83	83	81	0
qwen3_lezgi_grammar_original_chain_gloss_pdfpages_impactful_jpg	valid84	84	82	1
qwen3_lezgi_grammar_original_chain_gloss_pdfpages_impactful_jpg	sensitivity83	83	81	1
qwen3_lezgi_grammar_original_chain_gloss_summary_tables_jpg	valid84	84	82	0
qwen3_lezgi_grammar_original_chain_gloss_summary_tables_jpg	sensitivity83	83	81	0
qwen3_lezgi_grammar_original_chain_gloss_summary_tables_txt	valid84	84	82	0
qwen3_lezgi_grammar_original_chain_gloss_summary_tables_txt	sensitivity83	83	81	0
qwen3_lezgi_grammar_original_chain_gloss_summary_text_txt	valid84	84	82	0
qwen3_lezgi_grammar_original_chain_gloss_summary_text_txt	sensitivity83	83	81	0
qwen3_lezgi_grammar_original_modelgloss_baseline	valid84	84	82	0
qwen3_lezgi_grammar_original_modelgloss_baseline	sensitivity83	83	81	0
qwen3_lezgi_grammar_original_modelgloss_cheatsheet_jpg	valid84	84	82	0
qwen3_lezgi_grammar_original_modelgloss_cheatsheet_jpg	sensitivity83	83	81	0
qwen3_lezgi_grammar_original_modelgloss_cheatsheet_txt	valid84	84	82	0
qwen3_lezgi_grammar_original_modelgloss_cheatsheet_txt	sensitivity83	83	81	0
qwen3_lezgi_grammar_original_modelgloss_pdfpages_impactful_jpg	valid84	84	82	0
qwen3_lezgi_grammar_original_modelgloss_pdfpages_impactful_jpg	sensitivity83	83	81	0
qwen3_lezgi_grammar_original_modelgloss_summary_tables_jpg	valid84	84	82	1
qwen3_lezgi_grammar_original_modelgloss_summary_tables_jpg	sensitivity83	83	81	1
qwen3_lezgi_grammar_original_modelgloss_summary_tables_txt	valid84	84	82	0
qwen3_lezgi_grammar_original_modelgloss_summary_tables_txt	sensitivity83	83	81	0
qwen3_lezgi_grammar_original_modelgloss_summary_text_txt	valid84	84	82	0
qwen3_lezgi_grammar_original_modelgloss_summary_text_txt	sensitivity83	83	81	0
qwen3_lezgi_grammar_original_shot_baseline	valid84	84	82	0
qwen3_lezgi_grammar_original_shot_baseline	sensitivity83	83	81	0
qwen3_lezgi_grammar_original_shot_cheatsheet_jpg	valid84	84	82	1
qwen3_lezgi_grammar_original_shot_cheatsheet_jpg	sensitivity83	83	81	1
qwen3_lezgi_grammar_original_shot_cheatsheet_txt	valid84	84	82	1
qwen3_lezgi_grammar_original_shot_cheatsheet_txt	sensitivity83	83	81	1
qwen3_lezgi_grammar_original_shot_pdfpages_impactful_jpg	valid84	84	82	5
qwen3_lezgi_grammar_original_shot_pdfpages_impactful_jpg	sensitivity83	83	81	5
qwen3_lezgi_grammar_original_shot_summary_tables_jpg	valid84	84	82	2
qwen3_lezgi_grammar_original_shot_summary_tables_jpg	sensitivity83	83	81	2
qwen3_lezgi_grammar_original_shot_summary_tables_txt	valid84	84	82	0
qwen3_lezgi_grammar_original_shot_summary_tables_txt	sensitivity83	83	81	0
qwen3_lezgi_grammar_original_shot_summary_text_txt	valid84	84	82	0
qwen3_lezgi_grammar_original_shot_summary_text_txt	sensitivity83	83	81	0
qwen3_natugu_grammar_original_chain_gloss_baseline	native	99	99	3
qwen3_natugu_grammar_original_chain_gloss_cheatsheet_jpg	native	99	99	0
qwen3_natugu_grammar_original_chain_gloss_cheatsheet_txt	native	99	99	2
qwen3_natugu_grammar_original_chain_gloss_pdfpages_impactful_jpg	native	99	99	1
qwen3_natugu_grammar_original_chain_gloss_summary_tables_jpg	native	99	99	3
qwen3_natugu_grammar_original_chain_gloss_summary_tables_txt	native	99	99	2
qwen3_natugu_grammar_original_chain_gloss_summary_text_txt	native	99	99	1
qwen3_natugu_grammar_original_modelgloss_baseline	native	99	99	0
qwen3_natugu_grammar_original_modelgloss_cheatsheet_jpg	native	99	99	0
qwen3_natugu_grammar_original_modelgloss_cheatsheet_txt	native	99	99	0
qwen3_natugu_grammar_original_modelgloss_pdfpages_impactful_jpg	native	99	99	0
qwen3_natugu_grammar_original_modelgloss_summary_tables_jpg	native	99	99	0
qwen3_natugu_grammar_original_modelgloss_summary_tables_txt	native	99	99	0
qwen3_natugu_grammar_original_modelgloss_summary_text_txt	native	99	99	0
qwen3_natugu_grammar_original_shot_baseline	native	99	99	0
qwen3_natugu_grammar_original_shot_cheatsheet_jpg	native	99	99	2
qwen3_natugu_grammar_original_shot_cheatsheet_txt	native	99	99	0
qwen3_natugu_grammar_original_shot_pdfpages_impactful_jpg	native	99	99	4
qwen3_natugu_grammar_original_shot_summary_tables_jpg	native	99	99	1
qwen3_natugu_grammar_original_shot_summary_tables_txt	native	99	99	0
qwen3_natugu_grammar_original_shot_summary_text_txt	native	99	99	0
qwen3_tsez_grammar_original_chain_gloss_baseline	native	445	445	35
qwen3_tsez_grammar_original_chain_gloss_cheatsheet_jpg	native	445	445	15
qwen3_tsez_grammar_original_chain_gloss_cheatsheet_txt	native	445	445	13
qwen3_tsez_grammar_original_chain_gloss_pdfpages_impactful_jpg	native	445	445	19
qwen3_tsez_grammar_original_chain_gloss_summary_tables_jpg	native	445	445	5
qwen3_tsez_grammar_original_chain_gloss_summary_tables_txt	native	445	445	24
qwen3_tsez_grammar_original_chain_gloss_summary_text_txt	native	445	445	22
qwen3_tsez_grammar_original_modelgloss_baseline	native	445	445	0
qwen3_tsez_grammar_original_modelgloss_cheatsheet_jpg	native	445	445	0
qwen3_tsez_grammar_original_modelgloss_cheatsheet_txt	native	445	445	0
qwen3_tsez_grammar_original_modelgloss_pdfpages_impactful_jpg	native	445	445	0
qwen3_tsez_grammar_original_modelgloss_summary_tables_jpg	native	445	445	1
qwen3_tsez_grammar_original_modelgloss_summary_tables_txt	native	445	445	0
qwen3_tsez_grammar_original_modelgloss_summary_text_txt	native	445	445	0
qwen3_tsez_grammar_original_shot_baseline	native	445	445	0
qwen3_tsez_grammar_original_shot_cheatsheet_jpg	native	445	445	1
qwen3_tsez_grammar_original_shot_cheatsheet_txt	native	445	445	0
qwen3_tsez_grammar_original_shot_pdfpages_impactful_jpg	native	445	445	0
qwen3_tsez_grammar_original_shot_summary_tables_jpg	native	445	445	0
qwen3_tsez_grammar_original_shot_summary_tables_txt	native	445	445	0
qwen3_tsez_grammar_original_shot_summary_text_txt	native	445	445	1
