id	model	language	metric	cohort	n	score	empty_predictions	results_sha256	score_path
qwen3_gitksan_grammar_original_modelgloss_baseline_s20260910_t512	qwen3	Gitksan	XCOMET-XL	native	37	0.5397974252700806	0	e514a52e28be99d0ad2287f1cbb620ab2f3ff5ef7f40fa6b0a8afe3eb245dd87	metrics/xcomet_xl/qwen3_gitksan_grammar_original_modelgloss_baseline_s20260910_t512.json
qwen3_gitksan_grammar_original_modelgloss_baseline_s20260910_t512_oracle	qwen3	Gitksan	XCOMET-XL	native	37	0.4999985650584504	0	ba626342f6d92d512a69ff891547c5d892bcad719d2e7c0493a9a864de9f22df	metrics/xcomet_xl/qwen3_gitksan_grammar_original_modelgloss_baseline_s20260910_t512_oracle.json
qwen3_gitksan_grammar_original_chain_gloss_baseline_s20260910_t512	qwen3	Gitksan	XCOMET-XL	native	37	0.2902060106799409	1	c5a066803e8bbace02cd2da5608da51d3a320d54d23715da8b019ebba4dad4ac	metrics/xcomet_xl/qwen3_gitksan_grammar_original_chain_gloss_baseline_s20260910_t512.json
qwen3_gitksan_grammar_original_chain_gloss_baseline_s20260910_t1024	qwen3	Gitksan	XCOMET-XL	native	37	0.2902060106799409	1	4a54321d9af0c38487a297869f449f953bcdba5894319e18016453c5e0296fe0	metrics/xcomet_xl/qwen3_gitksan_grammar_original_chain_gloss_baseline_s20260910_t1024.json
qwen3_lezgi_grammar_original_modelgloss_baseline_s20260910_t512	qwen3	Lezgi	XCOMET-XL	valid84	84	0.5011863224208355	0	d451c78a65a9604214cdc0c8bf84fb078e01863f5ddf7c950e406a060dba5844	metrics/xcomet_xl/qwen3_lezgi_grammar_original_modelgloss_baseline_s20260910_t512.json
qwen3_lezgi_grammar_original_modelgloss_baseline_s20260910_t512	qwen3	Lezgi	XCOMET-XL	sensitivity83	83	0.495968256908727	0	d451c78a65a9604214cdc0c8bf84fb078e01863f5ddf7c950e406a060dba5844	metrics/xcomet_xl/qwen3_lezgi_grammar_original_modelgloss_baseline_s20260910_t512.json
qwen3_lezgi_grammar_original_modelgloss_baseline_s20260910_t512_oracle	qwen3	Lezgi	XCOMET-XL	valid84	84	0.49815069635709125	0	7f594c0b7d9ff3c202c3d3b9b628bbdc2a01ac71aefa7085d451f4b6fa0407a2	metrics/xcomet_xl/qwen3_lezgi_grammar_original_modelgloss_baseline_s20260910_t512_oracle.json
qwen3_lezgi_grammar_original_modelgloss_baseline_s20260910_t512_oracle	qwen3	Lezgi	XCOMET-XL	sensitivity83	83	0.4936316559113652	0	7f594c0b7d9ff3c202c3d3b9b628bbdc2a01ac71aefa7085d451f4b6fa0407a2	metrics/xcomet_xl/qwen3_lezgi_grammar_original_modelgloss_baseline_s20260910_t512_oracle.json
qwen3_lezgi_grammar_original_chain_gloss_baseline_s20260910_t512	qwen3	Lezgi	XCOMET-XL	valid84	84	0.34216355638844625	1	d2b2fd6d858e79babd5d73a12aac4452dd13fb557fa0cf6f9d24136e5a336861	metrics/xcomet_xl/qwen3_lezgi_grammar_original_chain_gloss_baseline_s20260910_t512.json
qwen3_lezgi_grammar_original_chain_gloss_baseline_s20260910_t512	qwen3	Lezgi	XCOMET-XL	sensitivity83	83	0.33576515281056785	1	d2b2fd6d858e79babd5d73a12aac4452dd13fb557fa0cf6f9d24136e5a336861	metrics/xcomet_xl/qwen3_lezgi_grammar_original_chain_gloss_baseline_s20260910_t512.json
qwen3_lezgi_grammar_original_chain_gloss_baseline_s20260910_t1024	qwen3	Lezgi	XCOMET-XL	valid84	84	0.34216355638844625	1	24fe0b0c11c87db1eaf033f73cd3c747741bc9b0c5db4c59abe31b2d026f492a	metrics/xcomet_xl/qwen3_lezgi_grammar_original_chain_gloss_baseline_s20260910_t1024.json
qwen3_lezgi_grammar_original_chain_gloss_baseline_s20260910_t1024	qwen3	Lezgi	XCOMET-XL	sensitivity83	83	0.33576515281056785	1	24fe0b0c11c87db1eaf033f73cd3c747741bc9b0c5db4c59abe31b2d026f492a	metrics/xcomet_xl/qwen3_lezgi_grammar_original_chain_gloss_baseline_s20260910_t1024.json
qwen3_natugu_grammar_original_modelgloss_baseline_s20260910_t512	qwen3	Natugu	XCOMET-XL	native	99	0.5121238376155044	0	d18279dde9e43fdb80c0933985832d4c93c95072dfef461e0341f0ec0269a8ec	metrics/xcomet_xl/qwen3_natugu_grammar_original_modelgloss_baseline_s20260910_t512.json
qwen3_natugu_grammar_original_modelgloss_baseline_s20260910_t512_oracle	qwen3	Natugu	XCOMET-XL	native	99	0.49545557149732955	0	2ebef0c0039365338182c9cb83a8968166278a0959106eb06f1db75ea06ab36b	metrics/xcomet_xl/qwen3_natugu_grammar_original_modelgloss_baseline_s20260910_t512_oracle.json
qwen3_natugu_grammar_original_chain_gloss_baseline_s20260910_t512	qwen3	Natugu	XCOMET-XL	native	99	0.295575185857638	3	6cacc2d789c654692ed803d5d244d15c1493b8fd988bc32dd5969edea992e871	metrics/xcomet_xl/qwen3_natugu_grammar_original_chain_gloss_baseline_s20260910_t512.json
qwen3_natugu_grammar_original_chain_gloss_baseline_s20260910_t1024	qwen3	Natugu	XCOMET-XL	native	99	0.295575185857638	3	62c5f71eb77895b1b7d2c2ddca515a2d73dfe99f400548bf93d91391e6877924	metrics/xcomet_xl/qwen3_natugu_grammar_original_chain_gloss_baseline_s20260910_t1024.json
qwen3_tsez_grammar_original_modelgloss_baseline_s20260910_t512	qwen3	Tsez	XCOMET-XL	native	445	0.4855870847956518	0	d08cc93938d16b83426895bf09cce4abea5a1b810422aa0601cf69442a976b77	metrics/xcomet_xl/qwen3_tsez_grammar_original_modelgloss_baseline_s20260910_t512.json
qwen3_tsez_grammar_original_modelgloss_baseline_s20260910_t512	qwen3	Tsez	XCOMET-XL	common99	99	0.48219798655823026	0	d08cc93938d16b83426895bf09cce4abea5a1b810422aa0601cf69442a976b77	metrics/xcomet_xl/qwen3_tsez_grammar_original_modelgloss_baseline_s20260910_t512.json
qwen3_tsez_grammar_original_modelgloss_baseline_s20260910_t512_oracle	qwen3	Tsez	XCOMET-XL	native	445	0.4932851562967126	0	fecc30849ab5afd1ea7e57c16605f57e0f92c402ee6b3eec79f83d1686411eb1	metrics/xcomet_xl/qwen3_tsez_grammar_original_modelgloss_baseline_s20260910_t512_oracle.json
qwen3_tsez_grammar_original_modelgloss_baseline_s20260910_t512_oracle	qwen3	Tsez	XCOMET-XL	common99	99	0.48366920249254414	0	fecc30849ab5afd1ea7e57c16605f57e0f92c402ee6b3eec79f83d1686411eb1	metrics/xcomet_xl/qwen3_tsez_grammar_original_modelgloss_baseline_s20260910_t512_oracle.json
qwen3_tsez_grammar_original_chain_gloss_baseline_s20260910_t512	qwen3	Tsez	XCOMET-XL	native	445	0.23749074982793145	35	d2d314767ff2b2de839ddb41b811682700b9f12c2d0b6f76a544bf354b467d6c	metrics/xcomet_xl/qwen3_tsez_grammar_original_chain_gloss_baseline_s20260910_t512.json
qwen3_tsez_grammar_original_chain_gloss_baseline_s20260910_t512	qwen3	Tsez	XCOMET-XL	common99	99	0.2339808823484363	6	d2d314767ff2b2de839ddb41b811682700b9f12c2d0b6f76a544bf354b467d6c	metrics/xcomet_xl/qwen3_tsez_grammar_original_chain_gloss_baseline_s20260910_t512.json
qwen3_tsez_grammar_original_chain_gloss_baseline_s20260910_t1024	qwen3	Tsez	XCOMET-XL	native	445	0.23727016740300683	34	1a309678e31c82290316c0d1fe45d868663e9896fda02bc4c0c96a595c88d4f2	metrics/xcomet_xl/qwen3_tsez_grammar_original_chain_gloss_baseline_s20260910_t1024.json
qwen3_tsez_grammar_original_chain_gloss_baseline_s20260910_t1024	qwen3	Tsez	XCOMET-XL	common99	99	0.2339808823484363	6	1a309678e31c82290316c0d1fe45d868663e9896fda02bc4c0c96a595c88d4f2	metrics/xcomet_xl/qwen3_tsez_grammar_original_chain_gloss_baseline_s20260910_t1024.json
qwen3_gitksan_grammar_original_shot_baseline_s20260910_t512	qwen3	Gitksan	XCOMET-XL	native	37	0.35267808469566136	0	e125e858a787e6dd524a707ce52dae376f39cb90d35993ff8fe449d605741d99	metrics/xcomet_xl/qwen3_gitksan_grammar_original_shot_baseline_s20260910_t512.json
qwen3_gitksan_pdf1_brown_original_shot_cheatsheet_txt_s20260910_t512	qwen3	Gitksan	XCOMET-XL	native	37	0.3518444936017732	0	c1df1888e1a568ef50ad7267f4be07c28be5d1a10bc046b6130e5643482964a3	metrics/xcomet_xl/qwen3_gitksan_pdf1_brown_original_shot_cheatsheet_txt_s20260910_t512.json
qwen3_gitksan_grammar_original_shot_baseline_s20260925_t512	qwen3	Gitksan	XCOMET-XL	native	37	0.3618123672298483	0	e3a20e35f2a5493f0ac36ddc8505930052a4ef88f3dd96fbfa7c9b159117f15a	metrics/xcomet_xl/qwen3_gitksan_grammar_original_shot_baseline_s20260925_t512.json
qwen3_gitksan_pdf1_brown_original_shot_cheatsheet_txt_s20260925_t512	qwen3	Gitksan	XCOMET-XL	native	37	0.3705520931933377	0	73df670af50420128b428a42500c66d671419b6c276306b30b831cdee01ecdca	metrics/xcomet_xl/qwen3_gitksan_pdf1_brown_original_shot_cheatsheet_txt_s20260925_t512.json
qwen3_gitksan_grammar_original_shot_baseline_s20261001_t512	qwen3	Gitksan	XCOMET-XL	native	37	0.34179301439104853	0	c0ac79e689d36a5afe9386a2b0f0894282f747a29d58bd124ac0f37ea1fc498a	metrics/xcomet_xl/qwen3_gitksan_grammar_original_shot_baseline_s20261001_t512.json
qwen3_gitksan_pdf1_brown_original_shot_cheatsheet_txt_s20261001_t512	qwen3	Gitksan	XCOMET-XL	native	37	0.35287193148522766	0	5dd9801ba2b8329f2506bb816995abd81c323811662fa0db402bd91c68decb61	metrics/xcomet_xl/qwen3_gitksan_pdf1_brown_original_shot_cheatsheet_txt_s20261001_t512.json
qwen3_lezgi_grammar_original_chain_gloss_cheatsheet_txt_s20260910_t512	qwen3	Lezgi	XCOMET-XL	valid84	84	0.32398717992362525	0	dd0de2b3fcb445bdc8ef3c73e4cd0b423721ed85313a7564c0356ae47c1d1873	metrics/xcomet_xl/qwen3_lezgi_grammar_original_chain_gloss_cheatsheet_txt_s20260910_t512.json
qwen3_lezgi_grammar_original_chain_gloss_cheatsheet_txt_s20260910_t512	qwen3	Lezgi	XCOMET-XL	sensitivity83	83	0.31776614038341017	0	dd0de2b3fcb445bdc8ef3c73e4cd0b423721ed85313a7564c0356ae47c1d1873	metrics/xcomet_xl/qwen3_lezgi_grammar_original_chain_gloss_cheatsheet_txt_s20260910_t512.json
qwen3_lezgi_grammar_original_chain_gloss_baseline_s20260925_t512	qwen3	Lezgi	XCOMET-XL	valid84	84	0.3251713409665085	2	a03cb525669cbbe5fab3297479d6a9f448bd30b4284d7ba38e09d1ef2f9c9cbe	metrics/xcomet_xl/qwen3_lezgi_grammar_original_chain_gloss_baseline_s20260925_t512.json
qwen3_lezgi_grammar_original_chain_gloss_baseline_s20260925_t512	qwen3	Lezgi	XCOMET-XL	sensitivity83	83	0.3186316527875073	2	a03cb525669cbbe5fab3297479d6a9f448bd30b4284d7ba38e09d1ef2f9c9cbe	metrics/xcomet_xl/qwen3_lezgi_grammar_original_chain_gloss_baseline_s20260925_t512.json
qwen3_lezgi_grammar_original_chain_gloss_cheatsheet_txt_s20260925_t512	qwen3	Lezgi	XCOMET-XL	valid84	84	0.31791110886704355	1	6b2c78cd1038aece7e9acb62fd8d53487ef2d4852d4c390c0f5692ad53377de4	metrics/xcomet_xl/qwen3_lezgi_grammar_original_chain_gloss_cheatsheet_txt_s20260925_t512.json
qwen3_lezgi_grammar_original_chain_gloss_cheatsheet_txt_s20260925_t512	qwen3	Lezgi	XCOMET-XL	sensitivity83	83	0.311616863651448	1	6b2c78cd1038aece7e9acb62fd8d53487ef2d4852d4c390c0f5692ad53377de4	metrics/xcomet_xl/qwen3_lezgi_grammar_original_chain_gloss_cheatsheet_txt_s20260925_t512.json
qwen3_lezgi_grammar_original_chain_gloss_baseline_s20261001_t512	qwen3	Lezgi	XCOMET-XL	valid84	84	0.33629592206506503	0	53df335bfe2e8104f1447815804185ed03aeabb2f55cc5da08cda32d1aff2a71	metrics/xcomet_xl/qwen3_lezgi_grammar_original_chain_gloss_baseline_s20261001_t512.json
qwen3_lezgi_grammar_original_chain_gloss_baseline_s20261001_t512	qwen3	Lezgi	XCOMET-XL	sensitivity83	83	0.3298268240977483	0	53df335bfe2e8104f1447815804185ed03aeabb2f55cc5da08cda32d1aff2a71	metrics/xcomet_xl/qwen3_lezgi_grammar_original_chain_gloss_baseline_s20261001_t512.json
qwen3_lezgi_grammar_original_chain_gloss_cheatsheet_txt_s20261001_t512	qwen3	Lezgi	XCOMET-XL	valid84	84	0.3193541986956483	0	29a16b26b0af91dbe6c0b80d789fbca003994fa2b4b1286ed96fe3b71478a7eb	metrics/xcomet_xl/qwen3_lezgi_grammar_original_chain_gloss_cheatsheet_txt_s20261001_t512.json
qwen3_lezgi_grammar_original_chain_gloss_cheatsheet_txt_s20261001_t512	qwen3	Lezgi	XCOMET-XL	sensitivity83	83	0.31307734010449373	0	29a16b26b0af91dbe6c0b80d789fbca003994fa2b4b1286ed96fe3b71478a7eb	metrics/xcomet_xl/qwen3_lezgi_grammar_original_chain_gloss_cheatsheet_txt_s20261001_t512.json
qwen3_natugu_grammar_original_modelgloss_cheatsheet_jpg_s20260910_t512	qwen3	Natugu	XCOMET-XL	native	99	0.5236083937413765	0	21ac33df7f7485eef4b7884bd57a269668ba0adefc797db6243026afef1b6742	metrics/xcomet_xl/qwen3_natugu_grammar_original_modelgloss_cheatsheet_jpg_s20260910_t512.json
qwen3_natugu_grammar_original_modelgloss_baseline_s20260925_t512	qwen3	Natugu	XCOMET-XL	native	99	0.5145666549603144	0	a3e4ee5812857dda9090b55476078241e6790965fabad8a54d15358fb8f24d3c	metrics/xcomet_xl/qwen3_natugu_grammar_original_modelgloss_baseline_s20260925_t512.json
qwen3_natugu_grammar_original_modelgloss_cheatsheet_jpg_s20260925_t512	qwen3	Natugu	XCOMET-XL	native	99	0.5285307847791247	0	4d81106499aca41205fd4445f4d5eb885c26f6f5d784c8ef9de238b531e7bc31	metrics/xcomet_xl/qwen3_natugu_grammar_original_modelgloss_cheatsheet_jpg_s20260925_t512.json
qwen3_natugu_grammar_original_modelgloss_baseline_s20261001_t512	qwen3	Natugu	XCOMET-XL	native	99	0.5208816495206621	0	b0d9edbd1a293693512e4598a00149737313b04ac3ae01a330e3054075423087	metrics/xcomet_xl/qwen3_natugu_grammar_original_modelgloss_baseline_s20261001_t512.json
qwen3_natugu_grammar_original_modelgloss_cheatsheet_jpg_s20261001_t512	qwen3	Natugu	XCOMET-XL	native	99	0.5208727982309129	0	99a70686e50161e837cde789812208f2dd9d5d75bebe8224aec3fa67bd8b9cc6	metrics/xcomet_xl/qwen3_natugu_grammar_original_modelgloss_cheatsheet_jpg_s20261001_t512.json
qwen3_tsez_grammar_original_chain_gloss_summary_text_txt_s20260910_t512	qwen3	Tsez	XCOMET-XL	native	445	0.2329702934857165	22	544aa17cff3b3d4c3c80d8891f9af7a376aada87040917bbfb987c73c3e237a5	metrics/xcomet_xl/qwen3_tsez_grammar_original_chain_gloss_summary_text_txt_s20260910_t512.json
qwen3_tsez_grammar_original_chain_gloss_summary_text_txt_s20260910_t512	qwen3	Tsez	XCOMET-XL	common99	99	0.23923801261969288	4	544aa17cff3b3d4c3c80d8891f9af7a376aada87040917bbfb987c73c3e237a5	metrics/xcomet_xl/qwen3_tsez_grammar_original_chain_gloss_summary_text_txt_s20260910_t512.json
qwen3_tsez_grammar_original_chain_gloss_baseline_s20260925_t512	qwen3	Tsez	XCOMET-XL	native	445	0.23655576173509105	25	bc47fa84fd6ed0b036125661636e6f343a1e1620ace4e72ca897f5bb202ceedb	metrics/xcomet_xl/qwen3_tsez_grammar_original_chain_gloss_baseline_s20260925_t512.json
qwen3_tsez_grammar_original_chain_gloss_baseline_s20260925_t512	qwen3	Tsez	XCOMET-XL	common99	99	0.2399713583666869	8	bc47fa84fd6ed0b036125661636e6f343a1e1620ace4e72ca897f5bb202ceedb	metrics/xcomet_xl/qwen3_tsez_grammar_original_chain_gloss_baseline_s20260925_t512.json
qwen3_tsez_grammar_original_chain_gloss_summary_text_txt_s20260925_t512	qwen3	Tsez	XCOMET-XL	native	445	0.22959841392683178	23	a15b2646dd60b96847a80b29d468b4267d4eafdaeedadfa8c1afcbd983630883	metrics/xcomet_xl/qwen3_tsez_grammar_original_chain_gloss_summary_text_txt_s20260925_t512.json
qwen3_tsez_grammar_original_chain_gloss_summary_text_txt_s20260925_t512	qwen3	Tsez	XCOMET-XL	common99	99	0.2299418484020715	4	a15b2646dd60b96847a80b29d468b4267d4eafdaeedadfa8c1afcbd983630883	metrics/xcomet_xl/qwen3_tsez_grammar_original_chain_gloss_summary_text_txt_s20260925_t512.json
qwen3_tsez_grammar_original_chain_gloss_baseline_s20261001_t512	qwen3	Tsez	XCOMET-XL	native	445	0.23554951441421937	22	1bcea7c02df24f3af5b8db6c86aebe40eae1f99af4111c4f104f54716f63eba7	metrics/xcomet_xl/qwen3_tsez_grammar_original_chain_gloss_baseline_s20261001_t512.json
qwen3_tsez_grammar_original_chain_gloss_baseline_s20261001_t512	qwen3	Tsez	XCOMET-XL	common99	99	0.23310304591149994	3	1bcea7c02df24f3af5b8db6c86aebe40eae1f99af4111c4f104f54716f63eba7	metrics/xcomet_xl/qwen3_tsez_grammar_original_chain_gloss_baseline_s20261001_t512.json
qwen3_tsez_grammar_original_chain_gloss_summary_text_txt_s20261001_t512	qwen3	Tsez	XCOMET-XL	native	445	0.22878607715783494	18	8985a28882876d81adde8be4c943cc8256508fecb47c7679e3f8de4a4aa78920	metrics/xcomet_xl/qwen3_tsez_grammar_original_chain_gloss_summary_text_txt_s20261001_t512.json
qwen3_tsez_grammar_original_chain_gloss_summary_text_txt_s20261001_t512	qwen3	Tsez	XCOMET-XL	common99	99	0.2242144475681613	2	8985a28882876d81adde8be4c943cc8256508fecb47c7679e3f8de4a4aa78920	metrics/xcomet_xl/qwen3_tsez_grammar_original_chain_gloss_summary_text_txt_s20261001_t512.json
