baseline_score	score	delta	p	delta_ci_low	delta_ci_high	records	seed	cohort	baseline_id	id	model	language	method	source	variant	material	p_holm
0.4042136061030465	0.380864175993043	-0.023349430110003497	0.2806271937280627	-0.06332379609749124	0.021525626267130275	37	1194930463	native	gemini25flashlite_gitksan_pdf1_brown_original_chain_gloss_cheatsheet_txt	gemini25flashlite_gitksan_pdf1_brown_original_chain_gloss_cheatsheet_jpg	gemini25flashlite	Gitksan	chain_gloss	pdf1_brown	original	cheatsheet_jpg	1.0
0.4118246021302971	0.3568547476787825	-0.05496985445151458	0.02766972330276697	-0.10584737501434378	-0.008090281375759494	37	1095603498	native	gemini25flashlite_gitksan_pdf1_brown_original_chain_gloss_summary_tables_txt	gemini25flashlite_gitksan_pdf1_brown_original_chain_gloss_summary_tables_jpg	gemini25flashlite	Gitksan	chain_gloss	pdf1_brown	original	summary_tables_jpg	1.0
0.6130302121510377	0.6201648220822618	0.007134609931224101	0.7069429305706942	-0.03031137841376098	0.04391052114802438	37	4027615720	native	gemini25flashlite_gitksan_pdf1_brown_original_modelgloss_cheatsheet_txt	gemini25flashlite_gitksan_pdf1_brown_original_modelgloss_cheatsheet_jpg	gemini25flashlite	Gitksan	modelgloss	pdf1_brown	original	cheatsheet_jpg	1.0
0.6152153377597397	0.6184286732931394	0.00321333553339984	0.8485215147848522	-0.031283405805761735	0.03509502620310396	37	3386467908	native	gemini25flashlite_gitksan_pdf1_brown_original_modelgloss_summary_tables_txt	gemini25flashlite_gitksan_pdf1_brown_original_modelgloss_summary_tables_jpg	gemini25flashlite	Gitksan	modelgloss	pdf1_brown	original	summary_tables_jpg	1.0
0.4087952596915735	0.38395725875287445	-0.02483800093869905	0.23723762762372377	-0.06765468524315872	0.01502803595283546	37	3107574326	native	gemini25flashlite_gitksan_pdf1_brown_original_shot_cheatsheet_txt	gemini25flashlite_gitksan_pdf1_brown_original_shot_cheatsheet_jpg	gemini25flashlite	Gitksan	shot	pdf1_brown	original	cheatsheet_jpg	1.0
0.3799235494555654	0.38720745452352473	0.007283905067959348	0.6635133648663514	-0.02652627276004971	0.039150123157211246	37	858697835	native	gemini25flashlite_gitksan_pdf1_brown_original_shot_summary_tables_txt	gemini25flashlite_gitksan_pdf1_brown_original_shot_summary_tables_jpg	gemini25flashlite	Gitksan	shot	pdf1_brown	original	summary_tables_jpg	1.0
0.37922179255936594	0.3626289057570535	-0.01659288680231249	0.3711362886371136	-0.053400594982746484	0.01947929984008937	37	1306080088	native	gemini25flashlite_gitksan_pdf2_rigsby_original_chain_gloss_cheatsheet_txt	gemini25flashlite_gitksan_pdf2_rigsby_original_chain_gloss_cheatsheet_jpg	gemini25flashlite	Gitksan	chain_gloss	pdf2_rigsby	original	cheatsheet_jpg	1.0
0.3857077521246833	0.37027044916475144	-0.015437302959931863	0.5794842051579484	-0.0702875559595791	0.039305129788211844	37	996027184	native	gemini25flashlite_gitksan_pdf2_rigsby_original_chain_gloss_summary_tables_txt	gemini25flashlite_gitksan_pdf2_rigsby_original_chain_gloss_summary_tables_jpg	gemini25flashlite	Gitksan	chain_gloss	pdf2_rigsby	original	summary_tables_jpg	1.0
0.6016450016885191	0.6231057974132331	0.021460795724714123	0.2008779912200878	-0.010978709161281585	0.054439758247620346	37	254136627	native	gemini25flashlite_gitksan_pdf2_rigsby_original_modelgloss_cheatsheet_txt	gemini25flashlite_gitksan_pdf2_rigsby_original_modelgloss_cheatsheet_jpg	gemini25flashlite	Gitksan	modelgloss	pdf2_rigsby	original	cheatsheet_jpg	1.0
0.6233021536388913	0.5981713936135575	-0.025130760025333713	0.15528844711552883	-0.0609712121253078	0.008277513509666573	37	3451488807	native	gemini25flashlite_gitksan_pdf2_rigsby_original_modelgloss_summary_tables_txt	gemini25flashlite_gitksan_pdf2_rigsby_original_modelgloss_summary_tables_jpg	gemini25flashlite	Gitksan	modelgloss	pdf2_rigsby	original	summary_tables_jpg	1.0
0.38228365255368724	0.4067017786406182	0.02441812608693097	0.2134978650213498	-0.01283780108835246	0.06437197844120296	37	604001589	native	gemini25flashlite_gitksan_pdf2_rigsby_original_shot_cheatsheet_txt	gemini25flashlite_gitksan_pdf2_rigsby_original_shot_cheatsheet_jpg	gemini25flashlite	Gitksan	shot	pdf2_rigsby	original	cheatsheet_jpg	1.0
0.3925404000926662	0.39767869541773926	0.005138295325073036	0.7954020459795402	-0.0333078402925182	0.04442189896630271	37	4011613240	native	gemini25flashlite_gitksan_pdf2_rigsby_original_shot_summary_tables_txt	gemini25flashlite_gitksan_pdf2_rigsby_original_shot_summary_tables_jpg	gemini25flashlite	Gitksan	shot	pdf2_rigsby	original	summary_tables_jpg	1.0
0.48661454912574814	0.5102100815923735	0.023595532466625345	0.05448945510544895	-0.000600026466551855	0.047474828657918966	87	1736496962	native	gemini25flashlite_lezgi_grammar_cyrillic_chain_gloss_cheatsheet_txt	gemini25flashlite_lezgi_grammar_cyrillic_chain_gloss_cheatsheet_jpg	gemini25flashlite	Lezgi	chain_gloss	grammar	cyrillic	cheatsheet_jpg	1.0
0.4847795057228242	0.5078605613831816	0.02308105566035742	0.05203947960520395	-0.00011141498027175303	0.04638523852945058	87	2605626909	native	gemini25flashlite_lezgi_grammar_cyrillic_chain_gloss_summary_tables_txt	gemini25flashlite_lezgi_grammar_cyrillic_chain_gloss_summary_tables_jpg	gemini25flashlite	Lezgi	chain_gloss	grammar	cyrillic	summary_tables_jpg	1.0
0.5648843865284975	0.5725508760446789	0.0076664895161815075	0.45072549274507256	-0.012189408143361407	0.02796186268672173	87	2176583030	native	gemini25flashlite_lezgi_grammar_cyrillic_modelgloss_cheatsheet_txt	gemini25flashlite_lezgi_grammar_cyrillic_modelgloss_cheatsheet_jpg	gemini25flashlite	Lezgi	modelgloss	grammar	cyrillic	cheatsheet_jpg	1.0
0.5632730602532968	0.5719695019310919	0.008696441677795059	0.23589764102358976	-0.005880349805985371	0.022957644671544254	87	704037125	native	gemini25flashlite_lezgi_grammar_cyrillic_modelgloss_summary_tables_txt	gemini25flashlite_lezgi_grammar_cyrillic_modelgloss_summary_tables_jpg	gemini25flashlite	Lezgi	modelgloss	grammar	cyrillic	summary_tables_jpg	1.0
0.47914867736827366	0.5197681466053272	0.04061946923705353	0.00037999620003799963	0.01880321339543524	0.06293738609415361	87	3216543209	native	gemini25flashlite_lezgi_grammar_cyrillic_shot_cheatsheet_txt	gemini25flashlite_lezgi_grammar_cyrillic_shot_cheatsheet_jpg	gemini25flashlite	Lezgi	shot	grammar	cyrillic	cheatsheet_jpg	0.08055919440805592
0.4756126914216184	0.520023529556976	0.04441083813535756	1.999980000199998e-05	0.025326685988526235	0.06470638387675942	87	4312618978	native	gemini25flashlite_lezgi_grammar_cyrillic_shot_summary_tables_txt	gemini25flashlite_lezgi_grammar_cyrillic_shot_summary_tables_jpg	gemini25flashlite	Lezgi	shot	grammar	cyrillic	summary_tables_jpg	0.004319956800431996
0.485058954049801	0.49636988067763976	0.011310926627838749	0.4014459855401446	-0.016144149544937845	0.037371922412822965	87	1406493382	native	gemini25flashlite_lezgi_grammar_original_chain_gloss_cheatsheet_txt	gemini25flashlite_lezgi_grammar_original_chain_gloss_cheatsheet_jpg	gemini25flashlite	Lezgi	chain_gloss	grammar	original	cheatsheet_jpg	1.0
0.4767232744515627	0.4923006070071253	0.0155773325555626	0.17310826891731082	-0.006645524056478468	0.038097616469209214	87	2245587214	native	gemini25flashlite_lezgi_grammar_original_chain_gloss_summary_tables_txt	gemini25flashlite_lezgi_grammar_original_chain_gloss_summary_tables_jpg	gemini25flashlite	Lezgi	chain_gloss	grammar	original	summary_tables_jpg	1.0
0.5630990849144157	0.5598757427999344	-0.0032233421144814327	0.6860431395686043	-0.018646470029121155	0.012411293139060336	87	3772787690	native	gemini25flashlite_lezgi_grammar_original_modelgloss_cheatsheet_txt	gemini25flashlite_lezgi_grammar_original_modelgloss_cheatsheet_jpg	gemini25flashlite	Lezgi	modelgloss	grammar	original	cheatsheet_jpg	1.0
0.5604021597182614	0.5773456987293287	0.016943539011067356	0.012709872901270987	0.003913237659753055	0.030626058013274744	87	2047181387	native	gemini25flashlite_lezgi_grammar_original_modelgloss_summary_tables_txt	gemini25flashlite_lezgi_grammar_original_modelgloss_summary_tables_jpg	gemini25flashlite	Lezgi	modelgloss	grammar	original	summary_tables_jpg	1.0
0.4868335436130392	0.5021940659860085	0.015360522372969266	0.2050579494205058	-0.008211876357766398	0.03910924617586464	87	401814961	native	gemini25flashlite_lezgi_grammar_original_shot_cheatsheet_txt	gemini25flashlite_lezgi_grammar_original_shot_cheatsheet_jpg	gemini25flashlite	Lezgi	shot	grammar	original	cheatsheet_jpg	1.0
0.4815086359265207	0.5224069511068279	0.04089831518030715	0.00026999730002699973	0.019035972436440403	0.06350212004678002	87	2788235794	native	gemini25flashlite_lezgi_grammar_original_shot_summary_tables_txt	gemini25flashlite_lezgi_grammar_original_shot_summary_tables_jpg	gemini25flashlite	Lezgi	shot	grammar	original	summary_tables_jpg	0.05777942220577794
0.3205256121929246	0.32813748190499314	0.007611869712068577	0.5274847251527485	-0.016356436829223775	0.031257571313868845	99	2092683647	native	gemini25flashlite_natugu_grammar_original_chain_gloss_cheatsheet_txt	gemini25flashlite_natugu_grammar_original_chain_gloss_cheatsheet_jpg	gemini25flashlite	Natugu	chain_gloss	grammar	original	cheatsheet_jpg	1.0
0.3200677353324312	0.323275542319423	0.0032078069869918052	0.7214327856721433	-0.014509751245078414	0.02019593543702302	99	1424112730	native	gemini25flashlite_natugu_grammar_original_chain_gloss_summary_tables_txt	gemini25flashlite_natugu_grammar_original_chain_gloss_summary_tables_jpg	gemini25flashlite	Natugu	chain_gloss	grammar	original	summary_tables_jpg	1.0
0.5631356972335565	0.5572570438938912	-0.0058786533396653455	0.4972550274497255	-0.022955020592369212	0.010888799208432725	99	100378047	native	gemini25flashlite_natugu_grammar_original_modelgloss_cheatsheet_txt	gemini25flashlite_natugu_grammar_original_modelgloss_cheatsheet_jpg	gemini25flashlite	Natugu	modelgloss	grammar	original	cheatsheet_jpg	1.0
0.5556301090753439	0.5564815471268664	0.0008514380515223802	0.9378006219937801	-0.02126513102439918	0.02198655604563576	99	389409273	native	gemini25flashlite_natugu_grammar_original_modelgloss_summary_tables_txt	gemini25flashlite_natugu_grammar_original_modelgloss_summary_tables_jpg	gemini25flashlite	Natugu	modelgloss	grammar	original	summary_tables_jpg	1.0
0.34362910311631484	0.34015011682052804	-0.003478986295786771	0.6901430985690143	-0.020875940626167287	0.01349402159979247	99	1392367583	native	gemini25flashlite_natugu_grammar_original_shot_cheatsheet_txt	gemini25flashlite_natugu_grammar_original_shot_cheatsheet_jpg	gemini25flashlite	Natugu	shot	grammar	original	cheatsheet_jpg	1.0
0.3324255556470216	0.3234165404180084	-0.00900901522901323	0.3697863021369786	-0.02857680699665739	0.010969464781910472	99	1731423654	native	gemini25flashlite_natugu_grammar_original_shot_summary_tables_txt	gemini25flashlite_natugu_grammar_original_shot_summary_tables_jpg	gemini25flashlite	Natugu	shot	grammar	original	summary_tables_jpg	1.0
0.2678634370065699	0.2907266497913033	0.022863212784733435	0.02168978310216898	0.004073874323130261	0.043051749142357196	99	1052146204	native	gemini25flashlite_tsez_grammar_original_chain_gloss_cheatsheet_txt	gemini25flashlite_tsez_grammar_original_chain_gloss_cheatsheet_jpg	gemini25flashlite	Tsez	chain_gloss	grammar	original	cheatsheet_jpg	1.0
0.27408623860941994	0.27724668955562093	0.003160450946200978	0.7926920730792693	-0.02036866486223057	0.027023581964801056	99	1078483263	native	gemini25flashlite_tsez_grammar_original_chain_gloss_summary_tables_txt	gemini25flashlite_tsez_grammar_original_chain_gloss_summary_tables_jpg	gemini25flashlite	Tsez	chain_gloss	grammar	original	summary_tables_jpg	1.0
0.55650998621878	0.5446017811996768	-0.011908205019103156	0.27482725172748274	-0.03355700905726413	0.009446950373474986	99	4214238389	native	gemini25flashlite_tsez_grammar_original_modelgloss_cheatsheet_txt	gemini25flashlite_tsez_grammar_original_modelgloss_cheatsheet_jpg	gemini25flashlite	Tsez	modelgloss	grammar	original	cheatsheet_jpg	1.0
0.5483226383274252	0.5372643162204762	-0.011058322106949006	0.42919570804291957	-0.0381650362540074	0.016885453451311927	99	563363488	native	gemini25flashlite_tsez_grammar_original_modelgloss_summary_tables_txt	gemini25flashlite_tsez_grammar_original_modelgloss_summary_tables_jpg	gemini25flashlite	Tsez	modelgloss	grammar	original	summary_tables_jpg	1.0
0.2667163453920923	0.2590531813676911	-0.007663164024401193	0.3127568724312757	-0.02311152167467758	0.006690542117664304	99	2901782012	native	gemini25flashlite_tsez_grammar_original_shot_cheatsheet_txt	gemini25flashlite_tsez_grammar_original_shot_cheatsheet_jpg	gemini25flashlite	Tsez	shot	grammar	original	cheatsheet_jpg	1.0
0.26596591177612844	0.2544189930865259	-0.011546918689602554	0.12475875241247587	-0.026923663500282496	0.002659769134238512	99	3170268759	native	gemini25flashlite_tsez_grammar_original_shot_summary_tables_txt	gemini25flashlite_tsez_grammar_original_shot_summary_tables_jpg	gemini25flashlite	Tsez	shot	grammar	original	summary_tables_jpg	1.0
0.31244795507675893	0.3317474230519823	0.019299467975223385	0.26254737452625476	-0.01422946153812714	0.0542704786627075	37	3892641522	native	qwen35_gitksan_pdf1_brown_original_chain_gloss_cheatsheet_txt	qwen35_gitksan_pdf1_brown_original_chain_gloss_cheatsheet_jpg	qwen35	Gitksan	chain_gloss	pdf1_brown	original	cheatsheet_jpg	1.0
0.312394058382189	0.32467255237940196	0.012278493997213003	0.5243147568524315	-0.024202000520922032	0.05190356553003593	37	2961305137	native	qwen35_gitksan_pdf1_brown_original_chain_gloss_summary_tables_txt	qwen35_gitksan_pdf1_brown_original_chain_gloss_summary_tables_jpg	qwen35	Gitksan	chain_gloss	pdf1_brown	original	summary_tables_jpg	1.0
0.5802285357101543	0.5688743889331818	-0.01135414677697259	0.4925050749492505	-0.045427979730271	0.02071953007095565	37	3695972313	native	qwen35_gitksan_pdf1_brown_original_modelgloss_cheatsheet_txt	qwen35_gitksan_pdf1_brown_original_modelgloss_cheatsheet_jpg	qwen35	Gitksan	modelgloss	pdf1_brown	original	cheatsheet_jpg	1.0
0.5720318894128542	0.5628506307666367	-0.009181258646217553	0.6631533684663153	-0.04978548203771177	0.03231583934377978	37	3213492302	native	qwen35_gitksan_pdf1_brown_original_modelgloss_summary_tables_txt	qwen35_gitksan_pdf1_brown_original_modelgloss_summary_tables_jpg	qwen35	Gitksan	modelgloss	pdf1_brown	original	summary_tables_jpg	1.0
0.321556306972697	0.3365637829174867	0.01500747594478968	0.43724562754372454	-0.02216835357248782	0.05393788525582968	37	3139898830	native	qwen35_gitksan_pdf1_brown_original_shot_cheatsheet_txt	qwen35_gitksan_pdf1_brown_original_shot_cheatsheet_jpg	qwen35	Gitksan	shot	pdf1_brown	original	cheatsheet_jpg	1.0
0.3339629177306149	0.32652094396384984	-0.007441973766765079	0.6683533164668354	-0.04243969419920765	0.02567262142091183	37	1939565633	native	qwen35_gitksan_pdf1_brown_original_shot_summary_tables_txt	qwen35_gitksan_pdf1_brown_original_shot_summary_tables_jpg	qwen35	Gitksan	shot	pdf1_brown	original	summary_tables_jpg	1.0
0.3249322300827181	0.3441950437184927	0.01926281363577456	0.22079779202207978	-0.010492691699717486	0.05170537233352661	37	371858137	native	qwen35_gitksan_pdf2_rigsby_original_chain_gloss_cheatsheet_txt	qwen35_gitksan_pdf2_rigsby_original_chain_gloss_cheatsheet_jpg	qwen35	Gitksan	chain_gloss	pdf2_rigsby	original	cheatsheet_jpg	1.0
0.34215370787156596	0.3290622685406659	-0.013091439330900038	0.44393556064439355	-0.047793069602669894	0.0199648200559455	37	713399743	native	qwen35_gitksan_pdf2_rigsby_original_chain_gloss_summary_tables_txt	qwen35_gitksan_pdf2_rigsby_original_chain_gloss_summary_tables_jpg	qwen35	Gitksan	chain_gloss	pdf2_rigsby	original	summary_tables_jpg	1.0
0.617203820396114	0.57322654852996	-0.04397727186615403	0.01115988840111599	-0.080360948918639	-0.013963707778099422	37	2998236896	native	qwen35_gitksan_pdf2_rigsby_original_modelgloss_cheatsheet_txt	qwen35_gitksan_pdf2_rigsby_original_modelgloss_cheatsheet_jpg	qwen35	Gitksan	modelgloss	pdf2_rigsby	original	cheatsheet_jpg	1.0
0.6158362933107324	0.5836390442139393	-0.0321972490967931	0.07982920170798292	-0.0698892691046805	0.0022074504277190413	37	3039336485	native	qwen35_gitksan_pdf2_rigsby_original_modelgloss_summary_tables_txt	qwen35_gitksan_pdf2_rigsby_original_modelgloss_summary_tables_jpg	qwen35	Gitksan	modelgloss	pdf2_rigsby	original	summary_tables_jpg	1.0
0.31344951769790136	0.3191130209613491	0.005663503263447736	0.6487735122648773	-0.01903701854517331	0.030285812088766587	37	634475564	native	qwen35_gitksan_pdf2_rigsby_original_shot_cheatsheet_txt	qwen35_gitksan_pdf2_rigsby_original_shot_cheatsheet_jpg	qwen35	Gitksan	shot	pdf2_rigsby	original	cheatsheet_jpg	1.0
0.32696219513545166	0.3334990047119759	0.00653680957652427	0.7347826521734783	-0.030903315453513238	0.0448033701125029	37	641634802	native	qwen35_gitksan_pdf2_rigsby_original_shot_summary_tables_txt	qwen35_gitksan_pdf2_rigsby_original_shot_summary_tables_jpg	qwen35	Gitksan	shot	pdf2_rigsby	original	summary_tables_jpg	1.0
0.37412007975167244	0.3875420941361066	0.01342201438443414	0.3502064979350207	-0.01452693060126112	0.04185586644914643	87	3371713244	native	qwen35_lezgi_grammar_cyrillic_chain_gloss_cheatsheet_txt	qwen35_lezgi_grammar_cyrillic_chain_gloss_cheatsheet_jpg	qwen35	Lezgi	chain_gloss	grammar	cyrillic	cheatsheet_jpg	1.0
0.3845559982047684	0.40105199454159574	0.016495996336827332	0.21961780382196178	-0.00946074177393282	0.04303159247869732	87	2259186464	native	qwen35_lezgi_grammar_cyrillic_chain_gloss_summary_tables_txt	qwen35_lezgi_grammar_cyrillic_chain_gloss_summary_tables_jpg	qwen35	Lezgi	chain_gloss	grammar	cyrillic	summary_tables_jpg	1.0
0.5153782809602803	0.5319113817023134	0.01653310074203316	0.05502944970550294	-0.00023501043518383793	0.033565915804142234	87	3723334997	native	qwen35_lezgi_grammar_cyrillic_modelgloss_cheatsheet_txt	qwen35_lezgi_grammar_cyrillic_modelgloss_cheatsheet_jpg	qwen35	Lezgi	modelgloss	grammar	cyrillic	cheatsheet_jpg	1.0
0.5252252728089519	0.5335936416154621	0.008368368806510136	0.38798612013879863	-0.010560031629156792	0.027567781970418728	87	2668242310	native	qwen35_lezgi_grammar_cyrillic_modelgloss_summary_tables_txt	qwen35_lezgi_grammar_cyrillic_modelgloss_summary_tables_jpg	qwen35	Lezgi	modelgloss	grammar	cyrillic	summary_tables_jpg	1.0
0.38936874835655605	0.4003943011335943	0.011025552777038223	0.36203637963620366	-0.013238402944186635	0.034342443125172595	87	2878440132	native	qwen35_lezgi_grammar_cyrillic_shot_cheatsheet_txt	qwen35_lezgi_grammar_cyrillic_shot_cheatsheet_jpg	qwen35	Lezgi	shot	grammar	cyrillic	cheatsheet_jpg	1.0
0.3834945922610403	0.3937995536574002	0.010304961396359849	0.34801651983480164	-0.011588075624286435	0.03160648368213368	87	4077968989	native	qwen35_lezgi_grammar_cyrillic_shot_summary_tables_txt	qwen35_lezgi_grammar_cyrillic_shot_summary_tables_jpg	qwen35	Lezgi	shot	grammar	cyrillic	summary_tables_jpg	1.0
0.37956256068300925	0.38398223789944047	0.00441967721643119	0.7469925300746992	-0.022490386519281338	0.03162424161002551	87	3226830534	native	qwen35_lezgi_grammar_original_chain_gloss_cheatsheet_txt	qwen35_lezgi_grammar_original_chain_gloss_cheatsheet_jpg	qwen35	Lezgi	chain_gloss	grammar	original	cheatsheet_jpg	1.0
0.378381682024605	0.3987812041893773	0.020399522164772296	0.0885991140088599	-0.0029867171213544636	0.04397141591742121	87	975963538	native	qwen35_lezgi_grammar_original_chain_gloss_summary_tables_txt	qwen35_lezgi_grammar_original_chain_gloss_summary_tables_jpg	qwen35	Lezgi	chain_gloss	grammar	original	summary_tables_jpg	1.0
0.5198299004428688	0.5315366668262701	0.011706766383401278	0.23767762322376776	-0.007607936499447654	0.031197814574871936	87	3965473448	native	qwen35_lezgi_grammar_original_modelgloss_cheatsheet_txt	qwen35_lezgi_grammar_original_modelgloss_cheatsheet_jpg	qwen35	Lezgi	modelgloss	grammar	original	cheatsheet_jpg	1.0
0.5198930049764698	0.5259128750740797	0.006019870097609772	0.49109508904910953	-0.011115069190661107	0.023345532225466318	87	114078667	native	qwen35_lezgi_grammar_original_modelgloss_summary_tables_txt	qwen35_lezgi_grammar_original_modelgloss_summary_tables_jpg	qwen35	Lezgi	modelgloss	grammar	original	summary_tables_jpg	1.0
0.3833237254414065	0.38789858266539956	0.00457485722399306	0.6572834271657283	-0.01586451251273867	0.024512044721464978	87	3218445929	native	qwen35_lezgi_grammar_original_shot_cheatsheet_txt	qwen35_lezgi_grammar_original_shot_cheatsheet_jpg	qwen35	Lezgi	shot	grammar	original	cheatsheet_jpg	1.0
0.38296581171024807	0.39698416611243936	0.014018354402191338	0.2050979490205098	-0.0078016049603278565	0.035326208837929814	87	1319216859	native	qwen35_lezgi_grammar_original_shot_summary_tables_txt	qwen35_lezgi_grammar_original_shot_summary_tables_jpg	qwen35	Lezgi	shot	grammar	original	summary_tables_jpg	1.0
0.28311034133940033	0.2950205288150094	0.011910187475609057	0.1033489665103349	-0.0022353128087941993	0.026426316274687493	99	3095327101	native	qwen35_natugu_grammar_original_chain_gloss_cheatsheet_txt	qwen35_natugu_grammar_original_chain_gloss_cheatsheet_jpg	qwen35	Natugu	chain_gloss	grammar	original	cheatsheet_jpg	1.0
0.2740993481693846	0.286232393197339	0.01213304502795441	0.2705072949270507	-0.009087283898032072	0.03424428440630435	99	1172228253	native	qwen35_natugu_grammar_original_chain_gloss_summary_tables_txt	qwen35_natugu_grammar_original_chain_gloss_summary_tables_jpg	qwen35	Natugu	chain_gloss	grammar	original	summary_tables_jpg	1.0
0.5530565776909241	0.5400511447829429	-0.013005432907981103	0.16140838591614085	-0.031126912288141968	0.005200270582178605	99	3546566717	native	qwen35_natugu_grammar_original_modelgloss_cheatsheet_txt	qwen35_natugu_grammar_original_modelgloss_cheatsheet_jpg	qwen35	Natugu	modelgloss	grammar	original	cheatsheet_jpg	1.0
0.5306343881770818	0.543738364420756	0.013103976243674154	0.1915180848191518	-0.0064092379289142935	0.03302093399594528	99	267515440	native	qwen35_natugu_grammar_original_modelgloss_summary_tables_txt	qwen35_natugu_grammar_original_modelgloss_summary_tables_jpg	qwen35	Natugu	modelgloss	grammar	original	summary_tables_jpg	1.0
0.29958626372043534	0.2937170428158057	-0.00586922090462964	0.5598644013559865	-0.02590435443050933	0.014247113740955938	99	758000752	native	qwen35_natugu_grammar_original_shot_cheatsheet_txt	qwen35_natugu_grammar_original_shot_cheatsheet_jpg	qwen35	Natugu	shot	grammar	original	cheatsheet_jpg	1.0
0.3033215081450915	0.2944911104260069	-0.008830397719084615	0.43698563014369857	-0.03121347035271952	0.013309658713864558	99	702804301	native	qwen35_natugu_grammar_original_shot_summary_tables_txt	qwen35_natugu_grammar_original_shot_summary_tables_jpg	qwen35	Natugu	shot	grammar	original	summary_tables_jpg	1.0
0.22773448670848032	0.2319428335079986	0.004208346799518285	0.1890581094189058	-0.0021159623822804216	0.010507538051585132	445	824072357	native	qwen35_tsez_grammar_original_chain_gloss_cheatsheet_txt	qwen35_tsez_grammar_original_chain_gloss_cheatsheet_jpg	qwen35	Tsez	chain_gloss	grammar	original	cheatsheet_jpg	1.0
0.22647680261831604	0.23248701380209977	0.006010211183783714	0.04503954960450395	0.00021882734188203215	0.011939894927016803	445	3535964846	native	qwen35_tsez_grammar_original_chain_gloss_summary_tables_txt	qwen35_tsez_grammar_original_chain_gloss_summary_tables_jpg	qwen35	Tsez	chain_gloss	grammar	original	summary_tables_jpg	1.0
0.4939113424065408	0.49653914952546024	0.0026278071189194583	0.6340336596634034	-0.008175039128138778	0.01336393395752719	445	757874642	native	qwen35_tsez_grammar_original_modelgloss_cheatsheet_txt	qwen35_tsez_grammar_original_modelgloss_cheatsheet_jpg	qwen35	Tsez	modelgloss	grammar	original	cheatsheet_jpg	1.0
0.5013640914237901	0.49582587463802164	-0.0055382167857684446	0.3188068119318807	-0.0164273130106792	0.005414080167754307	445	1954474924	native	qwen35_tsez_grammar_original_modelgloss_summary_tables_txt	qwen35_tsez_grammar_original_modelgloss_summary_tables_jpg	qwen35	Tsez	modelgloss	grammar	original	summary_tables_jpg	1.0
0.247114569869604	0.24683578265516945	-0.0002787872144345487	0.936090639093609	-0.007078698622795303	0.006566626811713982	445	3246000001	native	qwen35_tsez_grammar_original_shot_cheatsheet_txt	qwen35_tsez_grammar_original_shot_cheatsheet_jpg	qwen35	Tsez	shot	grammar	original	cheatsheet_jpg	1.0
0.24686147282632548	0.23961186030607545	-0.007249612520250042	0.033149668503314966	-0.013866624546687254	-0.0005414368019680005	445	159952492	native	qwen35_tsez_grammar_original_shot_summary_tables_txt	qwen35_tsez_grammar_original_shot_summary_tables_jpg	qwen35	Tsez	shot	grammar	original	summary_tables_jpg	1.0
0.300239468345771	0.3080215361472723	0.0077820678015012995	0.7144628553714463	-0.033518538372339424	0.050242427152556314	37	255721749	native	qwen3_gitksan_pdf1_brown_original_chain_gloss_cheatsheet_txt	qwen3_gitksan_pdf1_brown_original_chain_gloss_cheatsheet_jpg	qwen3	Gitksan	chain_gloss	pdf1_brown	original	cheatsheet_jpg	1.0
0.3265965653432382	0.3040838148948309	-0.022512750448407354	0.15552844471555285	-0.05369627062936085	0.008665418202007138	37	3162453635	native	qwen3_gitksan_pdf1_brown_original_chain_gloss_summary_tables_txt	qwen3_gitksan_pdf1_brown_original_chain_gloss_summary_tables_jpg	qwen3	Gitksan	chain_gloss	pdf1_brown	original	summary_tables_jpg	1.0
0.5843668459235011	0.5663803300342044	-0.017986515889296662	0.21550784492155078	-0.047490749628962686	0.009705243380488547	37	2434338053	native	qwen3_gitksan_pdf1_brown_original_modelgloss_cheatsheet_txt	qwen3_gitksan_pdf1_brown_original_modelgloss_cheatsheet_jpg	qwen3	Gitksan	modelgloss	pdf1_brown	original	cheatsheet_jpg	1.0
0.5540242420660483	0.5385301088964617	-0.015494133169586593	0.47748522514774855	-0.06157208419329411	0.025274646564109875	37	1377526767	native	qwen3_gitksan_pdf1_brown_original_modelgloss_summary_tables_txt	qwen3_gitksan_pdf1_brown_original_modelgloss_summary_tables_jpg	qwen3	Gitksan	modelgloss	pdf1_brown	original	summary_tables_jpg	1.0
0.3518444936017732	0.34350749950956655	-0.008336994092206697	0.6121138788612114	-0.040374086147828676	0.02412138112594146	37	353609991	native	qwen3_gitksan_pdf1_brown_original_shot_cheatsheet_txt	qwen3_gitksan_pdf1_brown_original_shot_cheatsheet_jpg	qwen3	Gitksan	shot	pdf1_brown	original	cheatsheet_jpg	1.0
0.32452372159506826	0.346455721033586	0.021931999438517803	0.25560744392556073	-0.012441030476947073	0.06400076734858569	37	2929920025	native	qwen3_gitksan_pdf1_brown_original_shot_summary_tables_txt	qwen3_gitksan_pdf1_brown_original_shot_summary_tables_jpg	qwen3	Gitksan	shot	pdf1_brown	original	summary_tables_jpg	1.0
0.28596904753027735	0.29822300334234497	0.0122539558120676	0.43665563344366554	-0.012013222780582065	0.047022779285907736	37	3125784932	native	qwen3_gitksan_pdf2_rigsby_original_chain_gloss_cheatsheet_txt	qwen3_gitksan_pdf2_rigsby_original_chain_gloss_cheatsheet_jpg	qwen3	Gitksan	chain_gloss	pdf2_rigsby	original	cheatsheet_jpg	1.0
0.3051899868894268	0.3217131539776519	0.016523167088225082	0.35225647743522565	-0.015470871631358121	0.05512914729078073	37	2392911098	native	qwen3_gitksan_pdf2_rigsby_original_chain_gloss_summary_tables_txt	qwen3_gitksan_pdf2_rigsby_original_chain_gloss_summary_tables_jpg	qwen3	Gitksan	chain_gloss	pdf2_rigsby	original	summary_tables_jpg	1.0
0.5749706388325304	0.5547407233231777	-0.020229915509352814	0.15761842381576185	-0.04851059199789086	0.00786417218277582	37	1956134234	native	qwen3_gitksan_pdf2_rigsby_original_modelgloss_cheatsheet_txt	qwen3_gitksan_pdf2_rigsby_original_modelgloss_cheatsheet_jpg	qwen3	Gitksan	modelgloss	pdf2_rigsby	original	cheatsheet_jpg	1.0
0.5529427037045762	0.562048754176578	0.009106050472001772	0.5456145438545614	-0.020458529517054555	0.038658872115853636	37	888749093	native	qwen3_gitksan_pdf2_rigsby_original_modelgloss_summary_tables_txt	qwen3_gitksan_pdf2_rigsby_original_modelgloss_summary_tables_jpg	qwen3	Gitksan	modelgloss	pdf2_rigsby	original	summary_tables_jpg	1.0
0.3525841054884163	0.3326690402385351	-0.01991506524988123	0.26168738312616874	-0.05792934408260358	0.012173317916489932	37	3725945795	native	qwen3_gitksan_pdf2_rigsby_original_shot_cheatsheet_txt	qwen3_gitksan_pdf2_rigsby_original_shot_cheatsheet_jpg	qwen3	Gitksan	shot	pdf2_rigsby	original	cheatsheet_jpg	1.0
0.3188668984819103	0.3350626887703264	0.016195790288416115	0.21695783042169578	-0.008804025060522393	0.04268901886770851	37	3904381362	native	qwen3_gitksan_pdf2_rigsby_original_shot_summary_tables_txt	qwen3_gitksan_pdf2_rigsby_original_shot_summary_tables_jpg	qwen3	Gitksan	shot	pdf2_rigsby	original	summary_tables_jpg	1.0
0.328437640749175	0.335546242094588	0.007108601345413032	0.5691243087569124	-0.018281094263168585	0.031088401154540025	87	146555969	native	qwen3_lezgi_grammar_cyrillic_chain_gloss_cheatsheet_txt	qwen3_lezgi_grammar_cyrillic_chain_gloss_cheatsheet_jpg	qwen3	Lezgi	chain_gloss	grammar	cyrillic	cheatsheet_jpg	1.0
0.32267770291059866	0.317479214106483	-0.005198488804115646	0.5760842391576084	-0.02330850396176864	0.013456271229119136	87	768322568	native	qwen3_lezgi_grammar_cyrillic_chain_gloss_summary_tables_txt	qwen3_lezgi_grammar_cyrillic_chain_gloss_summary_tables_jpg	qwen3	Lezgi	chain_gloss	grammar	cyrillic	summary_tables_jpg	1.0
0.5268770745773425	0.5087635929899654	-0.01811348158737709	0.04938950610493895	-0.03652625929607057	-0.00035602007189701956	87	2394646022	native	qwen3_lezgi_grammar_cyrillic_modelgloss_cheatsheet_txt	qwen3_lezgi_grammar_cyrillic_modelgloss_cheatsheet_jpg	qwen3	Lezgi	modelgloss	grammar	cyrillic	cheatsheet_jpg	1.0
0.5149699675625768	0.5088966392922676	-0.006073328270309273	0.5213547864521355	-0.024867631053958814	0.012560799328246323	87	776952271	native	qwen3_lezgi_grammar_cyrillic_modelgloss_summary_tables_txt	qwen3_lezgi_grammar_cyrillic_modelgloss_summary_tables_jpg	qwen3	Lezgi	modelgloss	grammar	cyrillic	summary_tables_jpg	1.0
0.32468057706438264	0.3463710106309803	0.021690433566597687	0.08722912770872292	-0.0022613681981275818	0.04769778647727663	87	2685217836	native	qwen3_lezgi_grammar_cyrillic_shot_cheatsheet_txt	qwen3_lezgi_grammar_cyrillic_shot_cheatsheet_jpg	qwen3	Lezgi	shot	grammar	cyrillic	cheatsheet_jpg	1.0
0.3376229801054659	0.3437889500938613	0.0061659699883954274	0.6718032819671803	-0.022526790998105343	0.03462000557746009	87	4049342131	native	qwen3_lezgi_grammar_cyrillic_shot_summary_tables_txt	qwen3_lezgi_grammar_cyrillic_shot_summary_tables_jpg	qwen3	Lezgi	shot	grammar	cyrillic	summary_tables_jpg	1.0
0.33187923828760785	0.345334270390971	0.013455032103363124	0.13142868571314287	-0.004411889749696884	0.03082957115324064	87	473521116	native	qwen3_lezgi_grammar_original_chain_gloss_cheatsheet_txt	qwen3_lezgi_grammar_original_chain_gloss_cheatsheet_jpg	qwen3	Lezgi	chain_gloss	grammar	original	cheatsheet_jpg	1.0
0.3232330061580943	0.3255656657890342	0.0023326596309398784	0.8469615303846961	-0.02231142852326919	0.026613958822242142	87	3011004938	native	qwen3_lezgi_grammar_original_chain_gloss_summary_tables_txt	qwen3_lezgi_grammar_original_chain_gloss_summary_tables_jpg	qwen3	Lezgi	chain_gloss	grammar	original	summary_tables_jpg	1.0
0.5321677844414766	0.5148562807803867	-0.01731150366108993	0.03273967260327397	-0.033506727770998564	-0.0017595632065986876	87	946775773	native	qwen3_lezgi_grammar_original_modelgloss_cheatsheet_txt	qwen3_lezgi_grammar_original_modelgloss_cheatsheet_jpg	qwen3	Lezgi	modelgloss	grammar	original	cheatsheet_jpg	1.0
0.5128883580709326	0.5134615903270656	0.0005732322561329808	0.948920510794892	-0.017296598496279496	0.01768987832226971	87	3680960941	native	qwen3_lezgi_grammar_original_modelgloss_summary_tables_txt	qwen3_lezgi_grammar_original_modelgloss_summary_tables_jpg	qwen3	Lezgi	modelgloss	grammar	original	summary_tables_jpg	1.0
0.3411772062723664	0.3509211057219012	0.0097438994495348	0.39874601253987463	-0.012065265117876828	0.03321280619878878	87	2849726565	native	qwen3_lezgi_grammar_original_shot_cheatsheet_txt	qwen3_lezgi_grammar_original_shot_cheatsheet_jpg	qwen3	Lezgi	shot	grammar	original	cheatsheet_jpg	1.0
0.330306436481147	0.34301493530985955	0.01270849882871255	0.2794672053279467	-0.011305428703112146	0.03534350108740658	87	1671924972	native	qwen3_lezgi_grammar_original_shot_summary_tables_txt	qwen3_lezgi_grammar_original_shot_summary_tables_jpg	qwen3	Lezgi	shot	grammar	original	summary_tables_jpg	1.0
0.29995594557487604	0.3018975546865752	0.001941609111699191	0.8620513794862051	-0.02000942825894765	0.02388999731176428	99	3680819436	native	qwen3_natugu_grammar_original_chain_gloss_cheatsheet_txt	qwen3_natugu_grammar_original_chain_gloss_cheatsheet_jpg	qwen3	Natugu	chain_gloss	grammar	original	cheatsheet_jpg	1.0
0.30294655368785667	0.29359108239713344	-0.009355471290723241	0.3009369906300937	-0.027021854122479757	0.00843643508851528	99	4205532726	native	qwen3_natugu_grammar_original_chain_gloss_summary_tables_txt	qwen3_natugu_grammar_original_chain_gloss_summary_tables_jpg	qwen3	Natugu	chain_gloss	grammar	original	summary_tables_jpg	1.0
0.5147889959390717	0.5236083937413765	0.00881939780230474	0.4005759942400576	-0.011826177219850846	0.029321378533436793	99	2226997960	native	qwen3_natugu_grammar_original_modelgloss_cheatsheet_txt	qwen3_natugu_grammar_original_modelgloss_cheatsheet_jpg	qwen3	Natugu	modelgloss	grammar	original	cheatsheet_jpg	1.0
0.5222879302020025	0.520826604631212	-0.0014613255707904547	0.8806211937880621	-0.020441953292248224	0.01784250089014419	99	3084224784	native	qwen3_natugu_grammar_original_modelgloss_summary_tables_txt	qwen3_natugu_grammar_original_modelgloss_summary_tables_jpg	qwen3	Natugu	modelgloss	grammar	original	summary_tables_jpg	1.0
0.3211961943994869	0.3145747378920064	-0.006621456507480506	0.44854551454485453	-0.024040210540547512	0.010465380579534191	99	3277519465	native	qwen3_natugu_grammar_original_shot_cheatsheet_txt	qwen3_natugu_grammar_original_shot_cheatsheet_jpg	qwen3	Natugu	shot	grammar	original	cheatsheet_jpg	1.0
0.3162791123895934	0.3068915766597998	-0.009387535729793587	0.2925570744292557	-0.027098814356658188	0.007912097536403703	99	1765418375	native	qwen3_natugu_grammar_original_shot_summary_tables_txt	qwen3_natugu_grammar_original_shot_summary_tables_jpg	qwen3	Natugu	shot	grammar	original	summary_tables_jpg	1.0
0.23579280453451565	0.22847293059477644	-0.007319873939739184	0.04988950110498895	-0.01470747268266892	-6.818822093224372e-05	445	3237151066	native	qwen3_tsez_grammar_original_chain_gloss_cheatsheet_txt	qwen3_tsez_grammar_original_chain_gloss_cheatsheet_jpg	qwen3	Tsez	chain_gloss	grammar	original	cheatsheet_jpg	1.0
0.23236456446433335	0.22512514156739363	-0.007239422896939717	0.026899731002689973	-0.013664076189311699	-0.0008624787754222268	445	2214310720	native	qwen3_tsez_grammar_original_chain_gloss_summary_tables_txt	qwen3_tsez_grammar_original_chain_gloss_summary_tables_jpg	qwen3	Tsez	chain_gloss	grammar	original	summary_tables_jpg	1.0
0.48450645409273296	0.48719780388173095	0.0026913497889979503	0.6483035169648304	-0.008823889913351347	0.014290845157222802	445	3766414712	native	qwen3_tsez_grammar_original_modelgloss_cheatsheet_txt	qwen3_tsez_grammar_original_modelgloss_cheatsheet_jpg	qwen3	Tsez	modelgloss	grammar	original	cheatsheet_jpg	1.0
0.4913023677434814	0.48376740284180375	-0.007534964901677678	0.18181818181818182	-0.018590714518357525	0.003594613650792766	445	312780299	native	qwen3_tsez_grammar_original_modelgloss_summary_tables_txt	qwen3_tsez_grammar_original_modelgloss_summary_tables_jpg	qwen3	Tsez	modelgloss	grammar	original	summary_tables_jpg	1.0
0.24291495491614504	0.23834403538971805	-0.00457091952642698	0.26585734142658574	-0.012688105449582753	0.0034165942635429034	445	4063538527	native	qwen3_tsez_grammar_original_shot_cheatsheet_txt	qwen3_tsez_grammar_original_shot_cheatsheet_jpg	qwen3	Tsez	shot	grammar	original	cheatsheet_jpg	1.0
0.24514852397227554	0.23789912174257	-0.0072494022297055535	0.047599524004759954	-0.014561352979266239	-0.0002035729419649326	445	3630045975	native	qwen3_tsez_grammar_original_shot_summary_tables_txt	qwen3_tsez_grammar_original_shot_summary_tables_jpg	qwen3	Tsez	shot	grammar	original	summary_tables_jpg	1.0
0.4042136061030465	0.380864175993043	-0.023349430110003497	0.2806271937280627	-0.06332379609749124	0.021525626267130275	37	1194930463	common99	gemini25flashlite_gitksan_pdf1_brown_original_chain_gloss_cheatsheet_txt	gemini25flashlite_gitksan_pdf1_brown_original_chain_gloss_cheatsheet_jpg	gemini25flashlite	Gitksan	chain_gloss	pdf1_brown	original	cheatsheet_jpg	1.0
0.4118246021302971	0.3568547476787825	-0.05496985445151458	0.02766972330276697	-0.10584737501434378	-0.008090281375759494	37	1095603498	common99	gemini25flashlite_gitksan_pdf1_brown_original_chain_gloss_summary_tables_txt	gemini25flashlite_gitksan_pdf1_brown_original_chain_gloss_summary_tables_jpg	gemini25flashlite	Gitksan	chain_gloss	pdf1_brown	original	summary_tables_jpg	1.0
0.6130302121510377	0.6201648220822618	0.007134609931224101	0.7069429305706942	-0.03031137841376098	0.04391052114802438	37	4027615720	common99	gemini25flashlite_gitksan_pdf1_brown_original_modelgloss_cheatsheet_txt	gemini25flashlite_gitksan_pdf1_brown_original_modelgloss_cheatsheet_jpg	gemini25flashlite	Gitksan	modelgloss	pdf1_brown	original	cheatsheet_jpg	1.0
0.6152153377597397	0.6184286732931394	0.00321333553339984	0.8485215147848522	-0.031283405805761735	0.03509502620310396	37	3386467908	common99	gemini25flashlite_gitksan_pdf1_brown_original_modelgloss_summary_tables_txt	gemini25flashlite_gitksan_pdf1_brown_original_modelgloss_summary_tables_jpg	gemini25flashlite	Gitksan	modelgloss	pdf1_brown	original	summary_tables_jpg	1.0
0.4087952596915735	0.38395725875287445	-0.02483800093869905	0.23723762762372377	-0.06765468524315872	0.01502803595283546	37	3107574326	common99	gemini25flashlite_gitksan_pdf1_brown_original_shot_cheatsheet_txt	gemini25flashlite_gitksan_pdf1_brown_original_shot_cheatsheet_jpg	gemini25flashlite	Gitksan	shot	pdf1_brown	original	cheatsheet_jpg	1.0
0.3799235494555654	0.38720745452352473	0.007283905067959348	0.6635133648663514	-0.02652627276004971	0.039150123157211246	37	858697835	common99	gemini25flashlite_gitksan_pdf1_brown_original_shot_summary_tables_txt	gemini25flashlite_gitksan_pdf1_brown_original_shot_summary_tables_jpg	gemini25flashlite	Gitksan	shot	pdf1_brown	original	summary_tables_jpg	1.0
0.37922179255936594	0.3626289057570535	-0.01659288680231249	0.3711362886371136	-0.053400594982746484	0.01947929984008937	37	1306080088	common99	gemini25flashlite_gitksan_pdf2_rigsby_original_chain_gloss_cheatsheet_txt	gemini25flashlite_gitksan_pdf2_rigsby_original_chain_gloss_cheatsheet_jpg	gemini25flashlite	Gitksan	chain_gloss	pdf2_rigsby	original	cheatsheet_jpg	1.0
0.3857077521246833	0.37027044916475144	-0.015437302959931863	0.5794842051579484	-0.0702875559595791	0.039305129788211844	37	996027184	common99	gemini25flashlite_gitksan_pdf2_rigsby_original_chain_gloss_summary_tables_txt	gemini25flashlite_gitksan_pdf2_rigsby_original_chain_gloss_summary_tables_jpg	gemini25flashlite	Gitksan	chain_gloss	pdf2_rigsby	original	summary_tables_jpg	1.0
0.6016450016885191	0.6231057974132331	0.021460795724714123	0.2008779912200878	-0.010978709161281585	0.054439758247620346	37	254136627	common99	gemini25flashlite_gitksan_pdf2_rigsby_original_modelgloss_cheatsheet_txt	gemini25flashlite_gitksan_pdf2_rigsby_original_modelgloss_cheatsheet_jpg	gemini25flashlite	Gitksan	modelgloss	pdf2_rigsby	original	cheatsheet_jpg	1.0
0.6233021536388913	0.5981713936135575	-0.025130760025333713	0.15528844711552883	-0.0609712121253078	0.008277513509666573	37	3451488807	common99	gemini25flashlite_gitksan_pdf2_rigsby_original_modelgloss_summary_tables_txt	gemini25flashlite_gitksan_pdf2_rigsby_original_modelgloss_summary_tables_jpg	gemini25flashlite	Gitksan	modelgloss	pdf2_rigsby	original	summary_tables_jpg	1.0
0.38228365255368724	0.4067017786406182	0.02441812608693097	0.2134978650213498	-0.01283780108835246	0.06437197844120296	37	604001589	common99	gemini25flashlite_gitksan_pdf2_rigsby_original_shot_cheatsheet_txt	gemini25flashlite_gitksan_pdf2_rigsby_original_shot_cheatsheet_jpg	gemini25flashlite	Gitksan	shot	pdf2_rigsby	original	cheatsheet_jpg	1.0
0.3925404000926662	0.39767869541773926	0.005138295325073036	0.7954020459795402	-0.0333078402925182	0.04442189896630271	37	4011613240	common99	gemini25flashlite_gitksan_pdf2_rigsby_original_shot_summary_tables_txt	gemini25flashlite_gitksan_pdf2_rigsby_original_shot_summary_tables_jpg	gemini25flashlite	Gitksan	shot	pdf2_rigsby	original	summary_tables_jpg	1.0
0.48661454912574814	0.5102100815923735	0.023595532466625345	0.05448945510544895	-0.000600026466551855	0.047474828657918966	87	1736496962	common99	gemini25flashlite_lezgi_grammar_cyrillic_chain_gloss_cheatsheet_txt	gemini25flashlite_lezgi_grammar_cyrillic_chain_gloss_cheatsheet_jpg	gemini25flashlite	Lezgi	chain_gloss	grammar	cyrillic	cheatsheet_jpg	1.0
0.4847795057228242	0.5078605613831816	0.02308105566035742	0.05203947960520395	-0.00011141498027175303	0.04638523852945058	87	2605626909	common99	gemini25flashlite_lezgi_grammar_cyrillic_chain_gloss_summary_tables_txt	gemini25flashlite_lezgi_grammar_cyrillic_chain_gloss_summary_tables_jpg	gemini25flashlite	Lezgi	chain_gloss	grammar	cyrillic	summary_tables_jpg	1.0
0.5648843865284975	0.5725508760446789	0.0076664895161815075	0.45072549274507256	-0.012189408143361407	0.02796186268672173	87	2176583030	common99	gemini25flashlite_lezgi_grammar_cyrillic_modelgloss_cheatsheet_txt	gemini25flashlite_lezgi_grammar_cyrillic_modelgloss_cheatsheet_jpg	gemini25flashlite	Lezgi	modelgloss	grammar	cyrillic	cheatsheet_jpg	1.0
0.5632730602532968	0.5719695019310919	0.008696441677795059	0.23589764102358976	-0.005880349805985371	0.022957644671544254	87	704037125	common99	gemini25flashlite_lezgi_grammar_cyrillic_modelgloss_summary_tables_txt	gemini25flashlite_lezgi_grammar_cyrillic_modelgloss_summary_tables_jpg	gemini25flashlite	Lezgi	modelgloss	grammar	cyrillic	summary_tables_jpg	1.0
0.47914867736827366	0.5197681466053272	0.04061946923705353	0.00037999620003799963	0.01880321339543524	0.06293738609415361	87	3216543209	common99	gemini25flashlite_lezgi_grammar_cyrillic_shot_cheatsheet_txt	gemini25flashlite_lezgi_grammar_cyrillic_shot_cheatsheet_jpg	gemini25flashlite	Lezgi	shot	grammar	cyrillic	cheatsheet_jpg	0.08055919440805592
0.4756126914216184	0.520023529556976	0.04441083813535756	1.999980000199998e-05	0.025326685988526235	0.06470638387675942	87	4312618978	common99	gemini25flashlite_lezgi_grammar_cyrillic_shot_summary_tables_txt	gemini25flashlite_lezgi_grammar_cyrillic_shot_summary_tables_jpg	gemini25flashlite	Lezgi	shot	grammar	cyrillic	summary_tables_jpg	0.004319956800431996
0.485058954049801	0.49636988067763976	0.011310926627838749	0.4014459855401446	-0.016144149544937845	0.037371922412822965	87	1406493382	common99	gemini25flashlite_lezgi_grammar_original_chain_gloss_cheatsheet_txt	gemini25flashlite_lezgi_grammar_original_chain_gloss_cheatsheet_jpg	gemini25flashlite	Lezgi	chain_gloss	grammar	original	cheatsheet_jpg	1.0
0.4767232744515627	0.4923006070071253	0.0155773325555626	0.17310826891731082	-0.006645524056478468	0.038097616469209214	87	2245587214	common99	gemini25flashlite_lezgi_grammar_original_chain_gloss_summary_tables_txt	gemini25flashlite_lezgi_grammar_original_chain_gloss_summary_tables_jpg	gemini25flashlite	Lezgi	chain_gloss	grammar	original	summary_tables_jpg	1.0
0.5630990849144157	0.5598757427999344	-0.0032233421144814327	0.6860431395686043	-0.018646470029121155	0.012411293139060336	87	3772787690	common99	gemini25flashlite_lezgi_grammar_original_modelgloss_cheatsheet_txt	gemini25flashlite_lezgi_grammar_original_modelgloss_cheatsheet_jpg	gemini25flashlite	Lezgi	modelgloss	grammar	original	cheatsheet_jpg	1.0
0.5604021597182614	0.5773456987293287	0.016943539011067356	0.012709872901270987	0.003913237659753055	0.030626058013274744	87	2047181387	common99	gemini25flashlite_lezgi_grammar_original_modelgloss_summary_tables_txt	gemini25flashlite_lezgi_grammar_original_modelgloss_summary_tables_jpg	gemini25flashlite	Lezgi	modelgloss	grammar	original	summary_tables_jpg	1.0
0.4868335436130392	0.5021940659860085	0.015360522372969266	0.2050579494205058	-0.008211876357766398	0.03910924617586464	87	401814961	common99	gemini25flashlite_lezgi_grammar_original_shot_cheatsheet_txt	gemini25flashlite_lezgi_grammar_original_shot_cheatsheet_jpg	gemini25flashlite	Lezgi	shot	grammar	original	cheatsheet_jpg	1.0
0.4815086359265207	0.5224069511068279	0.04089831518030715	0.00026999730002699973	0.019035972436440403	0.06350212004678002	87	2788235794	common99	gemini25flashlite_lezgi_grammar_original_shot_summary_tables_txt	gemini25flashlite_lezgi_grammar_original_shot_summary_tables_jpg	gemini25flashlite	Lezgi	shot	grammar	original	summary_tables_jpg	0.05777942220577794
0.3205256121929246	0.32813748190499314	0.007611869712068577	0.5274847251527485	-0.016356436829223775	0.031257571313868845	99	2092683647	common99	gemini25flashlite_natugu_grammar_original_chain_gloss_cheatsheet_txt	gemini25flashlite_natugu_grammar_original_chain_gloss_cheatsheet_jpg	gemini25flashlite	Natugu	chain_gloss	grammar	original	cheatsheet_jpg	1.0
0.3200677353324312	0.323275542319423	0.0032078069869918052	0.7214327856721433	-0.014509751245078414	0.02019593543702302	99	1424112730	common99	gemini25flashlite_natugu_grammar_original_chain_gloss_summary_tables_txt	gemini25flashlite_natugu_grammar_original_chain_gloss_summary_tables_jpg	gemini25flashlite	Natugu	chain_gloss	grammar	original	summary_tables_jpg	1.0
0.5631356972335565	0.5572570438938912	-0.0058786533396653455	0.4972550274497255	-0.022955020592369212	0.010888799208432725	99	100378047	common99	gemini25flashlite_natugu_grammar_original_modelgloss_cheatsheet_txt	gemini25flashlite_natugu_grammar_original_modelgloss_cheatsheet_jpg	gemini25flashlite	Natugu	modelgloss	grammar	original	cheatsheet_jpg	1.0
0.5556301090753439	0.5564815471268664	0.0008514380515223802	0.9378006219937801	-0.02126513102439918	0.02198655604563576	99	389409273	common99	gemini25flashlite_natugu_grammar_original_modelgloss_summary_tables_txt	gemini25flashlite_natugu_grammar_original_modelgloss_summary_tables_jpg	gemini25flashlite	Natugu	modelgloss	grammar	original	summary_tables_jpg	1.0
0.34362910311631484	0.34015011682052804	-0.003478986295786771	0.6901430985690143	-0.020875940626167287	0.01349402159979247	99	1392367583	common99	gemini25flashlite_natugu_grammar_original_shot_cheatsheet_txt	gemini25flashlite_natugu_grammar_original_shot_cheatsheet_jpg	gemini25flashlite	Natugu	shot	grammar	original	cheatsheet_jpg	1.0
0.3324255556470216	0.3234165404180084	-0.00900901522901323	0.3697863021369786	-0.02857680699665739	0.010969464781910472	99	1731423654	common99	gemini25flashlite_natugu_grammar_original_shot_summary_tables_txt	gemini25flashlite_natugu_grammar_original_shot_summary_tables_jpg	gemini25flashlite	Natugu	shot	grammar	original	summary_tables_jpg	1.0
0.2678634370065699	0.2907266497913033	0.022863212784733435	0.02168978310216898	0.004073874323130261	0.043051749142357196	99	1052146204	common99	gemini25flashlite_tsez_grammar_original_chain_gloss_cheatsheet_txt	gemini25flashlite_tsez_grammar_original_chain_gloss_cheatsheet_jpg	gemini25flashlite	Tsez	chain_gloss	grammar	original	cheatsheet_jpg	1.0
0.27408623860941994	0.27724668955562093	0.003160450946200978	0.7926920730792693	-0.02036866486223057	0.027023581964801056	99	1078483263	common99	gemini25flashlite_tsez_grammar_original_chain_gloss_summary_tables_txt	gemini25flashlite_tsez_grammar_original_chain_gloss_summary_tables_jpg	gemini25flashlite	Tsez	chain_gloss	grammar	original	summary_tables_jpg	1.0
0.55650998621878	0.5446017811996768	-0.011908205019103156	0.27482725172748274	-0.03355700905726413	0.009446950373474986	99	4214238389	common99	gemini25flashlite_tsez_grammar_original_modelgloss_cheatsheet_txt	gemini25flashlite_tsez_grammar_original_modelgloss_cheatsheet_jpg	gemini25flashlite	Tsez	modelgloss	grammar	original	cheatsheet_jpg	1.0
0.5483226383274252	0.5372643162204762	-0.011058322106949006	0.42919570804291957	-0.0381650362540074	0.016885453451311927	99	563363488	common99	gemini25flashlite_tsez_grammar_original_modelgloss_summary_tables_txt	gemini25flashlite_tsez_grammar_original_modelgloss_summary_tables_jpg	gemini25flashlite	Tsez	modelgloss	grammar	original	summary_tables_jpg	1.0
0.2667163453920923	0.2590531813676911	-0.007663164024401193	0.3127568724312757	-0.02311152167467758	0.006690542117664304	99	2901782012	common99	gemini25flashlite_tsez_grammar_original_shot_cheatsheet_txt	gemini25flashlite_tsez_grammar_original_shot_cheatsheet_jpg	gemini25flashlite	Tsez	shot	grammar	original	cheatsheet_jpg	1.0
0.26596591177612844	0.2544189930865259	-0.011546918689602554	0.12475875241247587	-0.026923663500282496	0.002659769134238512	99	3170268759	common99	gemini25flashlite_tsez_grammar_original_shot_summary_tables_txt	gemini25flashlite_tsez_grammar_original_shot_summary_tables_jpg	gemini25flashlite	Tsez	shot	grammar	original	summary_tables_jpg	1.0
0.31244795507675893	0.3317474230519823	0.019299467975223385	0.26254737452625476	-0.01422946153812714	0.0542704786627075	37	3892641522	common99	qwen35_gitksan_pdf1_brown_original_chain_gloss_cheatsheet_txt	qwen35_gitksan_pdf1_brown_original_chain_gloss_cheatsheet_jpg	qwen35	Gitksan	chain_gloss	pdf1_brown	original	cheatsheet_jpg	1.0
0.312394058382189	0.32467255237940196	0.012278493997213003	0.5243147568524315	-0.024202000520922032	0.05190356553003593	37	2961305137	common99	qwen35_gitksan_pdf1_brown_original_chain_gloss_summary_tables_txt	qwen35_gitksan_pdf1_brown_original_chain_gloss_summary_tables_jpg	qwen35	Gitksan	chain_gloss	pdf1_brown	original	summary_tables_jpg	1.0
0.5802285357101543	0.5688743889331818	-0.01135414677697259	0.4925050749492505	-0.045427979730271	0.02071953007095565	37	3695972313	common99	qwen35_gitksan_pdf1_brown_original_modelgloss_cheatsheet_txt	qwen35_gitksan_pdf1_brown_original_modelgloss_cheatsheet_jpg	qwen35	Gitksan	modelgloss	pdf1_brown	original	cheatsheet_jpg	1.0
0.5720318894128542	0.5628506307666367	-0.009181258646217553	0.6631533684663153	-0.04978548203771177	0.03231583934377978	37	3213492302	common99	qwen35_gitksan_pdf1_brown_original_modelgloss_summary_tables_txt	qwen35_gitksan_pdf1_brown_original_modelgloss_summary_tables_jpg	qwen35	Gitksan	modelgloss	pdf1_brown	original	summary_tables_jpg	1.0
0.321556306972697	0.3365637829174867	0.01500747594478968	0.43724562754372454	-0.02216835357248782	0.05393788525582968	37	3139898830	common99	qwen35_gitksan_pdf1_brown_original_shot_cheatsheet_txt	qwen35_gitksan_pdf1_brown_original_shot_cheatsheet_jpg	qwen35	Gitksan	shot	pdf1_brown	original	cheatsheet_jpg	1.0
0.3339629177306149	0.32652094396384984	-0.007441973766765079	0.6683533164668354	-0.04243969419920765	0.02567262142091183	37	1939565633	common99	qwen35_gitksan_pdf1_brown_original_shot_summary_tables_txt	qwen35_gitksan_pdf1_brown_original_shot_summary_tables_jpg	qwen35	Gitksan	shot	pdf1_brown	original	summary_tables_jpg	1.0
0.3249322300827181	0.3441950437184927	0.01926281363577456	0.22079779202207978	-0.010492691699717486	0.05170537233352661	37	371858137	common99	qwen35_gitksan_pdf2_rigsby_original_chain_gloss_cheatsheet_txt	qwen35_gitksan_pdf2_rigsby_original_chain_gloss_cheatsheet_jpg	qwen35	Gitksan	chain_gloss	pdf2_rigsby	original	cheatsheet_jpg	1.0
0.34215370787156596	0.3290622685406659	-0.013091439330900038	0.44393556064439355	-0.047793069602669894	0.0199648200559455	37	713399743	common99	qwen35_gitksan_pdf2_rigsby_original_chain_gloss_summary_tables_txt	qwen35_gitksan_pdf2_rigsby_original_chain_gloss_summary_tables_jpg	qwen35	Gitksan	chain_gloss	pdf2_rigsby	original	summary_tables_jpg	1.0
0.617203820396114	0.57322654852996	-0.04397727186615403	0.01115988840111599	-0.080360948918639	-0.013963707778099422	37	2998236896	common99	qwen35_gitksan_pdf2_rigsby_original_modelgloss_cheatsheet_txt	qwen35_gitksan_pdf2_rigsby_original_modelgloss_cheatsheet_jpg	qwen35	Gitksan	modelgloss	pdf2_rigsby	original	cheatsheet_jpg	1.0
0.6158362933107324	0.5836390442139393	-0.0321972490967931	0.07982920170798292	-0.0698892691046805	0.0022074504277190413	37	3039336485	common99	qwen35_gitksan_pdf2_rigsby_original_modelgloss_summary_tables_txt	qwen35_gitksan_pdf2_rigsby_original_modelgloss_summary_tables_jpg	qwen35	Gitksan	modelgloss	pdf2_rigsby	original	summary_tables_jpg	1.0
0.31344951769790136	0.3191130209613491	0.005663503263447736	0.6487735122648773	-0.01903701854517331	0.030285812088766587	37	634475564	common99	qwen35_gitksan_pdf2_rigsby_original_shot_cheatsheet_txt	qwen35_gitksan_pdf2_rigsby_original_shot_cheatsheet_jpg	qwen35	Gitksan	shot	pdf2_rigsby	original	cheatsheet_jpg	1.0
0.32696219513545166	0.3334990047119759	0.00653680957652427	0.7347826521734783	-0.030903315453513238	0.0448033701125029	37	641634802	common99	qwen35_gitksan_pdf2_rigsby_original_shot_summary_tables_txt	qwen35_gitksan_pdf2_rigsby_original_shot_summary_tables_jpg	qwen35	Gitksan	shot	pdf2_rigsby	original	summary_tables_jpg	1.0
0.37412007975167244	0.3875420941361066	0.01342201438443414	0.3502064979350207	-0.01452693060126112	0.04185586644914643	87	3371713244	common99	qwen35_lezgi_grammar_cyrillic_chain_gloss_cheatsheet_txt	qwen35_lezgi_grammar_cyrillic_chain_gloss_cheatsheet_jpg	qwen35	Lezgi	chain_gloss	grammar	cyrillic	cheatsheet_jpg	1.0
0.3845559982047684	0.40105199454159574	0.016495996336827332	0.21961780382196178	-0.00946074177393282	0.04303159247869732	87	2259186464	common99	qwen35_lezgi_grammar_cyrillic_chain_gloss_summary_tables_txt	qwen35_lezgi_grammar_cyrillic_chain_gloss_summary_tables_jpg	qwen35	Lezgi	chain_gloss	grammar	cyrillic	summary_tables_jpg	1.0
0.5153782809602803	0.5319113817023134	0.01653310074203316	0.05502944970550294	-0.00023501043518383793	0.033565915804142234	87	3723334997	common99	qwen35_lezgi_grammar_cyrillic_modelgloss_cheatsheet_txt	qwen35_lezgi_grammar_cyrillic_modelgloss_cheatsheet_jpg	qwen35	Lezgi	modelgloss	grammar	cyrillic	cheatsheet_jpg	1.0
0.5252252728089519	0.5335936416154621	0.008368368806510136	0.38798612013879863	-0.010560031629156792	0.027567781970418728	87	2668242310	common99	qwen35_lezgi_grammar_cyrillic_modelgloss_summary_tables_txt	qwen35_lezgi_grammar_cyrillic_modelgloss_summary_tables_jpg	qwen35	Lezgi	modelgloss	grammar	cyrillic	summary_tables_jpg	1.0
0.38936874835655605	0.4003943011335943	0.011025552777038223	0.36203637963620366	-0.013238402944186635	0.034342443125172595	87	2878440132	common99	qwen35_lezgi_grammar_cyrillic_shot_cheatsheet_txt	qwen35_lezgi_grammar_cyrillic_shot_cheatsheet_jpg	qwen35	Lezgi	shot	grammar	cyrillic	cheatsheet_jpg	1.0
0.3834945922610403	0.3937995536574002	0.010304961396359849	0.34801651983480164	-0.011588075624286435	0.03160648368213368	87	4077968989	common99	qwen35_lezgi_grammar_cyrillic_shot_summary_tables_txt	qwen35_lezgi_grammar_cyrillic_shot_summary_tables_jpg	qwen35	Lezgi	shot	grammar	cyrillic	summary_tables_jpg	1.0
0.37956256068300925	0.38398223789944047	0.00441967721643119	0.7469925300746992	-0.022490386519281338	0.03162424161002551	87	3226830534	common99	qwen35_lezgi_grammar_original_chain_gloss_cheatsheet_txt	qwen35_lezgi_grammar_original_chain_gloss_cheatsheet_jpg	qwen35	Lezgi	chain_gloss	grammar	original	cheatsheet_jpg	1.0
0.378381682024605	0.3987812041893773	0.020399522164772296	0.0885991140088599	-0.0029867171213544636	0.04397141591742121	87	975963538	common99	qwen35_lezgi_grammar_original_chain_gloss_summary_tables_txt	qwen35_lezgi_grammar_original_chain_gloss_summary_tables_jpg	qwen35	Lezgi	chain_gloss	grammar	original	summary_tables_jpg	1.0
0.5198299004428688	0.5315366668262701	0.011706766383401278	0.23767762322376776	-0.007607936499447654	0.031197814574871936	87	3965473448	common99	qwen35_lezgi_grammar_original_modelgloss_cheatsheet_txt	qwen35_lezgi_grammar_original_modelgloss_cheatsheet_jpg	qwen35	Lezgi	modelgloss	grammar	original	cheatsheet_jpg	1.0
0.5198930049764698	0.5259128750740797	0.006019870097609772	0.49109508904910953	-0.011115069190661107	0.023345532225466318	87	114078667	common99	qwen35_lezgi_grammar_original_modelgloss_summary_tables_txt	qwen35_lezgi_grammar_original_modelgloss_summary_tables_jpg	qwen35	Lezgi	modelgloss	grammar	original	summary_tables_jpg	1.0
0.3833237254414065	0.38789858266539956	0.00457485722399306	0.6572834271657283	-0.01586451251273867	0.024512044721464978	87	3218445929	common99	qwen35_lezgi_grammar_original_shot_cheatsheet_txt	qwen35_lezgi_grammar_original_shot_cheatsheet_jpg	qwen35	Lezgi	shot	grammar	original	cheatsheet_jpg	1.0
0.38296581171024807	0.39698416611243936	0.014018354402191338	0.2050979490205098	-0.0078016049603278565	0.035326208837929814	87	1319216859	common99	qwen35_lezgi_grammar_original_shot_summary_tables_txt	qwen35_lezgi_grammar_original_shot_summary_tables_jpg	qwen35	Lezgi	shot	grammar	original	summary_tables_jpg	1.0
0.28311034133940033	0.2950205288150094	0.011910187475609057	0.1033489665103349	-0.0022353128087941993	0.026426316274687493	99	3095327101	common99	qwen35_natugu_grammar_original_chain_gloss_cheatsheet_txt	qwen35_natugu_grammar_original_chain_gloss_cheatsheet_jpg	qwen35	Natugu	chain_gloss	grammar	original	cheatsheet_jpg	1.0
0.2740993481693846	0.286232393197339	0.01213304502795441	0.2705072949270507	-0.009087283898032072	0.03424428440630435	99	1172228253	common99	qwen35_natugu_grammar_original_chain_gloss_summary_tables_txt	qwen35_natugu_grammar_original_chain_gloss_summary_tables_jpg	qwen35	Natugu	chain_gloss	grammar	original	summary_tables_jpg	1.0
0.5530565776909241	0.5400511447829429	-0.013005432907981103	0.16140838591614085	-0.031126912288141968	0.005200270582178605	99	3546566717	common99	qwen35_natugu_grammar_original_modelgloss_cheatsheet_txt	qwen35_natugu_grammar_original_modelgloss_cheatsheet_jpg	qwen35	Natugu	modelgloss	grammar	original	cheatsheet_jpg	1.0
0.5306343881770818	0.543738364420756	0.013103976243674154	0.1915180848191518	-0.0064092379289142935	0.03302093399594528	99	267515440	common99	qwen35_natugu_grammar_original_modelgloss_summary_tables_txt	qwen35_natugu_grammar_original_modelgloss_summary_tables_jpg	qwen35	Natugu	modelgloss	grammar	original	summary_tables_jpg	1.0
0.29958626372043534	0.2937170428158057	-0.00586922090462964	0.5598644013559865	-0.02590435443050933	0.014247113740955938	99	758000752	common99	qwen35_natugu_grammar_original_shot_cheatsheet_txt	qwen35_natugu_grammar_original_shot_cheatsheet_jpg	qwen35	Natugu	shot	grammar	original	cheatsheet_jpg	1.0
0.3033215081450915	0.2944911104260069	-0.008830397719084615	0.43698563014369857	-0.03121347035271952	0.013309658713864558	99	702804301	common99	qwen35_natugu_grammar_original_shot_summary_tables_txt	qwen35_natugu_grammar_original_shot_summary_tables_jpg	qwen35	Natugu	shot	grammar	original	summary_tables_jpg	1.0
0.22480118470360536	0.22585523700473284	0.0010540523011275012	0.8510014899851002	-0.010375874256244812	0.012014217693546804	99	3449050124	common99	qwen35_tsez_grammar_original_chain_gloss_cheatsheet_txt	qwen35_tsez_grammar_original_chain_gloss_cheatsheet_jpg	qwen35	Tsez	chain_gloss	grammar	original	cheatsheet_jpg	1.0
0.22991865828181757	0.23031793549807386	0.0003992772162562669	0.94510054899451	-0.011137820795328929	0.011386163837530395	99	3150129842	common99	qwen35_tsez_grammar_original_chain_gloss_summary_tables_txt	qwen35_tsez_grammar_original_chain_gloss_summary_tables_jpg	qwen35	Tsez	chain_gloss	grammar	original	summary_tables_jpg	1.0
0.4877015331176796	0.48235831161340076	-0.005343221504278857	0.6482935170648294	-0.02816792635830364	0.01749114088638862	99	552400979	common99	qwen35_tsez_grammar_original_modelgloss_cheatsheet_txt	qwen35_tsez_grammar_original_modelgloss_cheatsheet_jpg	qwen35	Tsez	modelgloss	grammar	original	cheatsheet_jpg	1.0
0.4950224728596331	0.47701081437896	-0.018011658480673126	0.15086849131508684	-0.04269058405224121	0.006506686010445004	99	183792029	common99	qwen35_tsez_grammar_original_modelgloss_summary_tables_txt	qwen35_tsez_grammar_original_modelgloss_summary_tables_jpg	qwen35	Tsez	modelgloss	grammar	original	summary_tables_jpg	1.0
0.25212418912637113	0.24346571046896656	-0.008658478657404581	0.27430725692743074	-0.024280415742535776	0.006798760901496867	99	311273644	common99	qwen35_tsez_grammar_original_shot_cheatsheet_txt	qwen35_tsez_grammar_original_shot_cheatsheet_jpg	qwen35	Tsez	shot	grammar	original	cheatsheet_jpg	1.0
0.25810066121395187	0.2422920104229089	-0.01580865079104298	0.04204957950420496	-0.03120716170906418	-0.000721368332854432	99	2450754045	common99	qwen35_tsez_grammar_original_shot_summary_tables_txt	qwen35_tsez_grammar_original_shot_summary_tables_jpg	qwen35	Tsez	shot	grammar	original	summary_tables_jpg	1.0
0.300239468345771	0.3080215361472723	0.0077820678015012995	0.7144628553714463	-0.033518538372339424	0.050242427152556314	37	255721749	common99	qwen3_gitksan_pdf1_brown_original_chain_gloss_cheatsheet_txt	qwen3_gitksan_pdf1_brown_original_chain_gloss_cheatsheet_jpg	qwen3	Gitksan	chain_gloss	pdf1_brown	original	cheatsheet_jpg	1.0
0.3265965653432382	0.3040838148948309	-0.022512750448407354	0.15552844471555285	-0.05369627062936085	0.008665418202007138	37	3162453635	common99	qwen3_gitksan_pdf1_brown_original_chain_gloss_summary_tables_txt	qwen3_gitksan_pdf1_brown_original_chain_gloss_summary_tables_jpg	qwen3	Gitksan	chain_gloss	pdf1_brown	original	summary_tables_jpg	1.0
0.5843668459235011	0.5663803300342044	-0.017986515889296662	0.21550784492155078	-0.047490749628962686	0.009705243380488547	37	2434338053	common99	qwen3_gitksan_pdf1_brown_original_modelgloss_cheatsheet_txt	qwen3_gitksan_pdf1_brown_original_modelgloss_cheatsheet_jpg	qwen3	Gitksan	modelgloss	pdf1_brown	original	cheatsheet_jpg	1.0
0.5540242420660483	0.5385301088964617	-0.015494133169586593	0.47748522514774855	-0.06157208419329411	0.025274646564109875	37	1377526767	common99	qwen3_gitksan_pdf1_brown_original_modelgloss_summary_tables_txt	qwen3_gitksan_pdf1_brown_original_modelgloss_summary_tables_jpg	qwen3	Gitksan	modelgloss	pdf1_brown	original	summary_tables_jpg	1.0
0.3518444936017732	0.34350749950956655	-0.008336994092206697	0.6121138788612114	-0.040374086147828676	0.02412138112594146	37	353609991	common99	qwen3_gitksan_pdf1_brown_original_shot_cheatsheet_txt	qwen3_gitksan_pdf1_brown_original_shot_cheatsheet_jpg	qwen3	Gitksan	shot	pdf1_brown	original	cheatsheet_jpg	1.0
0.32452372159506826	0.346455721033586	0.021931999438517803	0.25560744392556073	-0.012441030476947073	0.06400076734858569	37	2929920025	common99	qwen3_gitksan_pdf1_brown_original_shot_summary_tables_txt	qwen3_gitksan_pdf1_brown_original_shot_summary_tables_jpg	qwen3	Gitksan	shot	pdf1_brown	original	summary_tables_jpg	1.0
0.28596904753027735	0.29822300334234497	0.0122539558120676	0.43665563344366554	-0.012013222780582065	0.047022779285907736	37	3125784932	common99	qwen3_gitksan_pdf2_rigsby_original_chain_gloss_cheatsheet_txt	qwen3_gitksan_pdf2_rigsby_original_chain_gloss_cheatsheet_jpg	qwen3	Gitksan	chain_gloss	pdf2_rigsby	original	cheatsheet_jpg	1.0
0.3051899868894268	0.3217131539776519	0.016523167088225082	0.35225647743522565	-0.015470871631358121	0.05512914729078073	37	2392911098	common99	qwen3_gitksan_pdf2_rigsby_original_chain_gloss_summary_tables_txt	qwen3_gitksan_pdf2_rigsby_original_chain_gloss_summary_tables_jpg	qwen3	Gitksan	chain_gloss	pdf2_rigsby	original	summary_tables_jpg	1.0
0.5749706388325304	0.5547407233231777	-0.020229915509352814	0.15761842381576185	-0.04851059199789086	0.00786417218277582	37	1956134234	common99	qwen3_gitksan_pdf2_rigsby_original_modelgloss_cheatsheet_txt	qwen3_gitksan_pdf2_rigsby_original_modelgloss_cheatsheet_jpg	qwen3	Gitksan	modelgloss	pdf2_rigsby	original	cheatsheet_jpg	1.0
0.5529427037045762	0.562048754176578	0.009106050472001772	0.5456145438545614	-0.020458529517054555	0.038658872115853636	37	888749093	common99	qwen3_gitksan_pdf2_rigsby_original_modelgloss_summary_tables_txt	qwen3_gitksan_pdf2_rigsby_original_modelgloss_summary_tables_jpg	qwen3	Gitksan	modelgloss	pdf2_rigsby	original	summary_tables_jpg	1.0
0.3525841054884163	0.3326690402385351	-0.01991506524988123	0.26168738312616874	-0.05792934408260358	0.012173317916489932	37	3725945795	common99	qwen3_gitksan_pdf2_rigsby_original_shot_cheatsheet_txt	qwen3_gitksan_pdf2_rigsby_original_shot_cheatsheet_jpg	qwen3	Gitksan	shot	pdf2_rigsby	original	cheatsheet_jpg	1.0
0.3188668984819103	0.3350626887703264	0.016195790288416115	0.21695783042169578	-0.008804025060522393	0.04268901886770851	37	3904381362	common99	qwen3_gitksan_pdf2_rigsby_original_shot_summary_tables_txt	qwen3_gitksan_pdf2_rigsby_original_shot_summary_tables_jpg	qwen3	Gitksan	shot	pdf2_rigsby	original	summary_tables_jpg	1.0
0.328437640749175	0.335546242094588	0.007108601345413032	0.5691243087569124	-0.018281094263168585	0.031088401154540025	87	146555969	common99	qwen3_lezgi_grammar_cyrillic_chain_gloss_cheatsheet_txt	qwen3_lezgi_grammar_cyrillic_chain_gloss_cheatsheet_jpg	qwen3	Lezgi	chain_gloss	grammar	cyrillic	cheatsheet_jpg	1.0
0.32267770291059866	0.317479214106483	-0.005198488804115646	0.5760842391576084	-0.02330850396176864	0.013456271229119136	87	768322568	common99	qwen3_lezgi_grammar_cyrillic_chain_gloss_summary_tables_txt	qwen3_lezgi_grammar_cyrillic_chain_gloss_summary_tables_jpg	qwen3	Lezgi	chain_gloss	grammar	cyrillic	summary_tables_jpg	1.0
0.5268770745773425	0.5087635929899654	-0.01811348158737709	0.04938950610493895	-0.03652625929607057	-0.00035602007189701956	87	2394646022	common99	qwen3_lezgi_grammar_cyrillic_modelgloss_cheatsheet_txt	qwen3_lezgi_grammar_cyrillic_modelgloss_cheatsheet_jpg	qwen3	Lezgi	modelgloss	grammar	cyrillic	cheatsheet_jpg	1.0
0.5149699675625768	0.5088966392922676	-0.006073328270309273	0.5213547864521355	-0.024867631053958814	0.012560799328246323	87	776952271	common99	qwen3_lezgi_grammar_cyrillic_modelgloss_summary_tables_txt	qwen3_lezgi_grammar_cyrillic_modelgloss_summary_tables_jpg	qwen3	Lezgi	modelgloss	grammar	cyrillic	summary_tables_jpg	1.0
0.32468057706438264	0.3463710106309803	0.021690433566597687	0.08722912770872292	-0.0022613681981275818	0.04769778647727663	87	2685217836	common99	qwen3_lezgi_grammar_cyrillic_shot_cheatsheet_txt	qwen3_lezgi_grammar_cyrillic_shot_cheatsheet_jpg	qwen3	Lezgi	shot	grammar	cyrillic	cheatsheet_jpg	1.0
0.3376229801054659	0.3437889500938613	0.0061659699883954274	0.6718032819671803	-0.022526790998105343	0.03462000557746009	87	4049342131	common99	qwen3_lezgi_grammar_cyrillic_shot_summary_tables_txt	qwen3_lezgi_grammar_cyrillic_shot_summary_tables_jpg	qwen3	Lezgi	shot	grammar	cyrillic	summary_tables_jpg	1.0
0.33187923828760785	0.345334270390971	0.013455032103363124	0.13142868571314287	-0.004411889749696884	0.03082957115324064	87	473521116	common99	qwen3_lezgi_grammar_original_chain_gloss_cheatsheet_txt	qwen3_lezgi_grammar_original_chain_gloss_cheatsheet_jpg	qwen3	Lezgi	chain_gloss	grammar	original	cheatsheet_jpg	1.0
0.3232330061580943	0.3255656657890342	0.0023326596309398784	0.8469615303846961	-0.02231142852326919	0.026613958822242142	87	3011004938	common99	qwen3_lezgi_grammar_original_chain_gloss_summary_tables_txt	qwen3_lezgi_grammar_original_chain_gloss_summary_tables_jpg	qwen3	Lezgi	chain_gloss	grammar	original	summary_tables_jpg	1.0
0.5321677844414766	0.5148562807803867	-0.01731150366108993	0.03273967260327397	-0.033506727770998564	-0.0017595632065986876	87	946775773	common99	qwen3_lezgi_grammar_original_modelgloss_cheatsheet_txt	qwen3_lezgi_grammar_original_modelgloss_cheatsheet_jpg	qwen3	Lezgi	modelgloss	grammar	original	cheatsheet_jpg	1.0
0.5128883580709326	0.5134615903270656	0.0005732322561329808	0.948920510794892	-0.017296598496279496	0.01768987832226971	87	3680960941	common99	qwen3_lezgi_grammar_original_modelgloss_summary_tables_txt	qwen3_lezgi_grammar_original_modelgloss_summary_tables_jpg	qwen3	Lezgi	modelgloss	grammar	original	summary_tables_jpg	1.0
0.3411772062723664	0.3509211057219012	0.0097438994495348	0.39874601253987463	-0.012065265117876828	0.03321280619878878	87	2849726565	common99	qwen3_lezgi_grammar_original_shot_cheatsheet_txt	qwen3_lezgi_grammar_original_shot_cheatsheet_jpg	qwen3	Lezgi	shot	grammar	original	cheatsheet_jpg	1.0
0.330306436481147	0.34301493530985955	0.01270849882871255	0.2794672053279467	-0.011305428703112146	0.03534350108740658	87	1671924972	common99	qwen3_lezgi_grammar_original_shot_summary_tables_txt	qwen3_lezgi_grammar_original_shot_summary_tables_jpg	qwen3	Lezgi	shot	grammar	original	summary_tables_jpg	1.0
0.29995594557487604	0.3018975546865752	0.001941609111699191	0.8620513794862051	-0.02000942825894765	0.02388999731176428	99	3680819436	common99	qwen3_natugu_grammar_original_chain_gloss_cheatsheet_txt	qwen3_natugu_grammar_original_chain_gloss_cheatsheet_jpg	qwen3	Natugu	chain_gloss	grammar	original	cheatsheet_jpg	1.0
0.30294655368785667	0.29359108239713344	-0.009355471290723241	0.3009369906300937	-0.027021854122479757	0.00843643508851528	99	4205532726	common99	qwen3_natugu_grammar_original_chain_gloss_summary_tables_txt	qwen3_natugu_grammar_original_chain_gloss_summary_tables_jpg	qwen3	Natugu	chain_gloss	grammar	original	summary_tables_jpg	1.0
0.5147889959390717	0.5236083937413765	0.00881939780230474	0.4005759942400576	-0.011826177219850846	0.029321378533436793	99	2226997960	common99	qwen3_natugu_grammar_original_modelgloss_cheatsheet_txt	qwen3_natugu_grammar_original_modelgloss_cheatsheet_jpg	qwen3	Natugu	modelgloss	grammar	original	cheatsheet_jpg	1.0
0.5222879302020025	0.520826604631212	-0.0014613255707904547	0.8806211937880621	-0.020441953292248224	0.01784250089014419	99	3084224784	common99	qwen3_natugu_grammar_original_modelgloss_summary_tables_txt	qwen3_natugu_grammar_original_modelgloss_summary_tables_jpg	qwen3	Natugu	modelgloss	grammar	original	summary_tables_jpg	1.0
0.3211961943994869	0.3145747378920064	-0.006621456507480506	0.44854551454485453	-0.024040210540547512	0.010465380579534191	99	3277519465	common99	qwen3_natugu_grammar_original_shot_cheatsheet_txt	qwen3_natugu_grammar_original_shot_cheatsheet_jpg	qwen3	Natugu	shot	grammar	original	cheatsheet_jpg	1.0
0.3162791123895934	0.3068915766597998	-0.009387535729793587	0.2925570744292557	-0.027098814356658188	0.007912097536403703	99	1765418375	common99	qwen3_natugu_grammar_original_shot_summary_tables_txt	qwen3_natugu_grammar_original_shot_summary_tables_jpg	qwen3	Natugu	shot	grammar	original	summary_tables_jpg	1.0
0.23332599136564466	0.22835318924802722	-0.004972802117617444	0.45189548104518956	-0.01832164515449543	0.008039545331789973	99	3068099992	common99	qwen3_tsez_grammar_original_chain_gloss_cheatsheet_txt	qwen3_tsez_grammar_original_chain_gloss_cheatsheet_jpg	qwen3	Tsez	chain_gloss	grammar	original	cheatsheet_jpg	1.0
0.22980673219820466	0.23049556682206163	0.0006888346238569779	0.9226707732922671	-0.013632319927817643	0.01447647814121511	99	2117020600	common99	qwen3_tsez_grammar_original_chain_gloss_summary_tables_txt	qwen3_tsez_grammar_original_chain_gloss_summary_tables_jpg	qwen3	Tsez	chain_gloss	grammar	original	summary_tables_jpg	1.0
0.4712936282157898	0.4814469838383222	0.010153355622532391	0.3235467645323547	-0.010272545954494764	0.03023268492008098	99	1812950587	common99	qwen3_tsez_grammar_original_modelgloss_cheatsheet_txt	qwen3_tsez_grammar_original_modelgloss_cheatsheet_jpg	qwen3	Tsez	modelgloss	grammar	original	cheatsheet_jpg	1.0
0.4781172809877781	0.48294321537920926	0.0048259343914311345	0.7050729492705073	-0.01982122733060157	0.030287131907963987	99	71408072	common99	qwen3_tsez_grammar_original_modelgloss_summary_tables_txt	qwen3_tsez_grammar_original_modelgloss_summary_tables_jpg	qwen3	Tsez	modelgloss	grammar	original	summary_tables_jpg	1.0
0.24274229897995186	0.229920919194366	-0.012821379785585885	0.15866841331586684	-0.03185710392967619	0.0040721688871130785	99	785411458	common99	qwen3_tsez_grammar_original_shot_cheatsheet_txt	qwen3_tsez_grammar_original_shot_cheatsheet_jpg	qwen3	Tsez	shot	grammar	original	cheatsheet_jpg	1.0
0.24519456351044203	0.22703582424708088	-0.01815873926336115	0.046179538204617954	-0.037752446058121586	-0.0019001555901886312	99	2348574971	common99	qwen3_tsez_grammar_original_shot_summary_tables_txt	qwen3_tsez_grammar_original_shot_summary_tables_jpg	qwen3	Tsez	shot	grammar	original	summary_tables_jpg	1.0
