cohort	id	records	xcomet_xl
native	gemini25flashlite_gitksan_grammar_original_chain_gloss_baseline	37	0.3682114727593757
native	gemini25flashlite_gitksan_grammar_original_modelgloss_baseline	37	0.621221017595884
native	gemini25flashlite_gitksan_grammar_original_shot_baseline	37	0.410554700203844
native	gemini25flashlite_gitksan_pdf1_brown_original_chain_gloss_cheatsheet_jpg	37	0.380864175993043
native	gemini25flashlite_gitksan_pdf1_brown_original_chain_gloss_cheatsheet_txt	37	0.4042136061030465
native	gemini25flashlite_gitksan_pdf1_brown_original_chain_gloss_pdfpages_impactful_jpg	37	0.3587539715541376
native	gemini25flashlite_gitksan_pdf1_brown_original_chain_gloss_summary_tables_jpg	37	0.3568547476787825
native	gemini25flashlite_gitksan_pdf1_brown_original_chain_gloss_summary_tables_txt	37	0.4118246021302971
native	gemini25flashlite_gitksan_pdf1_brown_original_chain_gloss_summary_text_txt	37	0.3900170608146771
native	gemini25flashlite_gitksan_pdf1_brown_original_modelgloss_cheatsheet_jpg	37	0.6201648220822618
native	gemini25flashlite_gitksan_pdf1_brown_original_modelgloss_cheatsheet_txt	37	0.6130302121510377
native	gemini25flashlite_gitksan_pdf1_brown_original_modelgloss_pdfpages_impactful_jpg	37	0.6098358808337031
native	gemini25flashlite_gitksan_pdf1_brown_original_modelgloss_summary_tables_jpg	37	0.6184286732931394
native	gemini25flashlite_gitksan_pdf1_brown_original_modelgloss_summary_tables_txt	37	0.6152153377597397
native	gemini25flashlite_gitksan_pdf1_brown_original_modelgloss_summary_text_txt	37	0.6011472996827718
native	gemini25flashlite_gitksan_pdf1_brown_original_shot_cheatsheet_jpg	37	0.38395725875287445
native	gemini25flashlite_gitksan_pdf1_brown_original_shot_cheatsheet_txt	37	0.4087952596915735
native	gemini25flashlite_gitksan_pdf1_brown_original_shot_pdfpages_impactful_jpg	37	0.362352575200635
native	gemini25flashlite_gitksan_pdf1_brown_original_shot_summary_tables_jpg	37	0.38720745452352473
native	gemini25flashlite_gitksan_pdf1_brown_original_shot_summary_tables_txt	37	0.3799235494555654
native	gemini25flashlite_gitksan_pdf1_brown_original_shot_summary_text_txt	37	0.3979660784070556
native	gemini25flashlite_gitksan_pdf2_rigsby_original_chain_gloss_cheatsheet_jpg	37	0.3626289057570535
native	gemini25flashlite_gitksan_pdf2_rigsby_original_chain_gloss_cheatsheet_txt	37	0.37922179255936594
native	gemini25flashlite_gitksan_pdf2_rigsby_original_chain_gloss_pdfpages_impactful_jpg	37	0.3641954857755352
native	gemini25flashlite_gitksan_pdf2_rigsby_original_chain_gloss_summary_tables_jpg	37	0.37027044916475144
native	gemini25flashlite_gitksan_pdf2_rigsby_original_chain_gloss_summary_tables_txt	37	0.3857077521246833
native	gemini25flashlite_gitksan_pdf2_rigsby_original_chain_gloss_summary_text_txt	37	0.3939428196565525
native	gemini25flashlite_gitksan_pdf2_rigsby_original_modelgloss_cheatsheet_jpg	37	0.6231057974132331
native	gemini25flashlite_gitksan_pdf2_rigsby_original_modelgloss_cheatsheet_txt	37	0.6016450016885191
native	gemini25flashlite_gitksan_pdf2_rigsby_original_modelgloss_pdfpages_impactful_jpg	37	0.5880427521628302
native	gemini25flashlite_gitksan_pdf2_rigsby_original_modelgloss_summary_tables_jpg	37	0.5981713936135575
native	gemini25flashlite_gitksan_pdf2_rigsby_original_modelgloss_summary_tables_txt	37	0.6233021536388913
native	gemini25flashlite_gitksan_pdf2_rigsby_original_modelgloss_summary_text_txt	37	0.6307065559400095
native	gemini25flashlite_gitksan_pdf2_rigsby_original_shot_cheatsheet_jpg	37	0.4067017786406182
native	gemini25flashlite_gitksan_pdf2_rigsby_original_shot_cheatsheet_txt	37	0.38228365255368724
native	gemini25flashlite_gitksan_pdf2_rigsby_original_shot_pdfpages_impactful_jpg	37	0.36184239145871755
native	gemini25flashlite_gitksan_pdf2_rigsby_original_shot_summary_tables_jpg	37	0.39767869541773926
native	gemini25flashlite_gitksan_pdf2_rigsby_original_shot_summary_tables_txt	37	0.3925404000926662
native	gemini25flashlite_gitksan_pdf2_rigsby_original_shot_summary_text_txt	37	0.3833668070870477
native	gemini25flashlite_lezgi_grammar_cyrillic_chain_gloss_cheatsheet_jpg	87	0.5102100815923735
native	gemini25flashlite_lezgi_grammar_cyrillic_chain_gloss_cheatsheet_txt	87	0.48661454912574814
native	gemini25flashlite_lezgi_grammar_cyrillic_chain_gloss_summary_tables_jpg	87	0.5078605613831816
native	gemini25flashlite_lezgi_grammar_cyrillic_chain_gloss_summary_tables_txt	87	0.4847795057228242
native	gemini25flashlite_lezgi_grammar_cyrillic_chain_gloss_summary_text_txt	87	0.47014152404220627
native	gemini25flashlite_lezgi_grammar_cyrillic_modelgloss_cheatsheet_jpg	87	0.5725508760446789
native	gemini25flashlite_lezgi_grammar_cyrillic_modelgloss_cheatsheet_txt	87	0.5648843865284975
native	gemini25flashlite_lezgi_grammar_cyrillic_modelgloss_summary_tables_jpg	87	0.5719695019310919
native	gemini25flashlite_lezgi_grammar_cyrillic_modelgloss_summary_tables_txt	87	0.5632730602532968
native	gemini25flashlite_lezgi_grammar_cyrillic_modelgloss_summary_text_txt	87	0.5532038299174145
native	gemini25flashlite_lezgi_grammar_cyrillic_shot_cheatsheet_jpg	87	0.5197681466053272
native	gemini25flashlite_lezgi_grammar_cyrillic_shot_cheatsheet_txt	87	0.47914867736827366
native	gemini25flashlite_lezgi_grammar_cyrillic_shot_summary_tables_jpg	87	0.520023529556976
native	gemini25flashlite_lezgi_grammar_cyrillic_shot_summary_tables_txt	87	0.4756126914216184
native	gemini25flashlite_lezgi_grammar_cyrillic_shot_summary_text_txt	87	0.49243289540553914
native	gemini25flashlite_lezgi_grammar_original_chain_gloss_baseline	87	0.5023139900174635
native	gemini25flashlite_lezgi_grammar_original_chain_gloss_cheatsheet_jpg	87	0.49636988067763976
native	gemini25flashlite_lezgi_grammar_original_chain_gloss_cheatsheet_txt	87	0.485058954049801
native	gemini25flashlite_lezgi_grammar_original_chain_gloss_pdfpages_impactful_jpg	87	0.5098929415489065
native	gemini25flashlite_lezgi_grammar_original_chain_gloss_summary_tables_jpg	87	0.4923006070071253
native	gemini25flashlite_lezgi_grammar_original_chain_gloss_summary_tables_txt	87	0.4767232744515627
native	gemini25flashlite_lezgi_grammar_original_chain_gloss_summary_text_txt	87	0.4716155311499519
native	gemini25flashlite_lezgi_grammar_original_modelgloss_baseline	87	0.570692633417831
native	gemini25flashlite_lezgi_grammar_original_modelgloss_cheatsheet_jpg	87	0.5598757427999344
native	gemini25flashlite_lezgi_grammar_original_modelgloss_cheatsheet_txt	87	0.5630990849144157
native	gemini25flashlite_lezgi_grammar_original_modelgloss_pdfpages_impactful_jpg	87	0.5705135856894241
native	gemini25flashlite_lezgi_grammar_original_modelgloss_summary_tables_jpg	87	0.5773456987293287
native	gemini25flashlite_lezgi_grammar_original_modelgloss_summary_tables_txt	87	0.5604021597182614
native	gemini25flashlite_lezgi_grammar_original_modelgloss_summary_text_txt	87	0.5461910099818789
native	gemini25flashlite_lezgi_grammar_original_shot_baseline	87	0.5153911949574262
native	gemini25flashlite_lezgi_grammar_original_shot_cheatsheet_jpg	87	0.5021940659860085
native	gemini25flashlite_lezgi_grammar_original_shot_cheatsheet_txt	87	0.4868335436130392
native	gemini25flashlite_lezgi_grammar_original_shot_pdfpages_impactful_jpg	87	0.5129208340384495
native	gemini25flashlite_lezgi_grammar_original_shot_summary_tables_jpg	87	0.5224069511068279
native	gemini25flashlite_lezgi_grammar_original_shot_summary_tables_txt	87	0.4815086359265207
native	gemini25flashlite_lezgi_grammar_original_shot_summary_text_txt	87	0.4882288641970733
native	gemini25flashlite_natugu_grammar_original_chain_gloss_baseline	99	0.32406495240601624
native	gemini25flashlite_natugu_grammar_original_chain_gloss_cheatsheet_jpg	99	0.32813748190499314
native	gemini25flashlite_natugu_grammar_original_chain_gloss_cheatsheet_txt	99	0.3205256121929246
native	gemini25flashlite_natugu_grammar_original_chain_gloss_pdfpages_impactful_jpg	99	0.3049168275161223
native	gemini25flashlite_natugu_grammar_original_chain_gloss_summary_tables_jpg	99	0.323275542319423
native	gemini25flashlite_natugu_grammar_original_chain_gloss_summary_tables_txt	99	0.3200677353324312
native	gemini25flashlite_natugu_grammar_original_chain_gloss_summary_text_txt	99	0.31223930839938346
native	gemini25flashlite_natugu_grammar_original_modelgloss_baseline	99	0.5675372171281564
native	gemini25flashlite_natugu_grammar_original_modelgloss_cheatsheet_jpg	99	0.5572570438938912
native	gemini25flashlite_natugu_grammar_original_modelgloss_cheatsheet_txt	99	0.5631356972335565
native	gemini25flashlite_natugu_grammar_original_modelgloss_pdfpages_impactful_jpg	99	0.5525702009297381
native	gemini25flashlite_natugu_grammar_original_modelgloss_summary_tables_jpg	99	0.5564815471268664
native	gemini25flashlite_natugu_grammar_original_modelgloss_summary_tables_txt	99	0.5556301090753439
native	gemini25flashlite_natugu_grammar_original_modelgloss_summary_text_txt	99	0.5550223756017107
native	gemini25flashlite_natugu_grammar_original_shot_baseline	99	0.3440762123074194
native	gemini25flashlite_natugu_grammar_original_shot_cheatsheet_jpg	99	0.34015011682052804
native	gemini25flashlite_natugu_grammar_original_shot_cheatsheet_txt	99	0.34362910311631484
native	gemini25flashlite_natugu_grammar_original_shot_pdfpages_impactful_jpg	99	0.30472392506069607
native	gemini25flashlite_natugu_grammar_original_shot_summary_tables_jpg	99	0.3234165404180084
native	gemini25flashlite_natugu_grammar_original_shot_summary_tables_txt	99	0.3324255556470216
native	gemini25flashlite_natugu_grammar_original_shot_summary_text_txt	99	0.352987737667681
native	gemini25flashlite_tsez_grammar_original_chain_gloss_baseline	99	0.2821491172518393
native	gemini25flashlite_tsez_grammar_original_chain_gloss_cheatsheet_jpg	99	0.2907266497913033
native	gemini25flashlite_tsez_grammar_original_chain_gloss_cheatsheet_txt	99	0.2678634370065699
native	gemini25flashlite_tsez_grammar_original_chain_gloss_pdfpages_impactful_jpg	99	0.2750670670559912
native	gemini25flashlite_tsez_grammar_original_chain_gloss_summary_tables_jpg	99	0.27724668955562093
native	gemini25flashlite_tsez_grammar_original_chain_gloss_summary_tables_txt	99	0.27408623860941994
native	gemini25flashlite_tsez_grammar_original_chain_gloss_summary_text_txt	99	0.2899839148075894
native	gemini25flashlite_tsez_grammar_original_modelgloss_baseline	99	0.5499896604304362
native	gemini25flashlite_tsez_grammar_original_modelgloss_cheatsheet_jpg	99	0.5446017811996768
native	gemini25flashlite_tsez_grammar_original_modelgloss_cheatsheet_txt	99	0.55650998621878
native	gemini25flashlite_tsez_grammar_original_modelgloss_pdfpages_impactful_jpg	99	0.5205908872262396
native	gemini25flashlite_tsez_grammar_original_modelgloss_summary_tables_jpg	99	0.5372643162204762
native	gemini25flashlite_tsez_grammar_original_modelgloss_summary_tables_txt	99	0.5483226383274252
native	gemini25flashlite_tsez_grammar_original_modelgloss_summary_text_txt	99	0.5545008027493351
native	gemini25flashlite_tsez_grammar_original_shot_baseline	99	0.28249849935974736
native	gemini25flashlite_tsez_grammar_original_shot_cheatsheet_jpg	99	0.2590531813676911
native	gemini25flashlite_tsez_grammar_original_shot_cheatsheet_txt	99	0.2667163453920923
native	gemini25flashlite_tsez_grammar_original_shot_pdfpages_impactful_jpg	99	0.24407565277634244
native	gemini25flashlite_tsez_grammar_original_shot_summary_tables_jpg	99	0.2544189930865259
native	gemini25flashlite_tsez_grammar_original_shot_summary_tables_txt	99	0.26596591177612844
native	gemini25flashlite_tsez_grammar_original_shot_summary_text_txt	99	0.2661182609471408
native	qwen35_gitksan_grammar_original_chain_gloss_baseline	37	0.343504594789969
native	qwen35_gitksan_grammar_original_modelgloss_baseline	37	0.5994371425461125
native	qwen35_gitksan_grammar_original_shot_baseline	37	0.33469809913957443
native	qwen35_gitksan_pdf1_brown_original_chain_gloss_cheatsheet_jpg	37	0.3317474230519823
native	qwen35_gitksan_pdf1_brown_original_chain_gloss_cheatsheet_txt	37	0.31244795507675893
native	qwen35_gitksan_pdf1_brown_original_chain_gloss_pdfpages_impactful_jpg	37	0.3080814150539604
native	qwen35_gitksan_pdf1_brown_original_chain_gloss_summary_tables_jpg	37	0.32467255237940196
native	qwen35_gitksan_pdf1_brown_original_chain_gloss_summary_tables_txt	37	0.312394058382189
native	qwen35_gitksan_pdf1_brown_original_chain_gloss_summary_text_txt	37	0.3279937437257251
native	qwen35_gitksan_pdf1_brown_original_modelgloss_cheatsheet_jpg	37	0.5688743889331818
native	qwen35_gitksan_pdf1_brown_original_modelgloss_cheatsheet_txt	37	0.5802285357101543
native	qwen35_gitksan_pdf1_brown_original_modelgloss_pdfpages_impactful_jpg	37	0.6108306581909592
native	qwen35_gitksan_pdf1_brown_original_modelgloss_summary_tables_jpg	37	0.5628506307666367
native	qwen35_gitksan_pdf1_brown_original_modelgloss_summary_tables_txt	37	0.5720318894128542
native	qwen35_gitksan_pdf1_brown_original_modelgloss_summary_text_txt	37	0.5640497916453594
native	qwen35_gitksan_pdf1_brown_original_shot_cheatsheet_jpg	37	0.3365637829174867
native	qwen35_gitksan_pdf1_brown_original_shot_cheatsheet_txt	37	0.321556306972697
native	qwen35_gitksan_pdf1_brown_original_shot_pdfpages_impactful_jpg	37	0.3545282720714002
native	qwen35_gitksan_pdf1_brown_original_shot_summary_tables_jpg	37	0.32652094396384984
native	qwen35_gitksan_pdf1_brown_original_shot_summary_tables_txt	37	0.3339629177306149
native	qwen35_gitksan_pdf1_brown_original_shot_summary_text_txt	37	0.32320421168933045
native	qwen35_gitksan_pdf2_rigsby_original_chain_gloss_cheatsheet_jpg	37	0.3441950437184927
native	qwen35_gitksan_pdf2_rigsby_original_chain_gloss_cheatsheet_txt	37	0.3249322300827181
native	qwen35_gitksan_pdf2_rigsby_original_chain_gloss_pdfpages_impactful_jpg	37	0.320878533092705
native	qwen35_gitksan_pdf2_rigsby_original_chain_gloss_summary_tables_jpg	37	0.3290622685406659
native	qwen35_gitksan_pdf2_rigsby_original_chain_gloss_summary_tables_txt	37	0.34215370787156596
native	qwen35_gitksan_pdf2_rigsby_original_chain_gloss_summary_text_txt	37	0.30591218858151825
native	qwen35_gitksan_pdf2_rigsby_original_modelgloss_cheatsheet_jpg	37	0.57322654852996
native	qwen35_gitksan_pdf2_rigsby_original_modelgloss_cheatsheet_txt	37	0.617203820396114
native	qwen35_gitksan_pdf2_rigsby_original_modelgloss_pdfpages_impactful_jpg	37	0.5719607959727984
native	qwen35_gitksan_pdf2_rigsby_original_modelgloss_summary_tables_jpg	37	0.5836390442139393
native	qwen35_gitksan_pdf2_rigsby_original_modelgloss_summary_tables_txt	37	0.6158362933107324
native	qwen35_gitksan_pdf2_rigsby_original_modelgloss_summary_text_txt	37	0.5743100469982302
native	qwen35_gitksan_pdf2_rigsby_original_shot_cheatsheet_jpg	37	0.3191130209613491
native	qwen35_gitksan_pdf2_rigsby_original_shot_cheatsheet_txt	37	0.31344951769790136
native	qwen35_gitksan_pdf2_rigsby_original_shot_pdfpages_impactful_jpg	37	0.34707088204654485
native	qwen35_gitksan_pdf2_rigsby_original_shot_summary_tables_jpg	37	0.3334990047119759
native	qwen35_gitksan_pdf2_rigsby_original_shot_summary_tables_txt	37	0.32696219513545166
native	qwen35_gitksan_pdf2_rigsby_original_shot_summary_text_txt	37	0.32320165634155273
native	qwen35_lezgi_grammar_cyrillic_chain_gloss_cheatsheet_jpg	87	0.3875420941361066
native	qwen35_lezgi_grammar_cyrillic_chain_gloss_cheatsheet_txt	87	0.37412007975167244
native	qwen35_lezgi_grammar_cyrillic_chain_gloss_summary_tables_jpg	87	0.40105199454159574
native	qwen35_lezgi_grammar_cyrillic_chain_gloss_summary_tables_txt	87	0.3845559982047684
native	qwen35_lezgi_grammar_cyrillic_chain_gloss_summary_text_txt	87	0.38513482952940054
native	qwen35_lezgi_grammar_cyrillic_modelgloss_cheatsheet_jpg	87	0.5319113817023134
native	qwen35_lezgi_grammar_cyrillic_modelgloss_cheatsheet_txt	87	0.5153782809602803
native	qwen35_lezgi_grammar_cyrillic_modelgloss_summary_tables_jpg	87	0.5335936416154621
native	qwen35_lezgi_grammar_cyrillic_modelgloss_summary_tables_txt	87	0.5252252728089519
native	qwen35_lezgi_grammar_cyrillic_modelgloss_summary_text_txt	87	0.5246381328023714
native	qwen35_lezgi_grammar_cyrillic_shot_cheatsheet_jpg	87	0.4003943011335943
native	qwen35_lezgi_grammar_cyrillic_shot_cheatsheet_txt	87	0.38936874835655605
native	qwen35_lezgi_grammar_cyrillic_shot_summary_tables_jpg	87	0.3937995536574002
native	qwen35_lezgi_grammar_cyrillic_shot_summary_tables_txt	87	0.3834945922610403
native	qwen35_lezgi_grammar_cyrillic_shot_summary_text_txt	87	0.3710429507425462
native	qwen35_lezgi_grammar_original_chain_gloss_baseline	87	0.39223810722087993
native	qwen35_lezgi_grammar_original_chain_gloss_cheatsheet_jpg	87	0.38398223789944047
native	qwen35_lezgi_grammar_original_chain_gloss_cheatsheet_txt	87	0.37956256068300925
native	qwen35_lezgi_grammar_original_chain_gloss_pdfpages_impactful_jpg	87	0.3838137749625348
native	qwen35_lezgi_grammar_original_chain_gloss_summary_tables_jpg	87	0.3987812041893773
native	qwen35_lezgi_grammar_original_chain_gloss_summary_tables_txt	87	0.378381682024605
native	qwen35_lezgi_grammar_original_chain_gloss_summary_text_txt	87	0.3785921544179149
native	qwen35_lezgi_grammar_original_modelgloss_baseline	87	0.5485955918657368
native	qwen35_lezgi_grammar_original_modelgloss_cheatsheet_jpg	87	0.5315366668262701
native	qwen35_lezgi_grammar_original_modelgloss_cheatsheet_txt	87	0.5198299004428688
native	qwen35_lezgi_grammar_original_modelgloss_pdfpages_impactful_jpg	87	0.5366980066929741
native	qwen35_lezgi_grammar_original_modelgloss_summary_tables_jpg	87	0.5259128750740797
native	qwen35_lezgi_grammar_original_modelgloss_summary_tables_txt	87	0.5198930049764698
native	qwen35_lezgi_grammar_original_modelgloss_summary_text_txt	87	0.5331389809819473
native	qwen35_lezgi_grammar_original_shot_baseline	87	0.3964509289155061
native	qwen35_lezgi_grammar_original_shot_cheatsheet_jpg	87	0.38789858266539956
native	qwen35_lezgi_grammar_original_shot_cheatsheet_txt	87	0.3833237254414065
native	qwen35_lezgi_grammar_original_shot_pdfpages_impactful_jpg	87	0.3880358764837528
native	qwen35_lezgi_grammar_original_shot_summary_tables_jpg	87	0.39698416611243936
native	qwen35_lezgi_grammar_original_shot_summary_tables_txt	87	0.38296581171024807
native	qwen35_lezgi_grammar_original_shot_summary_text_txt	87	0.35870073701458416
native	qwen35_natugu_grammar_original_chain_gloss_baseline	99	0.3025659352089419
native	qwen35_natugu_grammar_original_chain_gloss_cheatsheet_jpg	99	0.2950205288150094
native	qwen35_natugu_grammar_original_chain_gloss_cheatsheet_txt	99	0.28311034133940033
native	qwen35_natugu_grammar_original_chain_gloss_pdfpages_impactful_jpg	99	0.2935584109238904
native	qwen35_natugu_grammar_original_chain_gloss_summary_tables_jpg	99	0.286232393197339
native	qwen35_natugu_grammar_original_chain_gloss_summary_tables_txt	99	0.2740993481693846
native	qwen35_natugu_grammar_original_chain_gloss_summary_text_txt	99	0.28932852651735746
native	qwen35_natugu_grammar_original_modelgloss_baseline	99	0.5503121537692619
native	qwen35_natugu_grammar_original_modelgloss_cheatsheet_jpg	99	0.5400511447829429
native	qwen35_natugu_grammar_original_modelgloss_cheatsheet_txt	99	0.5530565776909241
native	qwen35_natugu_grammar_original_modelgloss_pdfpages_impactful_jpg	99	0.5431017270593932
native	qwen35_natugu_grammar_original_modelgloss_summary_tables_jpg	99	0.543738364420756
native	qwen35_natugu_grammar_original_modelgloss_summary_tables_txt	99	0.5306343881770818
native	qwen35_natugu_grammar_original_modelgloss_summary_text_txt	99	0.5331859338765192
native	qwen35_natugu_grammar_original_shot_baseline	99	0.3039759143133356
native	qwen35_natugu_grammar_original_shot_cheatsheet_jpg	99	0.2937170428158057
native	qwen35_natugu_grammar_original_shot_cheatsheet_txt	99	0.29958626372043534
native	qwen35_natugu_grammar_original_shot_pdfpages_impactful_jpg	99	0.2978049098241209
native	qwen35_natugu_grammar_original_shot_summary_tables_jpg	99	0.2944911104260069
native	qwen35_natugu_grammar_original_shot_summary_tables_txt	99	0.3033215081450915
native	qwen35_natugu_grammar_original_shot_summary_text_txt	99	0.30060789922271114
native	qwen35_tsez_grammar_original_chain_gloss_baseline	445	0.23314442925908593
native	qwen35_tsez_grammar_original_chain_gloss_cheatsheet_jpg	445	0.2319428335079986
native	qwen35_tsez_grammar_original_chain_gloss_cheatsheet_txt	445	0.22773448670848032
native	qwen35_tsez_grammar_original_chain_gloss_pdfpages_impactful_jpg	445	0.2335470678766122
native	qwen35_tsez_grammar_original_chain_gloss_summary_tables_jpg	445	0.23248701380209977
native	qwen35_tsez_grammar_original_chain_gloss_summary_tables_txt	445	0.22647680261831604
native	qwen35_tsez_grammar_original_chain_gloss_summary_text_txt	445	0.2312894640009055
native	qwen35_tsez_grammar_original_modelgloss_baseline	445	0.5106059239821488
native	qwen35_tsez_grammar_original_modelgloss_cheatsheet_jpg	445	0.49653914952546024
native	qwen35_tsez_grammar_original_modelgloss_cheatsheet_txt	445	0.4939113424065408
native	qwen35_tsez_grammar_original_modelgloss_pdfpages_impactful_jpg	445	0.48713536766472826
native	qwen35_tsez_grammar_original_modelgloss_summary_tables_jpg	445	0.49582587463802164
native	qwen35_tsez_grammar_original_modelgloss_summary_tables_txt	445	0.5013640914237901
native	qwen35_tsez_grammar_original_modelgloss_summary_text_txt	445	0.4935302627722869
native	qwen35_tsez_grammar_original_shot_baseline	445	0.24828060985950942
native	qwen35_tsez_grammar_original_shot_cheatsheet_jpg	445	0.24683578265516945
native	qwen35_tsez_grammar_original_shot_cheatsheet_txt	445	0.247114569869604
native	qwen35_tsez_grammar_original_shot_pdfpages_impactful_jpg	445	0.2458834807859378
native	qwen35_tsez_grammar_original_shot_summary_tables_jpg	445	0.23961186030607545
native	qwen35_tsez_grammar_original_shot_summary_tables_txt	445	0.24686147282632548
native	qwen35_tsez_grammar_original_shot_summary_text_txt	445	0.24920676819394144
native	qwen3_gitksan_grammar_original_chain_gloss_baseline	37	0.2902060106799409
native	qwen3_gitksan_grammar_original_modelgloss_baseline	37	0.5397974252700806
native	qwen3_gitksan_grammar_original_shot_baseline	37	0.35267808469566136
native	qwen3_gitksan_pdf1_brown_original_chain_gloss_cheatsheet_jpg	37	0.3080215361472723
native	qwen3_gitksan_pdf1_brown_original_chain_gloss_cheatsheet_txt	37	0.300239468345771
native	qwen3_gitksan_pdf1_brown_original_chain_gloss_pdfpages_impactful_jpg	37	0.31735362474982803
native	qwen3_gitksan_pdf1_brown_original_chain_gloss_summary_tables_jpg	37	0.3040838148948309
native	qwen3_gitksan_pdf1_brown_original_chain_gloss_summary_tables_txt	37	0.3265965653432382
native	qwen3_gitksan_pdf1_brown_original_chain_gloss_summary_text_txt	37	0.3199360167255273
native	qwen3_gitksan_pdf1_brown_original_modelgloss_cheatsheet_jpg	37	0.5663803300342044
native	qwen3_gitksan_pdf1_brown_original_modelgloss_cheatsheet_txt	37	0.5843668459235011
native	qwen3_gitksan_pdf1_brown_original_modelgloss_pdfpages_impactful_jpg	37	0.5403142023730922
native	qwen3_gitksan_pdf1_brown_original_modelgloss_summary_tables_jpg	37	0.5385301088964617
native	qwen3_gitksan_pdf1_brown_original_modelgloss_summary_tables_txt	37	0.5540242420660483
native	qwen3_gitksan_pdf1_brown_original_modelgloss_summary_text_txt	37	0.588666320249841
native	qwen3_gitksan_pdf1_brown_original_shot_cheatsheet_jpg	37	0.34350749950956655
native	qwen3_gitksan_pdf1_brown_original_shot_cheatsheet_txt	37	0.3518444936017732
native	qwen3_gitksan_pdf1_brown_original_shot_pdfpages_impactful_jpg	37	0.35949656488122167
native	qwen3_gitksan_pdf1_brown_original_shot_summary_tables_jpg	37	0.346455721033586
native	qwen3_gitksan_pdf1_brown_original_shot_summary_tables_txt	37	0.32452372159506826
native	qwen3_gitksan_pdf1_brown_original_shot_summary_text_txt	37	0.34688313466471593
native	qwen3_gitksan_pdf2_rigsby_original_chain_gloss_cheatsheet_jpg	37	0.29822300334234497
native	qwen3_gitksan_pdf2_rigsby_original_chain_gloss_cheatsheet_txt	37	0.28596904753027735
native	qwen3_gitksan_pdf2_rigsby_original_chain_gloss_pdfpages_impactful_jpg	37	0.3155337882203025
native	qwen3_gitksan_pdf2_rigsby_original_chain_gloss_summary_tables_jpg	37	0.3217131539776519
native	qwen3_gitksan_pdf2_rigsby_original_chain_gloss_summary_tables_txt	37	0.3051899868894268
native	qwen3_gitksan_pdf2_rigsby_original_chain_gloss_summary_text_txt	37	0.29527994225154053
native	qwen3_gitksan_pdf2_rigsby_original_modelgloss_cheatsheet_jpg	37	0.5547407233231777
native	qwen3_gitksan_pdf2_rigsby_original_modelgloss_cheatsheet_txt	37	0.5749706388325304
native	qwen3_gitksan_pdf2_rigsby_original_modelgloss_pdfpages_impactful_jpg	37	0.5690253759558136
native	qwen3_gitksan_pdf2_rigsby_original_modelgloss_summary_tables_jpg	37	0.562048754176578
native	qwen3_gitksan_pdf2_rigsby_original_modelgloss_summary_tables_txt	37	0.5529427037045762
native	qwen3_gitksan_pdf2_rigsby_original_modelgloss_summary_text_txt	37	0.5641743556873219
native	qwen3_gitksan_pdf2_rigsby_original_shot_cheatsheet_jpg	37	0.3326690402385351
native	qwen3_gitksan_pdf2_rigsby_original_shot_cheatsheet_txt	37	0.3525841054884163
native	qwen3_gitksan_pdf2_rigsby_original_shot_pdfpages_impactful_jpg	37	0.3473122160176973
native	qwen3_gitksan_pdf2_rigsby_original_shot_summary_tables_jpg	37	0.3350626887703264
native	qwen3_gitksan_pdf2_rigsby_original_shot_summary_tables_txt	37	0.3188668984819103
native	qwen3_gitksan_pdf2_rigsby_original_shot_summary_text_txt	37	0.32546969160840317
native	qwen3_lezgi_grammar_cyrillic_chain_gloss_cheatsheet_jpg	87	0.335546242094588
native	qwen3_lezgi_grammar_cyrillic_chain_gloss_cheatsheet_txt	87	0.328437640749175
native	qwen3_lezgi_grammar_cyrillic_chain_gloss_summary_tables_jpg	87	0.317479214106483
native	qwen3_lezgi_grammar_cyrillic_chain_gloss_summary_tables_txt	87	0.32267770291059866
native	qwen3_lezgi_grammar_cyrillic_chain_gloss_summary_text_txt	87	0.31677405553302546
native	qwen3_lezgi_grammar_cyrillic_modelgloss_cheatsheet_jpg	87	0.5087635929899654
native	qwen3_lezgi_grammar_cyrillic_modelgloss_cheatsheet_txt	87	0.5268770745773425
native	qwen3_lezgi_grammar_cyrillic_modelgloss_summary_tables_jpg	87	0.5088966392922676
native	qwen3_lezgi_grammar_cyrillic_modelgloss_summary_tables_txt	87	0.5149699675625768
native	qwen3_lezgi_grammar_cyrillic_modelgloss_summary_text_txt	87	0.5158075328873492
native	qwen3_lezgi_grammar_cyrillic_shot_cheatsheet_jpg	87	0.3463710106309803
native	qwen3_lezgi_grammar_cyrillic_shot_cheatsheet_txt	87	0.32468057706438264
native	qwen3_lezgi_grammar_cyrillic_shot_summary_tables_jpg	87	0.3437889500938613
native	qwen3_lezgi_grammar_cyrillic_shot_summary_tables_txt	87	0.3376229801054659
native	qwen3_lezgi_grammar_cyrillic_shot_summary_text_txt	87	0.3372437236295349
native	qwen3_lezgi_grammar_original_chain_gloss_baseline	87	0.3508816087382963
native	qwen3_lezgi_grammar_original_chain_gloss_cheatsheet_jpg	87	0.345334270390971
native	qwen3_lezgi_grammar_original_chain_gloss_cheatsheet_txt	87	0.33187923828760785
native	qwen3_lezgi_grammar_original_chain_gloss_pdfpages_impactful_jpg	87	0.31874177373688795
native	qwen3_lezgi_grammar_original_chain_gloss_summary_tables_jpg	87	0.3255656657890342
native	qwen3_lezgi_grammar_original_chain_gloss_summary_tables_txt	87	0.3232330061580943
native	qwen3_lezgi_grammar_original_chain_gloss_summary_text_txt	87	0.32882454477507495
native	qwen3_lezgi_grammar_original_modelgloss_baseline	87	0.504167035564609
native	qwen3_lezgi_grammar_original_modelgloss_cheatsheet_jpg	87	0.5148562807803867
native	qwen3_lezgi_grammar_original_modelgloss_cheatsheet_txt	87	0.5321677844414766
native	qwen3_lezgi_grammar_original_modelgloss_pdfpages_impactful_jpg	87	0.5013353341612322
native	qwen3_lezgi_grammar_original_modelgloss_summary_tables_jpg	87	0.5134615903270656
native	qwen3_lezgi_grammar_original_modelgloss_summary_tables_txt	87	0.5128883580709326
native	qwen3_lezgi_grammar_original_modelgloss_summary_text_txt	87	0.5221834470485819
native	qwen3_lezgi_grammar_original_shot_baseline	87	0.35217065937902736
native	qwen3_lezgi_grammar_original_shot_cheatsheet_jpg	87	0.3509211057219012
native	qwen3_lezgi_grammar_original_shot_cheatsheet_txt	87	0.3411772062723664
native	qwen3_lezgi_grammar_original_shot_pdfpages_impactful_jpg	87	0.34113719442795065
native	qwen3_lezgi_grammar_original_shot_summary_tables_jpg	87	0.34301493530985955
native	qwen3_lezgi_grammar_original_shot_summary_tables_txt	87	0.330306436481147
native	qwen3_lezgi_grammar_original_shot_summary_text_txt	87	0.3344880500059018
native	qwen3_natugu_grammar_original_chain_gloss_baseline	99	0.295575185857638
native	qwen3_natugu_grammar_original_chain_gloss_cheatsheet_jpg	99	0.3018975546865752
native	qwen3_natugu_grammar_original_chain_gloss_cheatsheet_txt	99	0.29995594557487604
native	qwen3_natugu_grammar_original_chain_gloss_pdfpages_impactful_jpg	99	0.2737395537622047
native	qwen3_natugu_grammar_original_chain_gloss_summary_tables_jpg	99	0.29359108239713344
native	qwen3_natugu_grammar_original_chain_gloss_summary_tables_txt	99	0.30294655368785667
native	qwen3_natugu_grammar_original_chain_gloss_summary_text_txt	99	0.312452894870681
native	qwen3_natugu_grammar_original_modelgloss_baseline	99	0.5121238376155044
native	qwen3_natugu_grammar_original_modelgloss_cheatsheet_jpg	99	0.5236083937413765
native	qwen3_natugu_grammar_original_modelgloss_cheatsheet_txt	99	0.5147889959390717
native	qwen3_natugu_grammar_original_modelgloss_pdfpages_impactful_jpg	99	0.5070376322425977
native	qwen3_natugu_grammar_original_modelgloss_summary_tables_jpg	99	0.520826604631212
native	qwen3_natugu_grammar_original_modelgloss_summary_tables_txt	99	0.5222879302020025
native	qwen3_natugu_grammar_original_modelgloss_summary_text_txt	99	0.5321489885599926
native	qwen3_natugu_grammar_original_shot_baseline	99	0.31089694496959147
native	qwen3_natugu_grammar_original_shot_cheatsheet_jpg	99	0.3145747378920064
native	qwen3_natugu_grammar_original_shot_cheatsheet_txt	99	0.3211961943994869
native	qwen3_natugu_grammar_original_shot_pdfpages_impactful_jpg	99	0.32216389296632825
native	qwen3_natugu_grammar_original_shot_summary_tables_jpg	99	0.3068915766597998
native	qwen3_natugu_grammar_original_shot_summary_tables_txt	99	0.3162791123895934
native	qwen3_natugu_grammar_original_shot_summary_text_txt	99	0.3176423008694793
native	qwen3_tsez_grammar_original_chain_gloss_baseline	445	0.23749074982793145
native	qwen3_tsez_grammar_original_chain_gloss_cheatsheet_jpg	445	0.22847293059477644
native	qwen3_tsez_grammar_original_chain_gloss_cheatsheet_txt	445	0.23579280453451565
native	qwen3_tsez_grammar_original_chain_gloss_pdfpages_impactful_jpg	445	0.22908797635791006
native	qwen3_tsez_grammar_original_chain_gloss_summary_tables_jpg	445	0.22512514156739363
native	qwen3_tsez_grammar_original_chain_gloss_summary_tables_txt	445	0.23236456446433335
native	qwen3_tsez_grammar_original_chain_gloss_summary_text_txt	445	0.2329702934857165
native	qwen3_tsez_grammar_original_modelgloss_baseline	445	0.4855870847956518
native	qwen3_tsez_grammar_original_modelgloss_cheatsheet_jpg	445	0.48719780388173095
native	qwen3_tsez_grammar_original_modelgloss_cheatsheet_txt	445	0.48450645409273296
native	qwen3_tsez_grammar_original_modelgloss_pdfpages_impactful_jpg	445	0.4698460462890314
native	qwen3_tsez_grammar_original_modelgloss_summary_tables_jpg	445	0.48376740284180375
native	qwen3_tsez_grammar_original_modelgloss_summary_tables_txt	445	0.4913023677434814
native	qwen3_tsez_grammar_original_modelgloss_summary_text_txt	445	0.48101426679431725
native	qwen3_tsez_grammar_original_shot_baseline	445	0.25331548778863433
native	qwen3_tsez_grammar_original_shot_cheatsheet_jpg	445	0.23834403538971805
native	qwen3_tsez_grammar_original_shot_cheatsheet_txt	445	0.24291495491614504
native	qwen3_tsez_grammar_original_shot_pdfpages_impactful_jpg	445	0.23431284971786348
native	qwen3_tsez_grammar_original_shot_summary_tables_jpg	445	0.23789912174257
native	qwen3_tsez_grammar_original_shot_summary_tables_txt	445	0.24514852397227554
native	qwen3_tsez_grammar_original_shot_summary_text_txt	445	0.24085088171315996
common99	gemini25flashlite_gitksan_grammar_original_chain_gloss_baseline	37	0.3682114727593757
common99	gemini25flashlite_gitksan_grammar_original_modelgloss_baseline	37	0.621221017595884
common99	gemini25flashlite_gitksan_grammar_original_shot_baseline	37	0.410554700203844
common99	gemini25flashlite_gitksan_pdf1_brown_original_chain_gloss_cheatsheet_jpg	37	0.380864175993043
common99	gemini25flashlite_gitksan_pdf1_brown_original_chain_gloss_cheatsheet_txt	37	0.4042136061030465
common99	gemini25flashlite_gitksan_pdf1_brown_original_chain_gloss_pdfpages_impactful_jpg	37	0.3587539715541376
common99	gemini25flashlite_gitksan_pdf1_brown_original_chain_gloss_summary_tables_jpg	37	0.3568547476787825
common99	gemini25flashlite_gitksan_pdf1_brown_original_chain_gloss_summary_tables_txt	37	0.4118246021302971
common99	gemini25flashlite_gitksan_pdf1_brown_original_chain_gloss_summary_text_txt	37	0.3900170608146771
common99	gemini25flashlite_gitksan_pdf1_brown_original_modelgloss_cheatsheet_jpg	37	0.6201648220822618
common99	gemini25flashlite_gitksan_pdf1_brown_original_modelgloss_cheatsheet_txt	37	0.6130302121510377
common99	gemini25flashlite_gitksan_pdf1_brown_original_modelgloss_pdfpages_impactful_jpg	37	0.6098358808337031
common99	gemini25flashlite_gitksan_pdf1_brown_original_modelgloss_summary_tables_jpg	37	0.6184286732931394
common99	gemini25flashlite_gitksan_pdf1_brown_original_modelgloss_summary_tables_txt	37	0.6152153377597397
common99	gemini25flashlite_gitksan_pdf1_brown_original_modelgloss_summary_text_txt	37	0.6011472996827718
common99	gemini25flashlite_gitksan_pdf1_brown_original_shot_cheatsheet_jpg	37	0.38395725875287445
common99	gemini25flashlite_gitksan_pdf1_brown_original_shot_cheatsheet_txt	37	0.4087952596915735
common99	gemini25flashlite_gitksan_pdf1_brown_original_shot_pdfpages_impactful_jpg	37	0.362352575200635
common99	gemini25flashlite_gitksan_pdf1_brown_original_shot_summary_tables_jpg	37	0.38720745452352473
common99	gemini25flashlite_gitksan_pdf1_brown_original_shot_summary_tables_txt	37	0.3799235494555654
common99	gemini25flashlite_gitksan_pdf1_brown_original_shot_summary_text_txt	37	0.3979660784070556
common99	gemini25flashlite_gitksan_pdf2_rigsby_original_chain_gloss_cheatsheet_jpg	37	0.3626289057570535
common99	gemini25flashlite_gitksan_pdf2_rigsby_original_chain_gloss_cheatsheet_txt	37	0.37922179255936594
common99	gemini25flashlite_gitksan_pdf2_rigsby_original_chain_gloss_pdfpages_impactful_jpg	37	0.3641954857755352
common99	gemini25flashlite_gitksan_pdf2_rigsby_original_chain_gloss_summary_tables_jpg	37	0.37027044916475144
common99	gemini25flashlite_gitksan_pdf2_rigsby_original_chain_gloss_summary_tables_txt	37	0.3857077521246833
common99	gemini25flashlite_gitksan_pdf2_rigsby_original_chain_gloss_summary_text_txt	37	0.3939428196565525
common99	gemini25flashlite_gitksan_pdf2_rigsby_original_modelgloss_cheatsheet_jpg	37	0.6231057974132331
common99	gemini25flashlite_gitksan_pdf2_rigsby_original_modelgloss_cheatsheet_txt	37	0.6016450016885191
common99	gemini25flashlite_gitksan_pdf2_rigsby_original_modelgloss_pdfpages_impactful_jpg	37	0.5880427521628302
common99	gemini25flashlite_gitksan_pdf2_rigsby_original_modelgloss_summary_tables_jpg	37	0.5981713936135575
common99	gemini25flashlite_gitksan_pdf2_rigsby_original_modelgloss_summary_tables_txt	37	0.6233021536388913
common99	gemini25flashlite_gitksan_pdf2_rigsby_original_modelgloss_summary_text_txt	37	0.6307065559400095
common99	gemini25flashlite_gitksan_pdf2_rigsby_original_shot_cheatsheet_jpg	37	0.4067017786406182
common99	gemini25flashlite_gitksan_pdf2_rigsby_original_shot_cheatsheet_txt	37	0.38228365255368724
common99	gemini25flashlite_gitksan_pdf2_rigsby_original_shot_pdfpages_impactful_jpg	37	0.36184239145871755
common99	gemini25flashlite_gitksan_pdf2_rigsby_original_shot_summary_tables_jpg	37	0.39767869541773926
common99	gemini25flashlite_gitksan_pdf2_rigsby_original_shot_summary_tables_txt	37	0.3925404000926662
common99	gemini25flashlite_gitksan_pdf2_rigsby_original_shot_summary_text_txt	37	0.3833668070870477
common99	gemini25flashlite_lezgi_grammar_cyrillic_chain_gloss_cheatsheet_jpg	87	0.5102100815923735
common99	gemini25flashlite_lezgi_grammar_cyrillic_chain_gloss_cheatsheet_txt	87	0.48661454912574814
common99	gemini25flashlite_lezgi_grammar_cyrillic_chain_gloss_summary_tables_jpg	87	0.5078605613831816
common99	gemini25flashlite_lezgi_grammar_cyrillic_chain_gloss_summary_tables_txt	87	0.4847795057228242
common99	gemini25flashlite_lezgi_grammar_cyrillic_chain_gloss_summary_text_txt	87	0.47014152404220627
common99	gemini25flashlite_lezgi_grammar_cyrillic_modelgloss_cheatsheet_jpg	87	0.5725508760446789
common99	gemini25flashlite_lezgi_grammar_cyrillic_modelgloss_cheatsheet_txt	87	0.5648843865284975
common99	gemini25flashlite_lezgi_grammar_cyrillic_modelgloss_summary_tables_jpg	87	0.5719695019310919
common99	gemini25flashlite_lezgi_grammar_cyrillic_modelgloss_summary_tables_txt	87	0.5632730602532968
common99	gemini25flashlite_lezgi_grammar_cyrillic_modelgloss_summary_text_txt	87	0.5532038299174145
common99	gemini25flashlite_lezgi_grammar_cyrillic_shot_cheatsheet_jpg	87	0.5197681466053272
common99	gemini25flashlite_lezgi_grammar_cyrillic_shot_cheatsheet_txt	87	0.47914867736827366
common99	gemini25flashlite_lezgi_grammar_cyrillic_shot_summary_tables_jpg	87	0.520023529556976
common99	gemini25flashlite_lezgi_grammar_cyrillic_shot_summary_tables_txt	87	0.4756126914216184
common99	gemini25flashlite_lezgi_grammar_cyrillic_shot_summary_text_txt	87	0.49243289540553914
common99	gemini25flashlite_lezgi_grammar_original_chain_gloss_baseline	87	0.5023139900174635
common99	gemini25flashlite_lezgi_grammar_original_chain_gloss_cheatsheet_jpg	87	0.49636988067763976
common99	gemini25flashlite_lezgi_grammar_original_chain_gloss_cheatsheet_txt	87	0.485058954049801
common99	gemini25flashlite_lezgi_grammar_original_chain_gloss_pdfpages_impactful_jpg	87	0.5098929415489065
common99	gemini25flashlite_lezgi_grammar_original_chain_gloss_summary_tables_jpg	87	0.4923006070071253
common99	gemini25flashlite_lezgi_grammar_original_chain_gloss_summary_tables_txt	87	0.4767232744515627
common99	gemini25flashlite_lezgi_grammar_original_chain_gloss_summary_text_txt	87	0.4716155311499519
common99	gemini25flashlite_lezgi_grammar_original_modelgloss_baseline	87	0.570692633417831
common99	gemini25flashlite_lezgi_grammar_original_modelgloss_cheatsheet_jpg	87	0.5598757427999344
common99	gemini25flashlite_lezgi_grammar_original_modelgloss_cheatsheet_txt	87	0.5630990849144157
common99	gemini25flashlite_lezgi_grammar_original_modelgloss_pdfpages_impactful_jpg	87	0.5705135856894241
common99	gemini25flashlite_lezgi_grammar_original_modelgloss_summary_tables_jpg	87	0.5773456987293287
common99	gemini25flashlite_lezgi_grammar_original_modelgloss_summary_tables_txt	87	0.5604021597182614
common99	gemini25flashlite_lezgi_grammar_original_modelgloss_summary_text_txt	87	0.5461910099818789
common99	gemini25flashlite_lezgi_grammar_original_shot_baseline	87	0.5153911949574262
common99	gemini25flashlite_lezgi_grammar_original_shot_cheatsheet_jpg	87	0.5021940659860085
common99	gemini25flashlite_lezgi_grammar_original_shot_cheatsheet_txt	87	0.4868335436130392
common99	gemini25flashlite_lezgi_grammar_original_shot_pdfpages_impactful_jpg	87	0.5129208340384495
common99	gemini25flashlite_lezgi_grammar_original_shot_summary_tables_jpg	87	0.5224069511068279
common99	gemini25flashlite_lezgi_grammar_original_shot_summary_tables_txt	87	0.4815086359265207
common99	gemini25flashlite_lezgi_grammar_original_shot_summary_text_txt	87	0.4882288641970733
common99	gemini25flashlite_natugu_grammar_original_chain_gloss_baseline	99	0.32406495240601624
common99	gemini25flashlite_natugu_grammar_original_chain_gloss_cheatsheet_jpg	99	0.32813748190499314
common99	gemini25flashlite_natugu_grammar_original_chain_gloss_cheatsheet_txt	99	0.3205256121929246
common99	gemini25flashlite_natugu_grammar_original_chain_gloss_pdfpages_impactful_jpg	99	0.3049168275161223
common99	gemini25flashlite_natugu_grammar_original_chain_gloss_summary_tables_jpg	99	0.323275542319423
common99	gemini25flashlite_natugu_grammar_original_chain_gloss_summary_tables_txt	99	0.3200677353324312
common99	gemini25flashlite_natugu_grammar_original_chain_gloss_summary_text_txt	99	0.31223930839938346
common99	gemini25flashlite_natugu_grammar_original_modelgloss_baseline	99	0.5675372171281564
common99	gemini25flashlite_natugu_grammar_original_modelgloss_cheatsheet_jpg	99	0.5572570438938912
common99	gemini25flashlite_natugu_grammar_original_modelgloss_cheatsheet_txt	99	0.5631356972335565
common99	gemini25flashlite_natugu_grammar_original_modelgloss_pdfpages_impactful_jpg	99	0.5525702009297381
common99	gemini25flashlite_natugu_grammar_original_modelgloss_summary_tables_jpg	99	0.5564815471268664
common99	gemini25flashlite_natugu_grammar_original_modelgloss_summary_tables_txt	99	0.5556301090753439
common99	gemini25flashlite_natugu_grammar_original_modelgloss_summary_text_txt	99	0.5550223756017107
common99	gemini25flashlite_natugu_grammar_original_shot_baseline	99	0.3440762123074194
common99	gemini25flashlite_natugu_grammar_original_shot_cheatsheet_jpg	99	0.34015011682052804
common99	gemini25flashlite_natugu_grammar_original_shot_cheatsheet_txt	99	0.34362910311631484
common99	gemini25flashlite_natugu_grammar_original_shot_pdfpages_impactful_jpg	99	0.30472392506069607
common99	gemini25flashlite_natugu_grammar_original_shot_summary_tables_jpg	99	0.3234165404180084
common99	gemini25flashlite_natugu_grammar_original_shot_summary_tables_txt	99	0.3324255556470216
common99	gemini25flashlite_natugu_grammar_original_shot_summary_text_txt	99	0.352987737667681
common99	gemini25flashlite_tsez_grammar_original_chain_gloss_baseline	99	0.2821491172518393
common99	gemini25flashlite_tsez_grammar_original_chain_gloss_cheatsheet_jpg	99	0.2907266497913033
common99	gemini25flashlite_tsez_grammar_original_chain_gloss_cheatsheet_txt	99	0.2678634370065699
common99	gemini25flashlite_tsez_grammar_original_chain_gloss_pdfpages_impactful_jpg	99	0.2750670670559912
common99	gemini25flashlite_tsez_grammar_original_chain_gloss_summary_tables_jpg	99	0.27724668955562093
common99	gemini25flashlite_tsez_grammar_original_chain_gloss_summary_tables_txt	99	0.27408623860941994
common99	gemini25flashlite_tsez_grammar_original_chain_gloss_summary_text_txt	99	0.2899839148075894
common99	gemini25flashlite_tsez_grammar_original_modelgloss_baseline	99	0.5499896604304362
common99	gemini25flashlite_tsez_grammar_original_modelgloss_cheatsheet_jpg	99	0.5446017811996768
common99	gemini25flashlite_tsez_grammar_original_modelgloss_cheatsheet_txt	99	0.55650998621878
common99	gemini25flashlite_tsez_grammar_original_modelgloss_pdfpages_impactful_jpg	99	0.5205908872262396
common99	gemini25flashlite_tsez_grammar_original_modelgloss_summary_tables_jpg	99	0.5372643162204762
common99	gemini25flashlite_tsez_grammar_original_modelgloss_summary_tables_txt	99	0.5483226383274252
common99	gemini25flashlite_tsez_grammar_original_modelgloss_summary_text_txt	99	0.5545008027493351
common99	gemini25flashlite_tsez_grammar_original_shot_baseline	99	0.28249849935974736
common99	gemini25flashlite_tsez_grammar_original_shot_cheatsheet_jpg	99	0.2590531813676911
common99	gemini25flashlite_tsez_grammar_original_shot_cheatsheet_txt	99	0.2667163453920923
common99	gemini25flashlite_tsez_grammar_original_shot_pdfpages_impactful_jpg	99	0.24407565277634244
common99	gemini25flashlite_tsez_grammar_original_shot_summary_tables_jpg	99	0.2544189930865259
common99	gemini25flashlite_tsez_grammar_original_shot_summary_tables_txt	99	0.26596591177612844
common99	gemini25flashlite_tsez_grammar_original_shot_summary_text_txt	99	0.2661182609471408
common99	qwen35_gitksan_grammar_original_chain_gloss_baseline	37	0.343504594789969
common99	qwen35_gitksan_grammar_original_modelgloss_baseline	37	0.5994371425461125
common99	qwen35_gitksan_grammar_original_shot_baseline	37	0.33469809913957443
common99	qwen35_gitksan_pdf1_brown_original_chain_gloss_cheatsheet_jpg	37	0.3317474230519823
common99	qwen35_gitksan_pdf1_brown_original_chain_gloss_cheatsheet_txt	37	0.31244795507675893
common99	qwen35_gitksan_pdf1_brown_original_chain_gloss_pdfpages_impactful_jpg	37	0.3080814150539604
common99	qwen35_gitksan_pdf1_brown_original_chain_gloss_summary_tables_jpg	37	0.32467255237940196
common99	qwen35_gitksan_pdf1_brown_original_chain_gloss_summary_tables_txt	37	0.312394058382189
common99	qwen35_gitksan_pdf1_brown_original_chain_gloss_summary_text_txt	37	0.3279937437257251
common99	qwen35_gitksan_pdf1_brown_original_modelgloss_cheatsheet_jpg	37	0.5688743889331818
common99	qwen35_gitksan_pdf1_brown_original_modelgloss_cheatsheet_txt	37	0.5802285357101543
common99	qwen35_gitksan_pdf1_brown_original_modelgloss_pdfpages_impactful_jpg	37	0.6108306581909592
common99	qwen35_gitksan_pdf1_brown_original_modelgloss_summary_tables_jpg	37	0.5628506307666367
common99	qwen35_gitksan_pdf1_brown_original_modelgloss_summary_tables_txt	37	0.5720318894128542
common99	qwen35_gitksan_pdf1_brown_original_modelgloss_summary_text_txt	37	0.5640497916453594
common99	qwen35_gitksan_pdf1_brown_original_shot_cheatsheet_jpg	37	0.3365637829174867
common99	qwen35_gitksan_pdf1_brown_original_shot_cheatsheet_txt	37	0.321556306972697
common99	qwen35_gitksan_pdf1_brown_original_shot_pdfpages_impactful_jpg	37	0.3545282720714002
common99	qwen35_gitksan_pdf1_brown_original_shot_summary_tables_jpg	37	0.32652094396384984
common99	qwen35_gitksan_pdf1_brown_original_shot_summary_tables_txt	37	0.3339629177306149
common99	qwen35_gitksan_pdf1_brown_original_shot_summary_text_txt	37	0.32320421168933045
common99	qwen35_gitksan_pdf2_rigsby_original_chain_gloss_cheatsheet_jpg	37	0.3441950437184927
common99	qwen35_gitksan_pdf2_rigsby_original_chain_gloss_cheatsheet_txt	37	0.3249322300827181
common99	qwen35_gitksan_pdf2_rigsby_original_chain_gloss_pdfpages_impactful_jpg	37	0.320878533092705
common99	qwen35_gitksan_pdf2_rigsby_original_chain_gloss_summary_tables_jpg	37	0.3290622685406659
common99	qwen35_gitksan_pdf2_rigsby_original_chain_gloss_summary_tables_txt	37	0.34215370787156596
common99	qwen35_gitksan_pdf2_rigsby_original_chain_gloss_summary_text_txt	37	0.30591218858151825
common99	qwen35_gitksan_pdf2_rigsby_original_modelgloss_cheatsheet_jpg	37	0.57322654852996
common99	qwen35_gitksan_pdf2_rigsby_original_modelgloss_cheatsheet_txt	37	0.617203820396114
common99	qwen35_gitksan_pdf2_rigsby_original_modelgloss_pdfpages_impactful_jpg	37	0.5719607959727984
common99	qwen35_gitksan_pdf2_rigsby_original_modelgloss_summary_tables_jpg	37	0.5836390442139393
common99	qwen35_gitksan_pdf2_rigsby_original_modelgloss_summary_tables_txt	37	0.6158362933107324
common99	qwen35_gitksan_pdf2_rigsby_original_modelgloss_summary_text_txt	37	0.5743100469982302
common99	qwen35_gitksan_pdf2_rigsby_original_shot_cheatsheet_jpg	37	0.3191130209613491
common99	qwen35_gitksan_pdf2_rigsby_original_shot_cheatsheet_txt	37	0.31344951769790136
common99	qwen35_gitksan_pdf2_rigsby_original_shot_pdfpages_impactful_jpg	37	0.34707088204654485
common99	qwen35_gitksan_pdf2_rigsby_original_shot_summary_tables_jpg	37	0.3334990047119759
common99	qwen35_gitksan_pdf2_rigsby_original_shot_summary_tables_txt	37	0.32696219513545166
common99	qwen35_gitksan_pdf2_rigsby_original_shot_summary_text_txt	37	0.32320165634155273
common99	qwen35_lezgi_grammar_cyrillic_chain_gloss_cheatsheet_jpg	87	0.3875420941361066
common99	qwen35_lezgi_grammar_cyrillic_chain_gloss_cheatsheet_txt	87	0.37412007975167244
common99	qwen35_lezgi_grammar_cyrillic_chain_gloss_summary_tables_jpg	87	0.40105199454159574
common99	qwen35_lezgi_grammar_cyrillic_chain_gloss_summary_tables_txt	87	0.3845559982047684
common99	qwen35_lezgi_grammar_cyrillic_chain_gloss_summary_text_txt	87	0.38513482952940054
common99	qwen35_lezgi_grammar_cyrillic_modelgloss_cheatsheet_jpg	87	0.5319113817023134
common99	qwen35_lezgi_grammar_cyrillic_modelgloss_cheatsheet_txt	87	0.5153782809602803
common99	qwen35_lezgi_grammar_cyrillic_modelgloss_summary_tables_jpg	87	0.5335936416154621
common99	qwen35_lezgi_grammar_cyrillic_modelgloss_summary_tables_txt	87	0.5252252728089519
common99	qwen35_lezgi_grammar_cyrillic_modelgloss_summary_text_txt	87	0.5246381328023714
common99	qwen35_lezgi_grammar_cyrillic_shot_cheatsheet_jpg	87	0.4003943011335943
common99	qwen35_lezgi_grammar_cyrillic_shot_cheatsheet_txt	87	0.38936874835655605
common99	qwen35_lezgi_grammar_cyrillic_shot_summary_tables_jpg	87	0.3937995536574002
common99	qwen35_lezgi_grammar_cyrillic_shot_summary_tables_txt	87	0.3834945922610403
common99	qwen35_lezgi_grammar_cyrillic_shot_summary_text_txt	87	0.3710429507425462
common99	qwen35_lezgi_grammar_original_chain_gloss_baseline	87	0.39223810722087993
common99	qwen35_lezgi_grammar_original_chain_gloss_cheatsheet_jpg	87	0.38398223789944047
common99	qwen35_lezgi_grammar_original_chain_gloss_cheatsheet_txt	87	0.37956256068300925
common99	qwen35_lezgi_grammar_original_chain_gloss_pdfpages_impactful_jpg	87	0.3838137749625348
common99	qwen35_lezgi_grammar_original_chain_gloss_summary_tables_jpg	87	0.3987812041893773
common99	qwen35_lezgi_grammar_original_chain_gloss_summary_tables_txt	87	0.378381682024605
common99	qwen35_lezgi_grammar_original_chain_gloss_summary_text_txt	87	0.3785921544179149
common99	qwen35_lezgi_grammar_original_modelgloss_baseline	87	0.5485955918657368
common99	qwen35_lezgi_grammar_original_modelgloss_cheatsheet_jpg	87	0.5315366668262701
common99	qwen35_lezgi_grammar_original_modelgloss_cheatsheet_txt	87	0.5198299004428688
common99	qwen35_lezgi_grammar_original_modelgloss_pdfpages_impactful_jpg	87	0.5366980066929741
common99	qwen35_lezgi_grammar_original_modelgloss_summary_tables_jpg	87	0.5259128750740797
common99	qwen35_lezgi_grammar_original_modelgloss_summary_tables_txt	87	0.5198930049764698
common99	qwen35_lezgi_grammar_original_modelgloss_summary_text_txt	87	0.5331389809819473
common99	qwen35_lezgi_grammar_original_shot_baseline	87	0.3964509289155061
common99	qwen35_lezgi_grammar_original_shot_cheatsheet_jpg	87	0.38789858266539956
common99	qwen35_lezgi_grammar_original_shot_cheatsheet_txt	87	0.3833237254414065
common99	qwen35_lezgi_grammar_original_shot_pdfpages_impactful_jpg	87	0.3880358764837528
common99	qwen35_lezgi_grammar_original_shot_summary_tables_jpg	87	0.39698416611243936
common99	qwen35_lezgi_grammar_original_shot_summary_tables_txt	87	0.38296581171024807
common99	qwen35_lezgi_grammar_original_shot_summary_text_txt	87	0.35870073701458416
common99	qwen35_natugu_grammar_original_chain_gloss_baseline	99	0.3025659352089419
common99	qwen35_natugu_grammar_original_chain_gloss_cheatsheet_jpg	99	0.2950205288150094
common99	qwen35_natugu_grammar_original_chain_gloss_cheatsheet_txt	99	0.28311034133940033
common99	qwen35_natugu_grammar_original_chain_gloss_pdfpages_impactful_jpg	99	0.2935584109238904
common99	qwen35_natugu_grammar_original_chain_gloss_summary_tables_jpg	99	0.286232393197339
common99	qwen35_natugu_grammar_original_chain_gloss_summary_tables_txt	99	0.2740993481693846
common99	qwen35_natugu_grammar_original_chain_gloss_summary_text_txt	99	0.28932852651735746
common99	qwen35_natugu_grammar_original_modelgloss_baseline	99	0.5503121537692619
common99	qwen35_natugu_grammar_original_modelgloss_cheatsheet_jpg	99	0.5400511447829429
common99	qwen35_natugu_grammar_original_modelgloss_cheatsheet_txt	99	0.5530565776909241
common99	qwen35_natugu_grammar_original_modelgloss_pdfpages_impactful_jpg	99	0.5431017270593932
common99	qwen35_natugu_grammar_original_modelgloss_summary_tables_jpg	99	0.543738364420756
common99	qwen35_natugu_grammar_original_modelgloss_summary_tables_txt	99	0.5306343881770818
common99	qwen35_natugu_grammar_original_modelgloss_summary_text_txt	99	0.5331859338765192
common99	qwen35_natugu_grammar_original_shot_baseline	99	0.3039759143133356
common99	qwen35_natugu_grammar_original_shot_cheatsheet_jpg	99	0.2937170428158057
common99	qwen35_natugu_grammar_original_shot_cheatsheet_txt	99	0.29958626372043534
common99	qwen35_natugu_grammar_original_shot_pdfpages_impactful_jpg	99	0.2978049098241209
common99	qwen35_natugu_grammar_original_shot_summary_tables_jpg	99	0.2944911104260069
common99	qwen35_natugu_grammar_original_shot_summary_tables_txt	99	0.3033215081450915
common99	qwen35_natugu_grammar_original_shot_summary_text_txt	99	0.30060789922271114
common99	qwen35_tsez_grammar_original_chain_gloss_baseline	99	0.24390135585057615
common99	qwen35_tsez_grammar_original_chain_gloss_cheatsheet_jpg	99	0.22585523700473284
common99	qwen35_tsez_grammar_original_chain_gloss_cheatsheet_txt	99	0.22480118470360536
common99	qwen35_tsez_grammar_original_chain_gloss_pdfpages_impactful_jpg	99	0.2257505695928227
common99	qwen35_tsez_grammar_original_chain_gloss_summary_tables_jpg	99	0.23031793549807386
common99	qwen35_tsez_grammar_original_chain_gloss_summary_tables_txt	99	0.22991865828181757
common99	qwen35_tsez_grammar_original_chain_gloss_summary_text_txt	99	0.236380388038327
common99	qwen35_tsez_grammar_original_modelgloss_baseline	99	0.4946386231617494
common99	qwen35_tsez_grammar_original_modelgloss_cheatsheet_jpg	99	0.48235831161340076
common99	qwen35_tsez_grammar_original_modelgloss_cheatsheet_txt	99	0.4877015331176796
common99	qwen35_tsez_grammar_original_modelgloss_pdfpages_impactful_jpg	99	0.4680011316080286
common99	qwen35_tsez_grammar_original_modelgloss_summary_tables_jpg	99	0.47701081437896
common99	qwen35_tsez_grammar_original_modelgloss_summary_tables_txt	99	0.4950224728596331
common99	qwen35_tsez_grammar_original_modelgloss_summary_text_txt	99	0.4843137996515842
common99	qwen35_tsez_grammar_original_shot_baseline	99	0.2394866877131992
common99	qwen35_tsez_grammar_original_shot_cheatsheet_jpg	99	0.24346571046896656
common99	qwen35_tsez_grammar_original_shot_cheatsheet_txt	99	0.25212418912637113
common99	qwen35_tsez_grammar_original_shot_pdfpages_impactful_jpg	99	0.24606292973263094
common99	qwen35_tsez_grammar_original_shot_summary_tables_jpg	99	0.2422920104229089
common99	qwen35_tsez_grammar_original_shot_summary_tables_txt	99	0.25810066121395187
common99	qwen35_tsez_grammar_original_shot_summary_text_txt	99	0.24176598468212165
common99	qwen3_gitksan_grammar_original_chain_gloss_baseline	37	0.2902060106799409
common99	qwen3_gitksan_grammar_original_modelgloss_baseline	37	0.5397974252700806
common99	qwen3_gitksan_grammar_original_shot_baseline	37	0.35267808469566136
common99	qwen3_gitksan_pdf1_brown_original_chain_gloss_cheatsheet_jpg	37	0.3080215361472723
common99	qwen3_gitksan_pdf1_brown_original_chain_gloss_cheatsheet_txt	37	0.300239468345771
common99	qwen3_gitksan_pdf1_brown_original_chain_gloss_pdfpages_impactful_jpg	37	0.31735362474982803
common99	qwen3_gitksan_pdf1_brown_original_chain_gloss_summary_tables_jpg	37	0.3040838148948309
common99	qwen3_gitksan_pdf1_brown_original_chain_gloss_summary_tables_txt	37	0.3265965653432382
common99	qwen3_gitksan_pdf1_brown_original_chain_gloss_summary_text_txt	37	0.3199360167255273
common99	qwen3_gitksan_pdf1_brown_original_modelgloss_cheatsheet_jpg	37	0.5663803300342044
common99	qwen3_gitksan_pdf1_brown_original_modelgloss_cheatsheet_txt	37	0.5843668459235011
common99	qwen3_gitksan_pdf1_brown_original_modelgloss_pdfpages_impactful_jpg	37	0.5403142023730922
common99	qwen3_gitksan_pdf1_brown_original_modelgloss_summary_tables_jpg	37	0.5385301088964617
common99	qwen3_gitksan_pdf1_brown_original_modelgloss_summary_tables_txt	37	0.5540242420660483
common99	qwen3_gitksan_pdf1_brown_original_modelgloss_summary_text_txt	37	0.588666320249841
common99	qwen3_gitksan_pdf1_brown_original_shot_cheatsheet_jpg	37	0.34350749950956655
common99	qwen3_gitksan_pdf1_brown_original_shot_cheatsheet_txt	37	0.3518444936017732
common99	qwen3_gitksan_pdf1_brown_original_shot_pdfpages_impactful_jpg	37	0.35949656488122167
common99	qwen3_gitksan_pdf1_brown_original_shot_summary_tables_jpg	37	0.346455721033586
common99	qwen3_gitksan_pdf1_brown_original_shot_summary_tables_txt	37	0.32452372159506826
common99	qwen3_gitksan_pdf1_brown_original_shot_summary_text_txt	37	0.34688313466471593
common99	qwen3_gitksan_pdf2_rigsby_original_chain_gloss_cheatsheet_jpg	37	0.29822300334234497
common99	qwen3_gitksan_pdf2_rigsby_original_chain_gloss_cheatsheet_txt	37	0.28596904753027735
common99	qwen3_gitksan_pdf2_rigsby_original_chain_gloss_pdfpages_impactful_jpg	37	0.3155337882203025
common99	qwen3_gitksan_pdf2_rigsby_original_chain_gloss_summary_tables_jpg	37	0.3217131539776519
common99	qwen3_gitksan_pdf2_rigsby_original_chain_gloss_summary_tables_txt	37	0.3051899868894268
common99	qwen3_gitksan_pdf2_rigsby_original_chain_gloss_summary_text_txt	37	0.29527994225154053
common99	qwen3_gitksan_pdf2_rigsby_original_modelgloss_cheatsheet_jpg	37	0.5547407233231777
common99	qwen3_gitksan_pdf2_rigsby_original_modelgloss_cheatsheet_txt	37	0.5749706388325304
common99	qwen3_gitksan_pdf2_rigsby_original_modelgloss_pdfpages_impactful_jpg	37	0.5690253759558136
common99	qwen3_gitksan_pdf2_rigsby_original_modelgloss_summary_tables_jpg	37	0.562048754176578
common99	qwen3_gitksan_pdf2_rigsby_original_modelgloss_summary_tables_txt	37	0.5529427037045762
common99	qwen3_gitksan_pdf2_rigsby_original_modelgloss_summary_text_txt	37	0.5641743556873219
common99	qwen3_gitksan_pdf2_rigsby_original_shot_cheatsheet_jpg	37	0.3326690402385351
common99	qwen3_gitksan_pdf2_rigsby_original_shot_cheatsheet_txt	37	0.3525841054884163
common99	qwen3_gitksan_pdf2_rigsby_original_shot_pdfpages_impactful_jpg	37	0.3473122160176973
common99	qwen3_gitksan_pdf2_rigsby_original_shot_summary_tables_jpg	37	0.3350626887703264
common99	qwen3_gitksan_pdf2_rigsby_original_shot_summary_tables_txt	37	0.3188668984819103
common99	qwen3_gitksan_pdf2_rigsby_original_shot_summary_text_txt	37	0.32546969160840317
common99	qwen3_lezgi_grammar_cyrillic_chain_gloss_cheatsheet_jpg	87	0.335546242094588
common99	qwen3_lezgi_grammar_cyrillic_chain_gloss_cheatsheet_txt	87	0.328437640749175
common99	qwen3_lezgi_grammar_cyrillic_chain_gloss_summary_tables_jpg	87	0.317479214106483
common99	qwen3_lezgi_grammar_cyrillic_chain_gloss_summary_tables_txt	87	0.32267770291059866
common99	qwen3_lezgi_grammar_cyrillic_chain_gloss_summary_text_txt	87	0.31677405553302546
common99	qwen3_lezgi_grammar_cyrillic_modelgloss_cheatsheet_jpg	87	0.5087635929899654
common99	qwen3_lezgi_grammar_cyrillic_modelgloss_cheatsheet_txt	87	0.5268770745773425
common99	qwen3_lezgi_grammar_cyrillic_modelgloss_summary_tables_jpg	87	0.5088966392922676
common99	qwen3_lezgi_grammar_cyrillic_modelgloss_summary_tables_txt	87	0.5149699675625768
common99	qwen3_lezgi_grammar_cyrillic_modelgloss_summary_text_txt	87	0.5158075328873492
common99	qwen3_lezgi_grammar_cyrillic_shot_cheatsheet_jpg	87	0.3463710106309803
common99	qwen3_lezgi_grammar_cyrillic_shot_cheatsheet_txt	87	0.32468057706438264
common99	qwen3_lezgi_grammar_cyrillic_shot_summary_tables_jpg	87	0.3437889500938613
common99	qwen3_lezgi_grammar_cyrillic_shot_summary_tables_txt	87	0.3376229801054659
common99	qwen3_lezgi_grammar_cyrillic_shot_summary_text_txt	87	0.3372437236295349
common99	qwen3_lezgi_grammar_original_chain_gloss_baseline	87	0.3508816087382963
common99	qwen3_lezgi_grammar_original_chain_gloss_cheatsheet_jpg	87	0.345334270390971
common99	qwen3_lezgi_grammar_original_chain_gloss_cheatsheet_txt	87	0.33187923828760785
common99	qwen3_lezgi_grammar_original_chain_gloss_pdfpages_impactful_jpg	87	0.31874177373688795
common99	qwen3_lezgi_grammar_original_chain_gloss_summary_tables_jpg	87	0.3255656657890342
common99	qwen3_lezgi_grammar_original_chain_gloss_summary_tables_txt	87	0.3232330061580943
common99	qwen3_lezgi_grammar_original_chain_gloss_summary_text_txt	87	0.32882454477507495
common99	qwen3_lezgi_grammar_original_modelgloss_baseline	87	0.504167035564609
common99	qwen3_lezgi_grammar_original_modelgloss_cheatsheet_jpg	87	0.5148562807803867
common99	qwen3_lezgi_grammar_original_modelgloss_cheatsheet_txt	87	0.5321677844414766
common99	qwen3_lezgi_grammar_original_modelgloss_pdfpages_impactful_jpg	87	0.5013353341612322
common99	qwen3_lezgi_grammar_original_modelgloss_summary_tables_jpg	87	0.5134615903270656
common99	qwen3_lezgi_grammar_original_modelgloss_summary_tables_txt	87	0.5128883580709326
common99	qwen3_lezgi_grammar_original_modelgloss_summary_text_txt	87	0.5221834470485819
common99	qwen3_lezgi_grammar_original_shot_baseline	87	0.35217065937902736
common99	qwen3_lezgi_grammar_original_shot_cheatsheet_jpg	87	0.3509211057219012
common99	qwen3_lezgi_grammar_original_shot_cheatsheet_txt	87	0.3411772062723664
common99	qwen3_lezgi_grammar_original_shot_pdfpages_impactful_jpg	87	0.34113719442795065
common99	qwen3_lezgi_grammar_original_shot_summary_tables_jpg	87	0.34301493530985955
common99	qwen3_lezgi_grammar_original_shot_summary_tables_txt	87	0.330306436481147
common99	qwen3_lezgi_grammar_original_shot_summary_text_txt	87	0.3344880500059018
common99	qwen3_natugu_grammar_original_chain_gloss_baseline	99	0.295575185857638
common99	qwen3_natugu_grammar_original_chain_gloss_cheatsheet_jpg	99	0.3018975546865752
common99	qwen3_natugu_grammar_original_chain_gloss_cheatsheet_txt	99	0.29995594557487604
common99	qwen3_natugu_grammar_original_chain_gloss_pdfpages_impactful_jpg	99	0.2737395537622047
common99	qwen3_natugu_grammar_original_chain_gloss_summary_tables_jpg	99	0.29359108239713344
common99	qwen3_natugu_grammar_original_chain_gloss_summary_tables_txt	99	0.30294655368785667
common99	qwen3_natugu_grammar_original_chain_gloss_summary_text_txt	99	0.312452894870681
common99	qwen3_natugu_grammar_original_modelgloss_baseline	99	0.5121238376155044
common99	qwen3_natugu_grammar_original_modelgloss_cheatsheet_jpg	99	0.5236083937413765
common99	qwen3_natugu_grammar_original_modelgloss_cheatsheet_txt	99	0.5147889959390717
common99	qwen3_natugu_grammar_original_modelgloss_pdfpages_impactful_jpg	99	0.5070376322425977
common99	qwen3_natugu_grammar_original_modelgloss_summary_tables_jpg	99	0.520826604631212
common99	qwen3_natugu_grammar_original_modelgloss_summary_tables_txt	99	0.5222879302020025
common99	qwen3_natugu_grammar_original_modelgloss_summary_text_txt	99	0.5321489885599926
common99	qwen3_natugu_grammar_original_shot_baseline	99	0.31089694496959147
common99	qwen3_natugu_grammar_original_shot_cheatsheet_jpg	99	0.3145747378920064
common99	qwen3_natugu_grammar_original_shot_cheatsheet_txt	99	0.3211961943994869
common99	qwen3_natugu_grammar_original_shot_pdfpages_impactful_jpg	99	0.32216389296632825
common99	qwen3_natugu_grammar_original_shot_summary_tables_jpg	99	0.3068915766597998
common99	qwen3_natugu_grammar_original_shot_summary_tables_txt	99	0.3162791123895934
common99	qwen3_natugu_grammar_original_shot_summary_text_txt	99	0.3176423008694793
common99	qwen3_tsez_grammar_original_chain_gloss_baseline	99	0.2339808823484363
common99	qwen3_tsez_grammar_original_chain_gloss_cheatsheet_jpg	99	0.22835318924802722
common99	qwen3_tsez_grammar_original_chain_gloss_cheatsheet_txt	99	0.23332599136564466
common99	qwen3_tsez_grammar_original_chain_gloss_pdfpages_impactful_jpg	99	0.22570783215941806
common99	qwen3_tsez_grammar_original_chain_gloss_summary_tables_jpg	99	0.23049556682206163
common99	qwen3_tsez_grammar_original_chain_gloss_summary_tables_txt	99	0.22980673219820466
common99	qwen3_tsez_grammar_original_chain_gloss_summary_text_txt	99	0.23923801261969288
common99	qwen3_tsez_grammar_original_modelgloss_baseline	99	0.48219798655823026
common99	qwen3_tsez_grammar_original_modelgloss_cheatsheet_jpg	99	0.4814469838383222
common99	qwen3_tsez_grammar_original_modelgloss_cheatsheet_txt	99	0.4712936282157898
common99	qwen3_tsez_grammar_original_modelgloss_pdfpages_impactful_jpg	99	0.464419994766664
common99	qwen3_tsez_grammar_original_modelgloss_summary_tables_jpg	99	0.48294321537920926
common99	qwen3_tsez_grammar_original_modelgloss_summary_tables_txt	99	0.4781172809877781
common99	qwen3_tsez_grammar_original_modelgloss_summary_text_txt	99	0.4650453907823322
common99	qwen3_tsez_grammar_original_shot_baseline	99	0.2534510273524005
common99	qwen3_tsez_grammar_original_shot_cheatsheet_jpg	99	0.229920919194366
common99	qwen3_tsez_grammar_original_shot_cheatsheet_txt	99	0.24274229897995186
common99	qwen3_tsez_grammar_original_shot_pdfpages_impactful_jpg	99	0.2291441425831631
common99	qwen3_tsez_grammar_original_shot_summary_tables_jpg	99	0.22703582424708088
common99	qwen3_tsez_grammar_original_shot_summary_tables_txt	99	0.24519456351044203
common99	qwen3_tsez_grammar_original_shot_summary_text_txt	99	0.2433577184424256
