id	family	model	language	source	variant	condition	material	expected_records	image_count	job	results	metrics
qwen3_gitksan_pdf1_brown_original_shot_cheatsheet_txt	curated_v1	qwen3	Gitksan	pdf1_brown	original	shot	cheatsheet_txt	37	0	scripts/jobs/qwen3/gitksan/pdf1_brown/original/curated_v1/run_shot_cheatsheet_txt.sh	results/curated_v1/qwen3/gitksan/pdf1_brown/original/shot_cheatsheet_txt.jsonl	metrics/curated_v1/qwen3/gitksan/pdf1_brown/original/shot_cheatsheet_txt.json
qwen3_gitksan_pdf1_brown_original_modelgloss_cheatsheet_txt	curated_v1	qwen3	Gitksan	pdf1_brown	original	modelgloss	cheatsheet_txt	37	0	scripts/jobs/qwen3/gitksan/pdf1_brown/original/curated_v1/run_modelgloss_cheatsheet_txt.sh	results/curated_v1/qwen3/gitksan/pdf1_brown/original/modelgloss_cheatsheet_txt.jsonl	metrics/curated_v1/qwen3/gitksan/pdf1_brown/original/modelgloss_cheatsheet_txt.json
qwen3_gitksan_pdf1_brown_original_chain_gloss_cheatsheet_txt	chain_gloss_v2	qwen3	Gitksan	pdf1_brown	original	chain_gloss	cheatsheet_txt	37	0	scripts/jobs/qwen3/gitksan/pdf1_brown/original/chain_gloss_v2/run_chain_gloss_cheatsheet_txt.sh	results/chain_gloss_v2/qwen3/gitksan/pdf1_brown/original/chain_gloss_cheatsheet_txt.jsonl	metrics/chain_gloss_v2/qwen3/gitksan/pdf1_brown/original/chain_gloss_cheatsheet_txt.json
qwen3_gitksan_pdf1_brown_original_shot_cheatsheet_jpg	curated_v1	qwen3	Gitksan	pdf1_brown	original	shot	cheatsheet_jpg	37	1	scripts/jobs/qwen3/gitksan/pdf1_brown/original/curated_v1/run_shot_cheatsheet_jpg.sh	results/curated_v1/qwen3/gitksan/pdf1_brown/original/shot_cheatsheet_jpg.jsonl	metrics/curated_v1/qwen3/gitksan/pdf1_brown/original/shot_cheatsheet_jpg.json
qwen3_gitksan_pdf1_brown_original_modelgloss_cheatsheet_jpg	curated_v1	qwen3	Gitksan	pdf1_brown	original	modelgloss	cheatsheet_jpg	37	1	scripts/jobs/qwen3/gitksan/pdf1_brown/original/curated_v1/run_modelgloss_cheatsheet_jpg.sh	results/curated_v1/qwen3/gitksan/pdf1_brown/original/modelgloss_cheatsheet_jpg.jsonl	metrics/curated_v1/qwen3/gitksan/pdf1_brown/original/modelgloss_cheatsheet_jpg.json
qwen3_gitksan_pdf1_brown_original_chain_gloss_cheatsheet_jpg	chain_gloss_v2	qwen3	Gitksan	pdf1_brown	original	chain_gloss	cheatsheet_jpg	37	1	scripts/jobs/qwen3/gitksan/pdf1_brown/original/chain_gloss_v2/run_chain_gloss_cheatsheet_jpg.sh	results/chain_gloss_v2/qwen3/gitksan/pdf1_brown/original/chain_gloss_cheatsheet_jpg.jsonl	metrics/chain_gloss_v2/qwen3/gitksan/pdf1_brown/original/chain_gloss_cheatsheet_jpg.json
qwen3_gitksan_pdf1_brown_original_shot_summary_tables_txt	curated_v1	qwen3	Gitksan	pdf1_brown	original	shot	summary_tables_txt	37	0	scripts/jobs/qwen3/gitksan/pdf1_brown/original/curated_v1/run_shot_summary_tables_txt.sh	results/curated_v1/qwen3/gitksan/pdf1_brown/original/shot_summary_tables_txt.jsonl	metrics/curated_v1/qwen3/gitksan/pdf1_brown/original/shot_summary_tables_txt.json
qwen3_gitksan_pdf1_brown_original_modelgloss_summary_tables_txt	curated_v1	qwen3	Gitksan	pdf1_brown	original	modelgloss	summary_tables_txt	37	0	scripts/jobs/qwen3/gitksan/pdf1_brown/original/curated_v1/run_modelgloss_summary_tables_txt.sh	results/curated_v1/qwen3/gitksan/pdf1_brown/original/modelgloss_summary_tables_txt.jsonl	metrics/curated_v1/qwen3/gitksan/pdf1_brown/original/modelgloss_summary_tables_txt.json
qwen3_gitksan_pdf1_brown_original_chain_gloss_summary_tables_txt	chain_gloss_v2	qwen3	Gitksan	pdf1_brown	original	chain_gloss	summary_tables_txt	37	0	scripts/jobs/qwen3/gitksan/pdf1_brown/original/chain_gloss_v2/run_chain_gloss_summary_tables_txt.sh	results/chain_gloss_v2/qwen3/gitksan/pdf1_brown/original/chain_gloss_summary_tables_txt.jsonl	metrics/chain_gloss_v2/qwen3/gitksan/pdf1_brown/original/chain_gloss_summary_tables_txt.json
qwen3_gitksan_pdf1_brown_original_shot_summary_tables_jpg	curated_v1	qwen3	Gitksan	pdf1_brown	original	shot	summary_tables_jpg	37	1	scripts/jobs/qwen3/gitksan/pdf1_brown/original/curated_v1/run_shot_summary_tables_jpg.sh	results/curated_v1/qwen3/gitksan/pdf1_brown/original/shot_summary_tables_jpg.jsonl	metrics/curated_v1/qwen3/gitksan/pdf1_brown/original/shot_summary_tables_jpg.json
qwen3_gitksan_pdf1_brown_original_modelgloss_summary_tables_jpg	curated_v1	qwen3	Gitksan	pdf1_brown	original	modelgloss	summary_tables_jpg	37	1	scripts/jobs/qwen3/gitksan/pdf1_brown/original/curated_v1/run_modelgloss_summary_tables_jpg.sh	results/curated_v1/qwen3/gitksan/pdf1_brown/original/modelgloss_summary_tables_jpg.jsonl	metrics/curated_v1/qwen3/gitksan/pdf1_brown/original/modelgloss_summary_tables_jpg.json
qwen3_gitksan_pdf1_brown_original_chain_gloss_summary_tables_jpg	chain_gloss_v2	qwen3	Gitksan	pdf1_brown	original	chain_gloss	summary_tables_jpg	37	1	scripts/jobs/qwen3/gitksan/pdf1_brown/original/chain_gloss_v2/run_chain_gloss_summary_tables_jpg.sh	results/chain_gloss_v2/qwen3/gitksan/pdf1_brown/original/chain_gloss_summary_tables_jpg.jsonl	metrics/chain_gloss_v2/qwen3/gitksan/pdf1_brown/original/chain_gloss_summary_tables_jpg.json
qwen3_gitksan_pdf1_brown_original_shot_summary_text_txt	curated_v1	qwen3	Gitksan	pdf1_brown	original	shot	summary_text_txt	37	0	scripts/jobs/qwen3/gitksan/pdf1_brown/original/curated_v1/run_shot_summary_text_txt.sh	results/curated_v1/qwen3/gitksan/pdf1_brown/original/shot_summary_text_txt.jsonl	metrics/curated_v1/qwen3/gitksan/pdf1_brown/original/shot_summary_text_txt.json
qwen3_gitksan_pdf1_brown_original_modelgloss_summary_text_txt	curated_v1	qwen3	Gitksan	pdf1_brown	original	modelgloss	summary_text_txt	37	0	scripts/jobs/qwen3/gitksan/pdf1_brown/original/curated_v1/run_modelgloss_summary_text_txt.sh	results/curated_v1/qwen3/gitksan/pdf1_brown/original/modelgloss_summary_text_txt.jsonl	metrics/curated_v1/qwen3/gitksan/pdf1_brown/original/modelgloss_summary_text_txt.json
qwen3_gitksan_pdf1_brown_original_chain_gloss_summary_text_txt	chain_gloss_v2	qwen3	Gitksan	pdf1_brown	original	chain_gloss	summary_text_txt	37	0	scripts/jobs/qwen3/gitksan/pdf1_brown/original/chain_gloss_v2/run_chain_gloss_summary_text_txt.sh	results/chain_gloss_v2/qwen3/gitksan/pdf1_brown/original/chain_gloss_summary_text_txt.jsonl	metrics/chain_gloss_v2/qwen3/gitksan/pdf1_brown/original/chain_gloss_summary_text_txt.json
qwen3_gitksan_pdf1_brown_original_shot_pdfpages_impactful_jpg	curated_v1	qwen3	Gitksan	pdf1_brown	original	shot	pdfpages_impactful_jpg	37	9	scripts/jobs/qwen3/gitksan/pdf1_brown/original/curated_v1/run_shot_pdfpages_impactful_jpg.sh	results/curated_v1/qwen3/gitksan/pdf1_brown/original/shot_pdfpages_impactful_jpg.jsonl	metrics/curated_v1/qwen3/gitksan/pdf1_brown/original/shot_pdfpages_impactful_jpg.json
qwen3_gitksan_pdf1_brown_original_modelgloss_pdfpages_impactful_jpg	curated_v1	qwen3	Gitksan	pdf1_brown	original	modelgloss	pdfpages_impactful_jpg	37	9	scripts/jobs/qwen3/gitksan/pdf1_brown/original/curated_v1/run_modelgloss_pdfpages_impactful_jpg.sh	results/curated_v1/qwen3/gitksan/pdf1_brown/original/modelgloss_pdfpages_impactful_jpg.jsonl	metrics/curated_v1/qwen3/gitksan/pdf1_brown/original/modelgloss_pdfpages_impactful_jpg.json
qwen3_gitksan_pdf1_brown_original_chain_gloss_pdfpages_impactful_jpg	chain_gloss_v2	qwen3	Gitksan	pdf1_brown	original	chain_gloss	pdfpages_impactful_jpg	37	9	scripts/jobs/qwen3/gitksan/pdf1_brown/original/chain_gloss_v2/run_chain_gloss_pdfpages_impactful_jpg.sh	results/chain_gloss_v2/qwen3/gitksan/pdf1_brown/original/chain_gloss_pdfpages_impactful_jpg.jsonl	metrics/chain_gloss_v2/qwen3/gitksan/pdf1_brown/original/chain_gloss_pdfpages_impactful_jpg.json
qwen3_gitksan_pdf2_rigsby_original_shot_cheatsheet_txt	curated_v1	qwen3	Gitksan	pdf2_rigsby	original	shot	cheatsheet_txt	37	0	scripts/jobs/qwen3/gitksan/pdf2_rigsby/original/curated_v1/run_shot_cheatsheet_txt.sh	results/curated_v1/qwen3/gitksan/pdf2_rigsby/original/shot_cheatsheet_txt.jsonl	metrics/curated_v1/qwen3/gitksan/pdf2_rigsby/original/shot_cheatsheet_txt.json
qwen3_gitksan_pdf2_rigsby_original_modelgloss_cheatsheet_txt	curated_v1	qwen3	Gitksan	pdf2_rigsby	original	modelgloss	cheatsheet_txt	37	0	scripts/jobs/qwen3/gitksan/pdf2_rigsby/original/curated_v1/run_modelgloss_cheatsheet_txt.sh	results/curated_v1/qwen3/gitksan/pdf2_rigsby/original/modelgloss_cheatsheet_txt.jsonl	metrics/curated_v1/qwen3/gitksan/pdf2_rigsby/original/modelgloss_cheatsheet_txt.json
qwen3_gitksan_pdf2_rigsby_original_chain_gloss_cheatsheet_txt	chain_gloss_v2	qwen3	Gitksan	pdf2_rigsby	original	chain_gloss	cheatsheet_txt	37	0	scripts/jobs/qwen3/gitksan/pdf2_rigsby/original/chain_gloss_v2/run_chain_gloss_cheatsheet_txt.sh	results/chain_gloss_v2/qwen3/gitksan/pdf2_rigsby/original/chain_gloss_cheatsheet_txt.jsonl	metrics/chain_gloss_v2/qwen3/gitksan/pdf2_rigsby/original/chain_gloss_cheatsheet_txt.json
qwen3_gitksan_pdf2_rigsby_original_shot_cheatsheet_jpg	curated_v1	qwen3	Gitksan	pdf2_rigsby	original	shot	cheatsheet_jpg	37	1	scripts/jobs/qwen3/gitksan/pdf2_rigsby/original/curated_v1/run_shot_cheatsheet_jpg.sh	results/curated_v1/qwen3/gitksan/pdf2_rigsby/original/shot_cheatsheet_jpg.jsonl	metrics/curated_v1/qwen3/gitksan/pdf2_rigsby/original/shot_cheatsheet_jpg.json
qwen3_gitksan_pdf2_rigsby_original_modelgloss_cheatsheet_jpg	curated_v1	qwen3	Gitksan	pdf2_rigsby	original	modelgloss	cheatsheet_jpg	37	1	scripts/jobs/qwen3/gitksan/pdf2_rigsby/original/curated_v1/run_modelgloss_cheatsheet_jpg.sh	results/curated_v1/qwen3/gitksan/pdf2_rigsby/original/modelgloss_cheatsheet_jpg.jsonl	metrics/curated_v1/qwen3/gitksan/pdf2_rigsby/original/modelgloss_cheatsheet_jpg.json
qwen3_gitksan_pdf2_rigsby_original_chain_gloss_cheatsheet_jpg	chain_gloss_v2	qwen3	Gitksan	pdf2_rigsby	original	chain_gloss	cheatsheet_jpg	37	1	scripts/jobs/qwen3/gitksan/pdf2_rigsby/original/chain_gloss_v2/run_chain_gloss_cheatsheet_jpg.sh	results/chain_gloss_v2/qwen3/gitksan/pdf2_rigsby/original/chain_gloss_cheatsheet_jpg.jsonl	metrics/chain_gloss_v2/qwen3/gitksan/pdf2_rigsby/original/chain_gloss_cheatsheet_jpg.json
qwen3_gitksan_pdf2_rigsby_original_shot_summary_tables_txt	curated_v1	qwen3	Gitksan	pdf2_rigsby	original	shot	summary_tables_txt	37	0	scripts/jobs/qwen3/gitksan/pdf2_rigsby/original/curated_v1/run_shot_summary_tables_txt.sh	results/curated_v1/qwen3/gitksan/pdf2_rigsby/original/shot_summary_tables_txt.jsonl	metrics/curated_v1/qwen3/gitksan/pdf2_rigsby/original/shot_summary_tables_txt.json
qwen3_gitksan_pdf2_rigsby_original_modelgloss_summary_tables_txt	curated_v1	qwen3	Gitksan	pdf2_rigsby	original	modelgloss	summary_tables_txt	37	0	scripts/jobs/qwen3/gitksan/pdf2_rigsby/original/curated_v1/run_modelgloss_summary_tables_txt.sh	results/curated_v1/qwen3/gitksan/pdf2_rigsby/original/modelgloss_summary_tables_txt.jsonl	metrics/curated_v1/qwen3/gitksan/pdf2_rigsby/original/modelgloss_summary_tables_txt.json
qwen3_gitksan_pdf2_rigsby_original_chain_gloss_summary_tables_txt	chain_gloss_v2	qwen3	Gitksan	pdf2_rigsby	original	chain_gloss	summary_tables_txt	37	0	scripts/jobs/qwen3/gitksan/pdf2_rigsby/original/chain_gloss_v2/run_chain_gloss_summary_tables_txt.sh	results/chain_gloss_v2/qwen3/gitksan/pdf2_rigsby/original/chain_gloss_summary_tables_txt.jsonl	metrics/chain_gloss_v2/qwen3/gitksan/pdf2_rigsby/original/chain_gloss_summary_tables_txt.json
qwen3_gitksan_pdf2_rigsby_original_shot_summary_tables_jpg	curated_v1	qwen3	Gitksan	pdf2_rigsby	original	shot	summary_tables_jpg	37	1	scripts/jobs/qwen3/gitksan/pdf2_rigsby/original/curated_v1/run_shot_summary_tables_jpg.sh	results/curated_v1/qwen3/gitksan/pdf2_rigsby/original/shot_summary_tables_jpg.jsonl	metrics/curated_v1/qwen3/gitksan/pdf2_rigsby/original/shot_summary_tables_jpg.json
qwen3_gitksan_pdf2_rigsby_original_modelgloss_summary_tables_jpg	curated_v1	qwen3	Gitksan	pdf2_rigsby	original	modelgloss	summary_tables_jpg	37	1	scripts/jobs/qwen3/gitksan/pdf2_rigsby/original/curated_v1/run_modelgloss_summary_tables_jpg.sh	results/curated_v1/qwen3/gitksan/pdf2_rigsby/original/modelgloss_summary_tables_jpg.jsonl	metrics/curated_v1/qwen3/gitksan/pdf2_rigsby/original/modelgloss_summary_tables_jpg.json
qwen3_gitksan_pdf2_rigsby_original_chain_gloss_summary_tables_jpg	chain_gloss_v2	qwen3	Gitksan	pdf2_rigsby	original	chain_gloss	summary_tables_jpg	37	1	scripts/jobs/qwen3/gitksan/pdf2_rigsby/original/chain_gloss_v2/run_chain_gloss_summary_tables_jpg.sh	results/chain_gloss_v2/qwen3/gitksan/pdf2_rigsby/original/chain_gloss_summary_tables_jpg.jsonl	metrics/chain_gloss_v2/qwen3/gitksan/pdf2_rigsby/original/chain_gloss_summary_tables_jpg.json
qwen3_gitksan_pdf2_rigsby_original_shot_summary_text_txt	curated_v1	qwen3	Gitksan	pdf2_rigsby	original	shot	summary_text_txt	37	0	scripts/jobs/qwen3/gitksan/pdf2_rigsby/original/curated_v1/run_shot_summary_text_txt.sh	results/curated_v1/qwen3/gitksan/pdf2_rigsby/original/shot_summary_text_txt.jsonl	metrics/curated_v1/qwen3/gitksan/pdf2_rigsby/original/shot_summary_text_txt.json
qwen3_gitksan_pdf2_rigsby_original_modelgloss_summary_text_txt	curated_v1	qwen3	Gitksan	pdf2_rigsby	original	modelgloss	summary_text_txt	37	0	scripts/jobs/qwen3/gitksan/pdf2_rigsby/original/curated_v1/run_modelgloss_summary_text_txt.sh	results/curated_v1/qwen3/gitksan/pdf2_rigsby/original/modelgloss_summary_text_txt.jsonl	metrics/curated_v1/qwen3/gitksan/pdf2_rigsby/original/modelgloss_summary_text_txt.json
qwen3_gitksan_pdf2_rigsby_original_chain_gloss_summary_text_txt	chain_gloss_v2	qwen3	Gitksan	pdf2_rigsby	original	chain_gloss	summary_text_txt	37	0	scripts/jobs/qwen3/gitksan/pdf2_rigsby/original/chain_gloss_v2/run_chain_gloss_summary_text_txt.sh	results/chain_gloss_v2/qwen3/gitksan/pdf2_rigsby/original/chain_gloss_summary_text_txt.jsonl	metrics/chain_gloss_v2/qwen3/gitksan/pdf2_rigsby/original/chain_gloss_summary_text_txt.json
qwen3_gitksan_pdf2_rigsby_original_shot_pdfpages_impactful_jpg	curated_v1	qwen3	Gitksan	pdf2_rigsby	original	shot	pdfpages_impactful_jpg	37	6	scripts/jobs/qwen3/gitksan/pdf2_rigsby/original/curated_v1/run_shot_pdfpages_impactful_jpg.sh	results/curated_v1/qwen3/gitksan/pdf2_rigsby/original/shot_pdfpages_impactful_jpg.jsonl	metrics/curated_v1/qwen3/gitksan/pdf2_rigsby/original/shot_pdfpages_impactful_jpg.json
qwen3_gitksan_pdf2_rigsby_original_modelgloss_pdfpages_impactful_jpg	curated_v1	qwen3	Gitksan	pdf2_rigsby	original	modelgloss	pdfpages_impactful_jpg	37	6	scripts/jobs/qwen3/gitksan/pdf2_rigsby/original/curated_v1/run_modelgloss_pdfpages_impactful_jpg.sh	results/curated_v1/qwen3/gitksan/pdf2_rigsby/original/modelgloss_pdfpages_impactful_jpg.jsonl	metrics/curated_v1/qwen3/gitksan/pdf2_rigsby/original/modelgloss_pdfpages_impactful_jpg.json
qwen3_gitksan_pdf2_rigsby_original_chain_gloss_pdfpages_impactful_jpg	chain_gloss_v2	qwen3	Gitksan	pdf2_rigsby	original	chain_gloss	pdfpages_impactful_jpg	37	6	scripts/jobs/qwen3/gitksan/pdf2_rigsby/original/chain_gloss_v2/run_chain_gloss_pdfpages_impactful_jpg.sh	results/chain_gloss_v2/qwen3/gitksan/pdf2_rigsby/original/chain_gloss_pdfpages_impactful_jpg.jsonl	metrics/chain_gloss_v2/qwen3/gitksan/pdf2_rigsby/original/chain_gloss_pdfpages_impactful_jpg.json
qwen3_lezgi_grammar_original_shot_cheatsheet_txt	curated_v1	qwen3	Lezgi	grammar	original	shot	cheatsheet_txt	87	0	scripts/jobs/qwen3/lezgi/grammar/original/curated_v1/run_shot_cheatsheet_txt.sh	results/curated_v1/qwen3/lezgi/grammar/original/shot_cheatsheet_txt.jsonl	metrics/curated_v1/qwen3/lezgi/grammar/original/shot_cheatsheet_txt.json
qwen3_lezgi_grammar_original_modelgloss_cheatsheet_txt	curated_v1	qwen3	Lezgi	grammar	original	modelgloss	cheatsheet_txt	87	0	scripts/jobs/qwen3/lezgi/grammar/original/curated_v1/run_modelgloss_cheatsheet_txt.sh	results/curated_v1/qwen3/lezgi/grammar/original/modelgloss_cheatsheet_txt.jsonl	metrics/curated_v1/qwen3/lezgi/grammar/original/modelgloss_cheatsheet_txt.json
qwen3_lezgi_grammar_original_chain_gloss_cheatsheet_txt	chain_gloss_v2	qwen3	Lezgi	grammar	original	chain_gloss	cheatsheet_txt	87	0	scripts/jobs/qwen3/lezgi/grammar/original/chain_gloss_v2/run_chain_gloss_cheatsheet_txt.sh	results/chain_gloss_v2/qwen3/lezgi/grammar/original/chain_gloss_cheatsheet_txt.jsonl	metrics/chain_gloss_v2/qwen3/lezgi/grammar/original/chain_gloss_cheatsheet_txt.json
qwen3_lezgi_grammar_original_shot_cheatsheet_jpg	curated_v1	qwen3	Lezgi	grammar	original	shot	cheatsheet_jpg	87	1	scripts/jobs/qwen3/lezgi/grammar/original/curated_v1/run_shot_cheatsheet_jpg.sh	results/curated_v1/qwen3/lezgi/grammar/original/shot_cheatsheet_jpg.jsonl	metrics/curated_v1/qwen3/lezgi/grammar/original/shot_cheatsheet_jpg.json
qwen3_lezgi_grammar_original_modelgloss_cheatsheet_jpg	curated_v1	qwen3	Lezgi	grammar	original	modelgloss	cheatsheet_jpg	87	1	scripts/jobs/qwen3/lezgi/grammar/original/curated_v1/run_modelgloss_cheatsheet_jpg.sh	results/curated_v1/qwen3/lezgi/grammar/original/modelgloss_cheatsheet_jpg.jsonl	metrics/curated_v1/qwen3/lezgi/grammar/original/modelgloss_cheatsheet_jpg.json
qwen3_lezgi_grammar_original_chain_gloss_cheatsheet_jpg	chain_gloss_v2	qwen3	Lezgi	grammar	original	chain_gloss	cheatsheet_jpg	87	1	scripts/jobs/qwen3/lezgi/grammar/original/chain_gloss_v2/run_chain_gloss_cheatsheet_jpg.sh	results/chain_gloss_v2/qwen3/lezgi/grammar/original/chain_gloss_cheatsheet_jpg.jsonl	metrics/chain_gloss_v2/qwen3/lezgi/grammar/original/chain_gloss_cheatsheet_jpg.json
qwen3_lezgi_grammar_original_shot_summary_tables_txt	curated_v1	qwen3	Lezgi	grammar	original	shot	summary_tables_txt	87	0	scripts/jobs/qwen3/lezgi/grammar/original/curated_v1/run_shot_summary_tables_txt.sh	results/curated_v1/qwen3/lezgi/grammar/original/shot_summary_tables_txt.jsonl	metrics/curated_v1/qwen3/lezgi/grammar/original/shot_summary_tables_txt.json
qwen3_lezgi_grammar_original_modelgloss_summary_tables_txt	curated_v1	qwen3	Lezgi	grammar	original	modelgloss	summary_tables_txt	87	0	scripts/jobs/qwen3/lezgi/grammar/original/curated_v1/run_modelgloss_summary_tables_txt.sh	results/curated_v1/qwen3/lezgi/grammar/original/modelgloss_summary_tables_txt.jsonl	metrics/curated_v1/qwen3/lezgi/grammar/original/modelgloss_summary_tables_txt.json
qwen3_lezgi_grammar_original_chain_gloss_summary_tables_txt	chain_gloss_v2	qwen3	Lezgi	grammar	original	chain_gloss	summary_tables_txt	87	0	scripts/jobs/qwen3/lezgi/grammar/original/chain_gloss_v2/run_chain_gloss_summary_tables_txt.sh	results/chain_gloss_v2/qwen3/lezgi/grammar/original/chain_gloss_summary_tables_txt.jsonl	metrics/chain_gloss_v2/qwen3/lezgi/grammar/original/chain_gloss_summary_tables_txt.json
qwen3_lezgi_grammar_original_shot_summary_tables_jpg	curated_v1	qwen3	Lezgi	grammar	original	shot	summary_tables_jpg	87	2	scripts/jobs/qwen3/lezgi/grammar/original/curated_v1/run_shot_summary_tables_jpg.sh	results/curated_v1/qwen3/lezgi/grammar/original/shot_summary_tables_jpg.jsonl	metrics/curated_v1/qwen3/lezgi/grammar/original/shot_summary_tables_jpg.json
qwen3_lezgi_grammar_original_modelgloss_summary_tables_jpg	curated_v1	qwen3	Lezgi	grammar	original	modelgloss	summary_tables_jpg	87	2	scripts/jobs/qwen3/lezgi/grammar/original/curated_v1/run_modelgloss_summary_tables_jpg.sh	results/curated_v1/qwen3/lezgi/grammar/original/modelgloss_summary_tables_jpg.jsonl	metrics/curated_v1/qwen3/lezgi/grammar/original/modelgloss_summary_tables_jpg.json
qwen3_lezgi_grammar_original_chain_gloss_summary_tables_jpg	chain_gloss_v2	qwen3	Lezgi	grammar	original	chain_gloss	summary_tables_jpg	87	2	scripts/jobs/qwen3/lezgi/grammar/original/chain_gloss_v2/run_chain_gloss_summary_tables_jpg.sh	results/chain_gloss_v2/qwen3/lezgi/grammar/original/chain_gloss_summary_tables_jpg.jsonl	metrics/chain_gloss_v2/qwen3/lezgi/grammar/original/chain_gloss_summary_tables_jpg.json
qwen3_lezgi_grammar_original_shot_summary_text_txt	curated_v1	qwen3	Lezgi	grammar	original	shot	summary_text_txt	87	0	scripts/jobs/qwen3/lezgi/grammar/original/curated_v1/run_shot_summary_text_txt.sh	results/curated_v1/qwen3/lezgi/grammar/original/shot_summary_text_txt.jsonl	metrics/curated_v1/qwen3/lezgi/grammar/original/shot_summary_text_txt.json
qwen3_lezgi_grammar_original_modelgloss_summary_text_txt	curated_v1	qwen3	Lezgi	grammar	original	modelgloss	summary_text_txt	87	0	scripts/jobs/qwen3/lezgi/grammar/original/curated_v1/run_modelgloss_summary_text_txt.sh	results/curated_v1/qwen3/lezgi/grammar/original/modelgloss_summary_text_txt.jsonl	metrics/curated_v1/qwen3/lezgi/grammar/original/modelgloss_summary_text_txt.json
qwen3_lezgi_grammar_original_chain_gloss_summary_text_txt	chain_gloss_v2	qwen3	Lezgi	grammar	original	chain_gloss	summary_text_txt	87	0	scripts/jobs/qwen3/lezgi/grammar/original/chain_gloss_v2/run_chain_gloss_summary_text_txt.sh	results/chain_gloss_v2/qwen3/lezgi/grammar/original/chain_gloss_summary_text_txt.jsonl	metrics/chain_gloss_v2/qwen3/lezgi/grammar/original/chain_gloss_summary_text_txt.json
qwen3_lezgi_grammar_original_shot_pdfpages_impactful_jpg	curated_v1	qwen3	Lezgi	grammar	original	shot	pdfpages_impactful_jpg	87	9	scripts/jobs/qwen3/lezgi/grammar/original/curated_v1/run_shot_pdfpages_impactful_jpg.sh	results/curated_v1/qwen3/lezgi/grammar/original/shot_pdfpages_impactful_jpg.jsonl	metrics/curated_v1/qwen3/lezgi/grammar/original/shot_pdfpages_impactful_jpg.json
qwen3_lezgi_grammar_original_modelgloss_pdfpages_impactful_jpg	curated_v1	qwen3	Lezgi	grammar	original	modelgloss	pdfpages_impactful_jpg	87	9	scripts/jobs/qwen3/lezgi/grammar/original/curated_v1/run_modelgloss_pdfpages_impactful_jpg.sh	results/curated_v1/qwen3/lezgi/grammar/original/modelgloss_pdfpages_impactful_jpg.jsonl	metrics/curated_v1/qwen3/lezgi/grammar/original/modelgloss_pdfpages_impactful_jpg.json
qwen3_lezgi_grammar_original_chain_gloss_pdfpages_impactful_jpg	chain_gloss_v2	qwen3	Lezgi	grammar	original	chain_gloss	pdfpages_impactful_jpg	87	9	scripts/jobs/qwen3/lezgi/grammar/original/chain_gloss_v2/run_chain_gloss_pdfpages_impactful_jpg.sh	results/chain_gloss_v2/qwen3/lezgi/grammar/original/chain_gloss_pdfpages_impactful_jpg.jsonl	metrics/chain_gloss_v2/qwen3/lezgi/grammar/original/chain_gloss_pdfpages_impactful_jpg.json
qwen3_natugu_grammar_original_shot_cheatsheet_txt	curated_v1	qwen3	Natugu	grammar	original	shot	cheatsheet_txt	99	0	scripts/jobs/qwen3/natugu/grammar/original/curated_v1/run_shot_cheatsheet_txt.sh	results/curated_v1/qwen3/natugu/grammar/original/shot_cheatsheet_txt.jsonl	metrics/curated_v1/qwen3/natugu/grammar/original/shot_cheatsheet_txt.json
qwen3_natugu_grammar_original_modelgloss_cheatsheet_txt	curated_v1	qwen3	Natugu	grammar	original	modelgloss	cheatsheet_txt	99	0	scripts/jobs/qwen3/natugu/grammar/original/curated_v1/run_modelgloss_cheatsheet_txt.sh	results/curated_v1/qwen3/natugu/grammar/original/modelgloss_cheatsheet_txt.jsonl	metrics/curated_v1/qwen3/natugu/grammar/original/modelgloss_cheatsheet_txt.json
qwen3_natugu_grammar_original_chain_gloss_cheatsheet_txt	chain_gloss_v2	qwen3	Natugu	grammar	original	chain_gloss	cheatsheet_txt	99	0	scripts/jobs/qwen3/natugu/grammar/original/chain_gloss_v2/run_chain_gloss_cheatsheet_txt.sh	results/chain_gloss_v2/qwen3/natugu/grammar/original/chain_gloss_cheatsheet_txt.jsonl	metrics/chain_gloss_v2/qwen3/natugu/grammar/original/chain_gloss_cheatsheet_txt.json
qwen3_natugu_grammar_original_shot_cheatsheet_jpg	curated_v1	qwen3	Natugu	grammar	original	shot	cheatsheet_jpg	99	2	scripts/jobs/qwen3/natugu/grammar/original/curated_v1/run_shot_cheatsheet_jpg.sh	results/curated_v1/qwen3/natugu/grammar/original/shot_cheatsheet_jpg.jsonl	metrics/curated_v1/qwen3/natugu/grammar/original/shot_cheatsheet_jpg.json
qwen3_natugu_grammar_original_modelgloss_cheatsheet_jpg	curated_v1	qwen3	Natugu	grammar	original	modelgloss	cheatsheet_jpg	99	2	scripts/jobs/qwen3/natugu/grammar/original/curated_v1/run_modelgloss_cheatsheet_jpg.sh	results/curated_v1/qwen3/natugu/grammar/original/modelgloss_cheatsheet_jpg.jsonl	metrics/curated_v1/qwen3/natugu/grammar/original/modelgloss_cheatsheet_jpg.json
qwen3_natugu_grammar_original_chain_gloss_cheatsheet_jpg	chain_gloss_v2	qwen3	Natugu	grammar	original	chain_gloss	cheatsheet_jpg	99	2	scripts/jobs/qwen3/natugu/grammar/original/chain_gloss_v2/run_chain_gloss_cheatsheet_jpg.sh	results/chain_gloss_v2/qwen3/natugu/grammar/original/chain_gloss_cheatsheet_jpg.jsonl	metrics/chain_gloss_v2/qwen3/natugu/grammar/original/chain_gloss_cheatsheet_jpg.json
qwen3_natugu_grammar_original_shot_summary_tables_txt	curated_v1	qwen3	Natugu	grammar	original	shot	summary_tables_txt	99	0	scripts/jobs/qwen3/natugu/grammar/original/curated_v1/run_shot_summary_tables_txt.sh	results/curated_v1/qwen3/natugu/grammar/original/shot_summary_tables_txt.jsonl	metrics/curated_v1/qwen3/natugu/grammar/original/shot_summary_tables_txt.json
qwen3_natugu_grammar_original_modelgloss_summary_tables_txt	curated_v1	qwen3	Natugu	grammar	original	modelgloss	summary_tables_txt	99	0	scripts/jobs/qwen3/natugu/grammar/original/curated_v1/run_modelgloss_summary_tables_txt.sh	results/curated_v1/qwen3/natugu/grammar/original/modelgloss_summary_tables_txt.jsonl	metrics/curated_v1/qwen3/natugu/grammar/original/modelgloss_summary_tables_txt.json
qwen3_natugu_grammar_original_chain_gloss_summary_tables_txt	chain_gloss_v2	qwen3	Natugu	grammar	original	chain_gloss	summary_tables_txt	99	0	scripts/jobs/qwen3/natugu/grammar/original/chain_gloss_v2/run_chain_gloss_summary_tables_txt.sh	results/chain_gloss_v2/qwen3/natugu/grammar/original/chain_gloss_summary_tables_txt.jsonl	metrics/chain_gloss_v2/qwen3/natugu/grammar/original/chain_gloss_summary_tables_txt.json
qwen3_natugu_grammar_original_shot_summary_tables_jpg	curated_v1	qwen3	Natugu	grammar	original	shot	summary_tables_jpg	99	2	scripts/jobs/qwen3/natugu/grammar/original/curated_v1/run_shot_summary_tables_jpg.sh	results/curated_v1/qwen3/natugu/grammar/original/shot_summary_tables_jpg.jsonl	metrics/curated_v1/qwen3/natugu/grammar/original/shot_summary_tables_jpg.json
qwen3_natugu_grammar_original_modelgloss_summary_tables_jpg	curated_v1	qwen3	Natugu	grammar	original	modelgloss	summary_tables_jpg	99	2	scripts/jobs/qwen3/natugu/grammar/original/curated_v1/run_modelgloss_summary_tables_jpg.sh	results/curated_v1/qwen3/natugu/grammar/original/modelgloss_summary_tables_jpg.jsonl	metrics/curated_v1/qwen3/natugu/grammar/original/modelgloss_summary_tables_jpg.json
qwen3_natugu_grammar_original_chain_gloss_summary_tables_jpg	chain_gloss_v2	qwen3	Natugu	grammar	original	chain_gloss	summary_tables_jpg	99	2	scripts/jobs/qwen3/natugu/grammar/original/chain_gloss_v2/run_chain_gloss_summary_tables_jpg.sh	results/chain_gloss_v2/qwen3/natugu/grammar/original/chain_gloss_summary_tables_jpg.jsonl	metrics/chain_gloss_v2/qwen3/natugu/grammar/original/chain_gloss_summary_tables_jpg.json
qwen3_natugu_grammar_original_shot_summary_text_txt	curated_v1	qwen3	Natugu	grammar	original	shot	summary_text_txt	99	0	scripts/jobs/qwen3/natugu/grammar/original/curated_v1/run_shot_summary_text_txt.sh	results/curated_v1/qwen3/natugu/grammar/original/shot_summary_text_txt.jsonl	metrics/curated_v1/qwen3/natugu/grammar/original/shot_summary_text_txt.json
qwen3_natugu_grammar_original_modelgloss_summary_text_txt	curated_v1	qwen3	Natugu	grammar	original	modelgloss	summary_text_txt	99	0	scripts/jobs/qwen3/natugu/grammar/original/curated_v1/run_modelgloss_summary_text_txt.sh	results/curated_v1/qwen3/natugu/grammar/original/modelgloss_summary_text_txt.jsonl	metrics/curated_v1/qwen3/natugu/grammar/original/modelgloss_summary_text_txt.json
qwen3_natugu_grammar_original_chain_gloss_summary_text_txt	chain_gloss_v2	qwen3	Natugu	grammar	original	chain_gloss	summary_text_txt	99	0	scripts/jobs/qwen3/natugu/grammar/original/chain_gloss_v2/run_chain_gloss_summary_text_txt.sh	results/chain_gloss_v2/qwen3/natugu/grammar/original/chain_gloss_summary_text_txt.jsonl	metrics/chain_gloss_v2/qwen3/natugu/grammar/original/chain_gloss_summary_text_txt.json
qwen3_natugu_grammar_original_shot_pdfpages_impactful_jpg	curated_v1	qwen3	Natugu	grammar	original	shot	pdfpages_impactful_jpg	99	9	scripts/jobs/qwen3/natugu/grammar/original/curated_v1/run_shot_pdfpages_impactful_jpg.sh	results/curated_v1/qwen3/natugu/grammar/original/shot_pdfpages_impactful_jpg.jsonl	metrics/curated_v1/qwen3/natugu/grammar/original/shot_pdfpages_impactful_jpg.json
qwen3_natugu_grammar_original_modelgloss_pdfpages_impactful_jpg	curated_v1	qwen3	Natugu	grammar	original	modelgloss	pdfpages_impactful_jpg	99	9	scripts/jobs/qwen3/natugu/grammar/original/curated_v1/run_modelgloss_pdfpages_impactful_jpg.sh	results/curated_v1/qwen3/natugu/grammar/original/modelgloss_pdfpages_impactful_jpg.jsonl	metrics/curated_v1/qwen3/natugu/grammar/original/modelgloss_pdfpages_impactful_jpg.json
qwen3_natugu_grammar_original_chain_gloss_pdfpages_impactful_jpg	chain_gloss_v2	qwen3	Natugu	grammar	original	chain_gloss	pdfpages_impactful_jpg	99	9	scripts/jobs/qwen3/natugu/grammar/original/chain_gloss_v2/run_chain_gloss_pdfpages_impactful_jpg.sh	results/chain_gloss_v2/qwen3/natugu/grammar/original/chain_gloss_pdfpages_impactful_jpg.jsonl	metrics/chain_gloss_v2/qwen3/natugu/grammar/original/chain_gloss_pdfpages_impactful_jpg.json
qwen3_tsez_grammar_original_shot_cheatsheet_txt	curated_v1	qwen3	Tsez	grammar	original	shot	cheatsheet_txt	445	0	scripts/jobs/qwen3/tsez/grammar/original/curated_v1/run_shot_cheatsheet_txt.sh	results/curated_v1/qwen3/tsez/grammar/original/shot_cheatsheet_txt.jsonl	metrics/curated_v1/qwen3/tsez/grammar/original/shot_cheatsheet_txt.json
qwen3_tsez_grammar_original_modelgloss_cheatsheet_txt	curated_v1	qwen3	Tsez	grammar	original	modelgloss	cheatsheet_txt	445	0	scripts/jobs/qwen3/tsez/grammar/original/curated_v1/run_modelgloss_cheatsheet_txt.sh	results/curated_v1/qwen3/tsez/grammar/original/modelgloss_cheatsheet_txt.jsonl	metrics/curated_v1/qwen3/tsez/grammar/original/modelgloss_cheatsheet_txt.json
qwen3_tsez_grammar_original_chain_gloss_cheatsheet_txt	chain_gloss_v2	qwen3	Tsez	grammar	original	chain_gloss	cheatsheet_txt	445	0	scripts/jobs/qwen3/tsez/grammar/original/chain_gloss_v2/run_chain_gloss_cheatsheet_txt.sh	results/chain_gloss_v2/qwen3/tsez/grammar/original/chain_gloss_cheatsheet_txt.jsonl	metrics/chain_gloss_v2/qwen3/tsez/grammar/original/chain_gloss_cheatsheet_txt.json
qwen3_tsez_grammar_original_shot_cheatsheet_jpg	curated_v1	qwen3	Tsez	grammar	original	shot	cheatsheet_jpg	445	2	scripts/jobs/qwen3/tsez/grammar/original/curated_v1/run_shot_cheatsheet_jpg.sh	results/curated_v1/qwen3/tsez/grammar/original/shot_cheatsheet_jpg.jsonl	metrics/curated_v1/qwen3/tsez/grammar/original/shot_cheatsheet_jpg.json
qwen3_tsez_grammar_original_modelgloss_cheatsheet_jpg	curated_v1	qwen3	Tsez	grammar	original	modelgloss	cheatsheet_jpg	445	2	scripts/jobs/qwen3/tsez/grammar/original/curated_v1/run_modelgloss_cheatsheet_jpg.sh	results/curated_v1/qwen3/tsez/grammar/original/modelgloss_cheatsheet_jpg.jsonl	metrics/curated_v1/qwen3/tsez/grammar/original/modelgloss_cheatsheet_jpg.json
qwen3_tsez_grammar_original_chain_gloss_cheatsheet_jpg	chain_gloss_v2	qwen3	Tsez	grammar	original	chain_gloss	cheatsheet_jpg	445	2	scripts/jobs/qwen3/tsez/grammar/original/chain_gloss_v2/run_chain_gloss_cheatsheet_jpg.sh	results/chain_gloss_v2/qwen3/tsez/grammar/original/chain_gloss_cheatsheet_jpg.jsonl	metrics/chain_gloss_v2/qwen3/tsez/grammar/original/chain_gloss_cheatsheet_jpg.json
qwen3_tsez_grammar_original_shot_summary_tables_txt	curated_v1	qwen3	Tsez	grammar	original	shot	summary_tables_txt	445	0	scripts/jobs/qwen3/tsez/grammar/original/curated_v1/run_shot_summary_tables_txt.sh	results/curated_v1/qwen3/tsez/grammar/original/shot_summary_tables_txt.jsonl	metrics/curated_v1/qwen3/tsez/grammar/original/shot_summary_tables_txt.json
qwen3_tsez_grammar_original_modelgloss_summary_tables_txt	curated_v1	qwen3	Tsez	grammar	original	modelgloss	summary_tables_txt	445	0	scripts/jobs/qwen3/tsez/grammar/original/curated_v1/run_modelgloss_summary_tables_txt.sh	results/curated_v1/qwen3/tsez/grammar/original/modelgloss_summary_tables_txt.jsonl	metrics/curated_v1/qwen3/tsez/grammar/original/modelgloss_summary_tables_txt.json
qwen3_tsez_grammar_original_chain_gloss_summary_tables_txt	chain_gloss_v2	qwen3	Tsez	grammar	original	chain_gloss	summary_tables_txt	445	0	scripts/jobs/qwen3/tsez/grammar/original/chain_gloss_v2/run_chain_gloss_summary_tables_txt.sh	results/chain_gloss_v2/qwen3/tsez/grammar/original/chain_gloss_summary_tables_txt.jsonl	metrics/chain_gloss_v2/qwen3/tsez/grammar/original/chain_gloss_summary_tables_txt.json
qwen3_tsez_grammar_original_shot_summary_tables_jpg	curated_v1	qwen3	Tsez	grammar	original	shot	summary_tables_jpg	445	2	scripts/jobs/qwen3/tsez/grammar/original/curated_v1/run_shot_summary_tables_jpg.sh	results/curated_v1/qwen3/tsez/grammar/original/shot_summary_tables_jpg.jsonl	metrics/curated_v1/qwen3/tsez/grammar/original/shot_summary_tables_jpg.json
qwen3_tsez_grammar_original_modelgloss_summary_tables_jpg	curated_v1	qwen3	Tsez	grammar	original	modelgloss	summary_tables_jpg	445	2	scripts/jobs/qwen3/tsez/grammar/original/curated_v1/run_modelgloss_summary_tables_jpg.sh	results/curated_v1/qwen3/tsez/grammar/original/modelgloss_summary_tables_jpg.jsonl	metrics/curated_v1/qwen3/tsez/grammar/original/modelgloss_summary_tables_jpg.json
qwen3_tsez_grammar_original_chain_gloss_summary_tables_jpg	chain_gloss_v2	qwen3	Tsez	grammar	original	chain_gloss	summary_tables_jpg	445	2	scripts/jobs/qwen3/tsez/grammar/original/chain_gloss_v2/run_chain_gloss_summary_tables_jpg.sh	results/chain_gloss_v2/qwen3/tsez/grammar/original/chain_gloss_summary_tables_jpg.jsonl	metrics/chain_gloss_v2/qwen3/tsez/grammar/original/chain_gloss_summary_tables_jpg.json
qwen3_tsez_grammar_original_shot_summary_text_txt	curated_v1	qwen3	Tsez	grammar	original	shot	summary_text_txt	445	0	scripts/jobs/qwen3/tsez/grammar/original/curated_v1/run_shot_summary_text_txt.sh	results/curated_v1/qwen3/tsez/grammar/original/shot_summary_text_txt.jsonl	metrics/curated_v1/qwen3/tsez/grammar/original/shot_summary_text_txt.json
qwen3_tsez_grammar_original_modelgloss_summary_text_txt	curated_v1	qwen3	Tsez	grammar	original	modelgloss	summary_text_txt	445	0	scripts/jobs/qwen3/tsez/grammar/original/curated_v1/run_modelgloss_summary_text_txt.sh	results/curated_v1/qwen3/tsez/grammar/original/modelgloss_summary_text_txt.jsonl	metrics/curated_v1/qwen3/tsez/grammar/original/modelgloss_summary_text_txt.json
qwen3_tsez_grammar_original_chain_gloss_summary_text_txt	chain_gloss_v2	qwen3	Tsez	grammar	original	chain_gloss	summary_text_txt	445	0	scripts/jobs/qwen3/tsez/grammar/original/chain_gloss_v2/run_chain_gloss_summary_text_txt.sh	results/chain_gloss_v2/qwen3/tsez/grammar/original/chain_gloss_summary_text_txt.jsonl	metrics/chain_gloss_v2/qwen3/tsez/grammar/original/chain_gloss_summary_text_txt.json
qwen3_tsez_grammar_original_shot_pdfpages_impactful_jpg	curated_v1	qwen3	Tsez	grammar	original	shot	pdfpages_impactful_jpg	445	9	scripts/jobs/qwen3/tsez/grammar/original/curated_v1/run_shot_pdfpages_impactful_jpg.sh	results/curated_v1/qwen3/tsez/grammar/original/shot_pdfpages_impactful_jpg.jsonl	metrics/curated_v1/qwen3/tsez/grammar/original/shot_pdfpages_impactful_jpg.json
qwen3_tsez_grammar_original_modelgloss_pdfpages_impactful_jpg	curated_v1	qwen3	Tsez	grammar	original	modelgloss	pdfpages_impactful_jpg	445	9	scripts/jobs/qwen3/tsez/grammar/original/curated_v1/run_modelgloss_pdfpages_impactful_jpg.sh	results/curated_v1/qwen3/tsez/grammar/original/modelgloss_pdfpages_impactful_jpg.jsonl	metrics/curated_v1/qwen3/tsez/grammar/original/modelgloss_pdfpages_impactful_jpg.json
qwen3_tsez_grammar_original_chain_gloss_pdfpages_impactful_jpg	chain_gloss_v2	qwen3	Tsez	grammar	original	chain_gloss	pdfpages_impactful_jpg	445	9	scripts/jobs/qwen3/tsez/grammar/original/chain_gloss_v2/run_chain_gloss_pdfpages_impactful_jpg.sh	results/chain_gloss_v2/qwen3/tsez/grammar/original/chain_gloss_pdfpages_impactful_jpg.jsonl	metrics/chain_gloss_v2/qwen3/tsez/grammar/original/chain_gloss_pdfpages_impactful_jpg.json
qwen3_lezgi_grammar_cyrillic_shot_cheatsheet_txt	curated_v1	qwen3	Lezgi	grammar	cyrillic	shot	cheatsheet_txt	87	0	scripts/jobs/qwen3/lezgi/grammar/cyrillic/curated_v1/run_shot_cheatsheet_txt.sh	results/curated_v1/qwen3/lezgi/grammar/cyrillic/shot_cheatsheet_txt.jsonl	metrics/curated_v1/qwen3/lezgi/grammar/cyrillic/shot_cheatsheet_txt.json
qwen3_lezgi_grammar_cyrillic_modelgloss_cheatsheet_txt	curated_v1	qwen3	Lezgi	grammar	cyrillic	modelgloss	cheatsheet_txt	87	0	scripts/jobs/qwen3/lezgi/grammar/cyrillic/curated_v1/run_modelgloss_cheatsheet_txt.sh	results/curated_v1/qwen3/lezgi/grammar/cyrillic/modelgloss_cheatsheet_txt.jsonl	metrics/curated_v1/qwen3/lezgi/grammar/cyrillic/modelgloss_cheatsheet_txt.json
qwen3_lezgi_grammar_cyrillic_chain_gloss_cheatsheet_txt	chain_gloss_v2	qwen3	Lezgi	grammar	cyrillic	chain_gloss	cheatsheet_txt	87	0	scripts/jobs/qwen3/lezgi/grammar/cyrillic/chain_gloss_v2/run_chain_gloss_cheatsheet_txt.sh	results/chain_gloss_v2/qwen3/lezgi/grammar/cyrillic/chain_gloss_cheatsheet_txt.jsonl	metrics/chain_gloss_v2/qwen3/lezgi/grammar/cyrillic/chain_gloss_cheatsheet_txt.json
qwen3_lezgi_grammar_cyrillic_shot_cheatsheet_jpg	curated_v1	qwen3	Lezgi	grammar	cyrillic	shot	cheatsheet_jpg	87	2	scripts/jobs/qwen3/lezgi/grammar/cyrillic/curated_v1/run_shot_cheatsheet_jpg.sh	results/curated_v1/qwen3/lezgi/grammar/cyrillic/shot_cheatsheet_jpg.jsonl	metrics/curated_v1/qwen3/lezgi/grammar/cyrillic/shot_cheatsheet_jpg.json
qwen3_lezgi_grammar_cyrillic_modelgloss_cheatsheet_jpg	curated_v1	qwen3	Lezgi	grammar	cyrillic	modelgloss	cheatsheet_jpg	87	2	scripts/jobs/qwen3/lezgi/grammar/cyrillic/curated_v1/run_modelgloss_cheatsheet_jpg.sh	results/curated_v1/qwen3/lezgi/grammar/cyrillic/modelgloss_cheatsheet_jpg.jsonl	metrics/curated_v1/qwen3/lezgi/grammar/cyrillic/modelgloss_cheatsheet_jpg.json
qwen3_lezgi_grammar_cyrillic_chain_gloss_cheatsheet_jpg	chain_gloss_v2	qwen3	Lezgi	grammar	cyrillic	chain_gloss	cheatsheet_jpg	87	2	scripts/jobs/qwen3/lezgi/grammar/cyrillic/chain_gloss_v2/run_chain_gloss_cheatsheet_jpg.sh	results/chain_gloss_v2/qwen3/lezgi/grammar/cyrillic/chain_gloss_cheatsheet_jpg.jsonl	metrics/chain_gloss_v2/qwen3/lezgi/grammar/cyrillic/chain_gloss_cheatsheet_jpg.json
qwen3_lezgi_grammar_cyrillic_shot_summary_tables_txt	curated_v1	qwen3	Lezgi	grammar	cyrillic	shot	summary_tables_txt	87	0	scripts/jobs/qwen3/lezgi/grammar/cyrillic/curated_v1/run_shot_summary_tables_txt.sh	results/curated_v1/qwen3/lezgi/grammar/cyrillic/shot_summary_tables_txt.jsonl	metrics/curated_v1/qwen3/lezgi/grammar/cyrillic/shot_summary_tables_txt.json
qwen3_lezgi_grammar_cyrillic_modelgloss_summary_tables_txt	curated_v1	qwen3	Lezgi	grammar	cyrillic	modelgloss	summary_tables_txt	87	0	scripts/jobs/qwen3/lezgi/grammar/cyrillic/curated_v1/run_modelgloss_summary_tables_txt.sh	results/curated_v1/qwen3/lezgi/grammar/cyrillic/modelgloss_summary_tables_txt.jsonl	metrics/curated_v1/qwen3/lezgi/grammar/cyrillic/modelgloss_summary_tables_txt.json
qwen3_lezgi_grammar_cyrillic_chain_gloss_summary_tables_txt	chain_gloss_v2	qwen3	Lezgi	grammar	cyrillic	chain_gloss	summary_tables_txt	87	0	scripts/jobs/qwen3/lezgi/grammar/cyrillic/chain_gloss_v2/run_chain_gloss_summary_tables_txt.sh	results/chain_gloss_v2/qwen3/lezgi/grammar/cyrillic/chain_gloss_summary_tables_txt.jsonl	metrics/chain_gloss_v2/qwen3/lezgi/grammar/cyrillic/chain_gloss_summary_tables_txt.json
qwen3_lezgi_grammar_cyrillic_shot_summary_tables_jpg	curated_v1	qwen3	Lezgi	grammar	cyrillic	shot	summary_tables_jpg	87	2	scripts/jobs/qwen3/lezgi/grammar/cyrillic/curated_v1/run_shot_summary_tables_jpg.sh	results/curated_v1/qwen3/lezgi/grammar/cyrillic/shot_summary_tables_jpg.jsonl	metrics/curated_v1/qwen3/lezgi/grammar/cyrillic/shot_summary_tables_jpg.json
qwen3_lezgi_grammar_cyrillic_modelgloss_summary_tables_jpg	curated_v1	qwen3	Lezgi	grammar	cyrillic	modelgloss	summary_tables_jpg	87	2	scripts/jobs/qwen3/lezgi/grammar/cyrillic/curated_v1/run_modelgloss_summary_tables_jpg.sh	results/curated_v1/qwen3/lezgi/grammar/cyrillic/modelgloss_summary_tables_jpg.jsonl	metrics/curated_v1/qwen3/lezgi/grammar/cyrillic/modelgloss_summary_tables_jpg.json
qwen3_lezgi_grammar_cyrillic_chain_gloss_summary_tables_jpg	chain_gloss_v2	qwen3	Lezgi	grammar	cyrillic	chain_gloss	summary_tables_jpg	87	2	scripts/jobs/qwen3/lezgi/grammar/cyrillic/chain_gloss_v2/run_chain_gloss_summary_tables_jpg.sh	results/chain_gloss_v2/qwen3/lezgi/grammar/cyrillic/chain_gloss_summary_tables_jpg.jsonl	metrics/chain_gloss_v2/qwen3/lezgi/grammar/cyrillic/chain_gloss_summary_tables_jpg.json
qwen3_lezgi_grammar_cyrillic_shot_summary_text_txt	curated_v1	qwen3	Lezgi	grammar	cyrillic	shot	summary_text_txt	87	0	scripts/jobs/qwen3/lezgi/grammar/cyrillic/curated_v1/run_shot_summary_text_txt.sh	results/curated_v1/qwen3/lezgi/grammar/cyrillic/shot_summary_text_txt.jsonl	metrics/curated_v1/qwen3/lezgi/grammar/cyrillic/shot_summary_text_txt.json
qwen3_lezgi_grammar_cyrillic_modelgloss_summary_text_txt	curated_v1	qwen3	Lezgi	grammar	cyrillic	modelgloss	summary_text_txt	87	0	scripts/jobs/qwen3/lezgi/grammar/cyrillic/curated_v1/run_modelgloss_summary_text_txt.sh	results/curated_v1/qwen3/lezgi/grammar/cyrillic/modelgloss_summary_text_txt.jsonl	metrics/curated_v1/qwen3/lezgi/grammar/cyrillic/modelgloss_summary_text_txt.json
qwen3_lezgi_grammar_cyrillic_chain_gloss_summary_text_txt	chain_gloss_v2	qwen3	Lezgi	grammar	cyrillic	chain_gloss	summary_text_txt	87	0	scripts/jobs/qwen3/lezgi/grammar/cyrillic/chain_gloss_v2/run_chain_gloss_summary_text_txt.sh	results/chain_gloss_v2/qwen3/lezgi/grammar/cyrillic/chain_gloss_summary_text_txt.jsonl	metrics/chain_gloss_v2/qwen3/lezgi/grammar/cyrillic/chain_gloss_summary_text_txt.json
qwen35_gitksan_pdf1_brown_original_shot_cheatsheet_txt	curated_v1	qwen35	Gitksan	pdf1_brown	original	shot	cheatsheet_txt	37	0	scripts/jobs/qwen35/gitksan/pdf1_brown/original/curated_v1/run_shot_cheatsheet_txt.sh	results/curated_v1/qwen35/gitksan/pdf1_brown/original/shot_cheatsheet_txt.jsonl	metrics/curated_v1/qwen35/gitksan/pdf1_brown/original/shot_cheatsheet_txt.json
qwen35_gitksan_pdf1_brown_original_modelgloss_cheatsheet_txt	curated_v1	qwen35	Gitksan	pdf1_brown	original	modelgloss	cheatsheet_txt	37	0	scripts/jobs/qwen35/gitksan/pdf1_brown/original/curated_v1/run_modelgloss_cheatsheet_txt.sh	results/curated_v1/qwen35/gitksan/pdf1_brown/original/modelgloss_cheatsheet_txt.jsonl	metrics/curated_v1/qwen35/gitksan/pdf1_brown/original/modelgloss_cheatsheet_txt.json
qwen35_gitksan_pdf1_brown_original_chain_gloss_cheatsheet_txt	chain_gloss_v2	qwen35	Gitksan	pdf1_brown	original	chain_gloss	cheatsheet_txt	37	0	scripts/jobs/qwen35/gitksan/pdf1_brown/original/chain_gloss_v2/run_chain_gloss_cheatsheet_txt.sh	results/chain_gloss_v2/qwen35/gitksan/pdf1_brown/original/chain_gloss_cheatsheet_txt.jsonl	metrics/chain_gloss_v2/qwen35/gitksan/pdf1_brown/original/chain_gloss_cheatsheet_txt.json
qwen35_gitksan_pdf1_brown_original_shot_cheatsheet_jpg	curated_v1	qwen35	Gitksan	pdf1_brown	original	shot	cheatsheet_jpg	37	1	scripts/jobs/qwen35/gitksan/pdf1_brown/original/curated_v1/run_shot_cheatsheet_jpg.sh	results/curated_v1/qwen35/gitksan/pdf1_brown/original/shot_cheatsheet_jpg.jsonl	metrics/curated_v1/qwen35/gitksan/pdf1_brown/original/shot_cheatsheet_jpg.json
qwen35_gitksan_pdf1_brown_original_modelgloss_cheatsheet_jpg	curated_v1	qwen35	Gitksan	pdf1_brown	original	modelgloss	cheatsheet_jpg	37	1	scripts/jobs/qwen35/gitksan/pdf1_brown/original/curated_v1/run_modelgloss_cheatsheet_jpg.sh	results/curated_v1/qwen35/gitksan/pdf1_brown/original/modelgloss_cheatsheet_jpg.jsonl	metrics/curated_v1/qwen35/gitksan/pdf1_brown/original/modelgloss_cheatsheet_jpg.json
qwen35_gitksan_pdf1_brown_original_chain_gloss_cheatsheet_jpg	chain_gloss_v2	qwen35	Gitksan	pdf1_brown	original	chain_gloss	cheatsheet_jpg	37	1	scripts/jobs/qwen35/gitksan/pdf1_brown/original/chain_gloss_v2/run_chain_gloss_cheatsheet_jpg.sh	results/chain_gloss_v2/qwen35/gitksan/pdf1_brown/original/chain_gloss_cheatsheet_jpg.jsonl	metrics/chain_gloss_v2/qwen35/gitksan/pdf1_brown/original/chain_gloss_cheatsheet_jpg.json
qwen35_gitksan_pdf1_brown_original_shot_summary_tables_txt	curated_v1	qwen35	Gitksan	pdf1_brown	original	shot	summary_tables_txt	37	0	scripts/jobs/qwen35/gitksan/pdf1_brown/original/curated_v1/run_shot_summary_tables_txt.sh	results/curated_v1/qwen35/gitksan/pdf1_brown/original/shot_summary_tables_txt.jsonl	metrics/curated_v1/qwen35/gitksan/pdf1_brown/original/shot_summary_tables_txt.json
qwen35_gitksan_pdf1_brown_original_modelgloss_summary_tables_txt	curated_v1	qwen35	Gitksan	pdf1_brown	original	modelgloss	summary_tables_txt	37	0	scripts/jobs/qwen35/gitksan/pdf1_brown/original/curated_v1/run_modelgloss_summary_tables_txt.sh	results/curated_v1/qwen35/gitksan/pdf1_brown/original/modelgloss_summary_tables_txt.jsonl	metrics/curated_v1/qwen35/gitksan/pdf1_brown/original/modelgloss_summary_tables_txt.json
qwen35_gitksan_pdf1_brown_original_chain_gloss_summary_tables_txt	chain_gloss_v2	qwen35	Gitksan	pdf1_brown	original	chain_gloss	summary_tables_txt	37	0	scripts/jobs/qwen35/gitksan/pdf1_brown/original/chain_gloss_v2/run_chain_gloss_summary_tables_txt.sh	results/chain_gloss_v2/qwen35/gitksan/pdf1_brown/original/chain_gloss_summary_tables_txt.jsonl	metrics/chain_gloss_v2/qwen35/gitksan/pdf1_brown/original/chain_gloss_summary_tables_txt.json
qwen35_gitksan_pdf1_brown_original_shot_summary_tables_jpg	curated_v1	qwen35	Gitksan	pdf1_brown	original	shot	summary_tables_jpg	37	1	scripts/jobs/qwen35/gitksan/pdf1_brown/original/curated_v1/run_shot_summary_tables_jpg.sh	results/curated_v1/qwen35/gitksan/pdf1_brown/original/shot_summary_tables_jpg.jsonl	metrics/curated_v1/qwen35/gitksan/pdf1_brown/original/shot_summary_tables_jpg.json
qwen35_gitksan_pdf1_brown_original_modelgloss_summary_tables_jpg	curated_v1	qwen35	Gitksan	pdf1_brown	original	modelgloss	summary_tables_jpg	37	1	scripts/jobs/qwen35/gitksan/pdf1_brown/original/curated_v1/run_modelgloss_summary_tables_jpg.sh	results/curated_v1/qwen35/gitksan/pdf1_brown/original/modelgloss_summary_tables_jpg.jsonl	metrics/curated_v1/qwen35/gitksan/pdf1_brown/original/modelgloss_summary_tables_jpg.json
qwen35_gitksan_pdf1_brown_original_chain_gloss_summary_tables_jpg	chain_gloss_v2	qwen35	Gitksan	pdf1_brown	original	chain_gloss	summary_tables_jpg	37	1	scripts/jobs/qwen35/gitksan/pdf1_brown/original/chain_gloss_v2/run_chain_gloss_summary_tables_jpg.sh	results/chain_gloss_v2/qwen35/gitksan/pdf1_brown/original/chain_gloss_summary_tables_jpg.jsonl	metrics/chain_gloss_v2/qwen35/gitksan/pdf1_brown/original/chain_gloss_summary_tables_jpg.json
qwen35_gitksan_pdf1_brown_original_shot_summary_text_txt	curated_v1	qwen35	Gitksan	pdf1_brown	original	shot	summary_text_txt	37	0	scripts/jobs/qwen35/gitksan/pdf1_brown/original/curated_v1/run_shot_summary_text_txt.sh	results/curated_v1/qwen35/gitksan/pdf1_brown/original/shot_summary_text_txt.jsonl	metrics/curated_v1/qwen35/gitksan/pdf1_brown/original/shot_summary_text_txt.json
qwen35_gitksan_pdf1_brown_original_modelgloss_summary_text_txt	curated_v1	qwen35	Gitksan	pdf1_brown	original	modelgloss	summary_text_txt	37	0	scripts/jobs/qwen35/gitksan/pdf1_brown/original/curated_v1/run_modelgloss_summary_text_txt.sh	results/curated_v1/qwen35/gitksan/pdf1_brown/original/modelgloss_summary_text_txt.jsonl	metrics/curated_v1/qwen35/gitksan/pdf1_brown/original/modelgloss_summary_text_txt.json
qwen35_gitksan_pdf1_brown_original_chain_gloss_summary_text_txt	chain_gloss_v2	qwen35	Gitksan	pdf1_brown	original	chain_gloss	summary_text_txt	37	0	scripts/jobs/qwen35/gitksan/pdf1_brown/original/chain_gloss_v2/run_chain_gloss_summary_text_txt.sh	results/chain_gloss_v2/qwen35/gitksan/pdf1_brown/original/chain_gloss_summary_text_txt.jsonl	metrics/chain_gloss_v2/qwen35/gitksan/pdf1_brown/original/chain_gloss_summary_text_txt.json
qwen35_gitksan_pdf1_brown_original_shot_pdfpages_impactful_jpg	curated_v1	qwen35	Gitksan	pdf1_brown	original	shot	pdfpages_impactful_jpg	37	9	scripts/jobs/qwen35/gitksan/pdf1_brown/original/curated_v1/run_shot_pdfpages_impactful_jpg.sh	results/curated_v1/qwen35/gitksan/pdf1_brown/original/shot_pdfpages_impactful_jpg.jsonl	metrics/curated_v1/qwen35/gitksan/pdf1_brown/original/shot_pdfpages_impactful_jpg.json
qwen35_gitksan_pdf1_brown_original_modelgloss_pdfpages_impactful_jpg	curated_v1	qwen35	Gitksan	pdf1_brown	original	modelgloss	pdfpages_impactful_jpg	37	9	scripts/jobs/qwen35/gitksan/pdf1_brown/original/curated_v1/run_modelgloss_pdfpages_impactful_jpg.sh	results/curated_v1/qwen35/gitksan/pdf1_brown/original/modelgloss_pdfpages_impactful_jpg.jsonl	metrics/curated_v1/qwen35/gitksan/pdf1_brown/original/modelgloss_pdfpages_impactful_jpg.json
qwen35_gitksan_pdf1_brown_original_chain_gloss_pdfpages_impactful_jpg	chain_gloss_v2	qwen35	Gitksan	pdf1_brown	original	chain_gloss	pdfpages_impactful_jpg	37	9	scripts/jobs/qwen35/gitksan/pdf1_brown/original/chain_gloss_v2/run_chain_gloss_pdfpages_impactful_jpg.sh	results/chain_gloss_v2/qwen35/gitksan/pdf1_brown/original/chain_gloss_pdfpages_impactful_jpg.jsonl	metrics/chain_gloss_v2/qwen35/gitksan/pdf1_brown/original/chain_gloss_pdfpages_impactful_jpg.json
qwen35_gitksan_pdf2_rigsby_original_shot_cheatsheet_txt	curated_v1	qwen35	Gitksan	pdf2_rigsby	original	shot	cheatsheet_txt	37	0	scripts/jobs/qwen35/gitksan/pdf2_rigsby/original/curated_v1/run_shot_cheatsheet_txt.sh	results/curated_v1/qwen35/gitksan/pdf2_rigsby/original/shot_cheatsheet_txt.jsonl	metrics/curated_v1/qwen35/gitksan/pdf2_rigsby/original/shot_cheatsheet_txt.json
qwen35_gitksan_pdf2_rigsby_original_modelgloss_cheatsheet_txt	curated_v1	qwen35	Gitksan	pdf2_rigsby	original	modelgloss	cheatsheet_txt	37	0	scripts/jobs/qwen35/gitksan/pdf2_rigsby/original/curated_v1/run_modelgloss_cheatsheet_txt.sh	results/curated_v1/qwen35/gitksan/pdf2_rigsby/original/modelgloss_cheatsheet_txt.jsonl	metrics/curated_v1/qwen35/gitksan/pdf2_rigsby/original/modelgloss_cheatsheet_txt.json
qwen35_gitksan_pdf2_rigsby_original_chain_gloss_cheatsheet_txt	chain_gloss_v2	qwen35	Gitksan	pdf2_rigsby	original	chain_gloss	cheatsheet_txt	37	0	scripts/jobs/qwen35/gitksan/pdf2_rigsby/original/chain_gloss_v2/run_chain_gloss_cheatsheet_txt.sh	results/chain_gloss_v2/qwen35/gitksan/pdf2_rigsby/original/chain_gloss_cheatsheet_txt.jsonl	metrics/chain_gloss_v2/qwen35/gitksan/pdf2_rigsby/original/chain_gloss_cheatsheet_txt.json
qwen35_gitksan_pdf2_rigsby_original_shot_cheatsheet_jpg	curated_v1	qwen35	Gitksan	pdf2_rigsby	original	shot	cheatsheet_jpg	37	1	scripts/jobs/qwen35/gitksan/pdf2_rigsby/original/curated_v1/run_shot_cheatsheet_jpg.sh	results/curated_v1/qwen35/gitksan/pdf2_rigsby/original/shot_cheatsheet_jpg.jsonl	metrics/curated_v1/qwen35/gitksan/pdf2_rigsby/original/shot_cheatsheet_jpg.json
qwen35_gitksan_pdf2_rigsby_original_modelgloss_cheatsheet_jpg	curated_v1	qwen35	Gitksan	pdf2_rigsby	original	modelgloss	cheatsheet_jpg	37	1	scripts/jobs/qwen35/gitksan/pdf2_rigsby/original/curated_v1/run_modelgloss_cheatsheet_jpg.sh	results/curated_v1/qwen35/gitksan/pdf2_rigsby/original/modelgloss_cheatsheet_jpg.jsonl	metrics/curated_v1/qwen35/gitksan/pdf2_rigsby/original/modelgloss_cheatsheet_jpg.json
qwen35_gitksan_pdf2_rigsby_original_chain_gloss_cheatsheet_jpg	chain_gloss_v2	qwen35	Gitksan	pdf2_rigsby	original	chain_gloss	cheatsheet_jpg	37	1	scripts/jobs/qwen35/gitksan/pdf2_rigsby/original/chain_gloss_v2/run_chain_gloss_cheatsheet_jpg.sh	results/chain_gloss_v2/qwen35/gitksan/pdf2_rigsby/original/chain_gloss_cheatsheet_jpg.jsonl	metrics/chain_gloss_v2/qwen35/gitksan/pdf2_rigsby/original/chain_gloss_cheatsheet_jpg.json
qwen35_gitksan_pdf2_rigsby_original_shot_summary_tables_txt	curated_v1	qwen35	Gitksan	pdf2_rigsby	original	shot	summary_tables_txt	37	0	scripts/jobs/qwen35/gitksan/pdf2_rigsby/original/curated_v1/run_shot_summary_tables_txt.sh	results/curated_v1/qwen35/gitksan/pdf2_rigsby/original/shot_summary_tables_txt.jsonl	metrics/curated_v1/qwen35/gitksan/pdf2_rigsby/original/shot_summary_tables_txt.json
qwen35_gitksan_pdf2_rigsby_original_modelgloss_summary_tables_txt	curated_v1	qwen35	Gitksan	pdf2_rigsby	original	modelgloss	summary_tables_txt	37	0	scripts/jobs/qwen35/gitksan/pdf2_rigsby/original/curated_v1/run_modelgloss_summary_tables_txt.sh	results/curated_v1/qwen35/gitksan/pdf2_rigsby/original/modelgloss_summary_tables_txt.jsonl	metrics/curated_v1/qwen35/gitksan/pdf2_rigsby/original/modelgloss_summary_tables_txt.json
qwen35_gitksan_pdf2_rigsby_original_chain_gloss_summary_tables_txt	chain_gloss_v2	qwen35	Gitksan	pdf2_rigsby	original	chain_gloss	summary_tables_txt	37	0	scripts/jobs/qwen35/gitksan/pdf2_rigsby/original/chain_gloss_v2/run_chain_gloss_summary_tables_txt.sh	results/chain_gloss_v2/qwen35/gitksan/pdf2_rigsby/original/chain_gloss_summary_tables_txt.jsonl	metrics/chain_gloss_v2/qwen35/gitksan/pdf2_rigsby/original/chain_gloss_summary_tables_txt.json
qwen35_gitksan_pdf2_rigsby_original_shot_summary_tables_jpg	curated_v1	qwen35	Gitksan	pdf2_rigsby	original	shot	summary_tables_jpg	37	1	scripts/jobs/qwen35/gitksan/pdf2_rigsby/original/curated_v1/run_shot_summary_tables_jpg.sh	results/curated_v1/qwen35/gitksan/pdf2_rigsby/original/shot_summary_tables_jpg.jsonl	metrics/curated_v1/qwen35/gitksan/pdf2_rigsby/original/shot_summary_tables_jpg.json
qwen35_gitksan_pdf2_rigsby_original_modelgloss_summary_tables_jpg	curated_v1	qwen35	Gitksan	pdf2_rigsby	original	modelgloss	summary_tables_jpg	37	1	scripts/jobs/qwen35/gitksan/pdf2_rigsby/original/curated_v1/run_modelgloss_summary_tables_jpg.sh	results/curated_v1/qwen35/gitksan/pdf2_rigsby/original/modelgloss_summary_tables_jpg.jsonl	metrics/curated_v1/qwen35/gitksan/pdf2_rigsby/original/modelgloss_summary_tables_jpg.json
qwen35_gitksan_pdf2_rigsby_original_chain_gloss_summary_tables_jpg	chain_gloss_v2	qwen35	Gitksan	pdf2_rigsby	original	chain_gloss	summary_tables_jpg	37	1	scripts/jobs/qwen35/gitksan/pdf2_rigsby/original/chain_gloss_v2/run_chain_gloss_summary_tables_jpg.sh	results/chain_gloss_v2/qwen35/gitksan/pdf2_rigsby/original/chain_gloss_summary_tables_jpg.jsonl	metrics/chain_gloss_v2/qwen35/gitksan/pdf2_rigsby/original/chain_gloss_summary_tables_jpg.json
qwen35_gitksan_pdf2_rigsby_original_shot_summary_text_txt	curated_v1	qwen35	Gitksan	pdf2_rigsby	original	shot	summary_text_txt	37	0	scripts/jobs/qwen35/gitksan/pdf2_rigsby/original/curated_v1/run_shot_summary_text_txt.sh	results/curated_v1/qwen35/gitksan/pdf2_rigsby/original/shot_summary_text_txt.jsonl	metrics/curated_v1/qwen35/gitksan/pdf2_rigsby/original/shot_summary_text_txt.json
qwen35_gitksan_pdf2_rigsby_original_modelgloss_summary_text_txt	curated_v1	qwen35	Gitksan	pdf2_rigsby	original	modelgloss	summary_text_txt	37	0	scripts/jobs/qwen35/gitksan/pdf2_rigsby/original/curated_v1/run_modelgloss_summary_text_txt.sh	results/curated_v1/qwen35/gitksan/pdf2_rigsby/original/modelgloss_summary_text_txt.jsonl	metrics/curated_v1/qwen35/gitksan/pdf2_rigsby/original/modelgloss_summary_text_txt.json
qwen35_gitksan_pdf2_rigsby_original_chain_gloss_summary_text_txt	chain_gloss_v2	qwen35	Gitksan	pdf2_rigsby	original	chain_gloss	summary_text_txt	37	0	scripts/jobs/qwen35/gitksan/pdf2_rigsby/original/chain_gloss_v2/run_chain_gloss_summary_text_txt.sh	results/chain_gloss_v2/qwen35/gitksan/pdf2_rigsby/original/chain_gloss_summary_text_txt.jsonl	metrics/chain_gloss_v2/qwen35/gitksan/pdf2_rigsby/original/chain_gloss_summary_text_txt.json
qwen35_gitksan_pdf2_rigsby_original_shot_pdfpages_impactful_jpg	curated_v1	qwen35	Gitksan	pdf2_rigsby	original	shot	pdfpages_impactful_jpg	37	6	scripts/jobs/qwen35/gitksan/pdf2_rigsby/original/curated_v1/run_shot_pdfpages_impactful_jpg.sh	results/curated_v1/qwen35/gitksan/pdf2_rigsby/original/shot_pdfpages_impactful_jpg.jsonl	metrics/curated_v1/qwen35/gitksan/pdf2_rigsby/original/shot_pdfpages_impactful_jpg.json
qwen35_gitksan_pdf2_rigsby_original_modelgloss_pdfpages_impactful_jpg	curated_v1	qwen35	Gitksan	pdf2_rigsby	original	modelgloss	pdfpages_impactful_jpg	37	6	scripts/jobs/qwen35/gitksan/pdf2_rigsby/original/curated_v1/run_modelgloss_pdfpages_impactful_jpg.sh	results/curated_v1/qwen35/gitksan/pdf2_rigsby/original/modelgloss_pdfpages_impactful_jpg.jsonl	metrics/curated_v1/qwen35/gitksan/pdf2_rigsby/original/modelgloss_pdfpages_impactful_jpg.json
qwen35_gitksan_pdf2_rigsby_original_chain_gloss_pdfpages_impactful_jpg	chain_gloss_v2	qwen35	Gitksan	pdf2_rigsby	original	chain_gloss	pdfpages_impactful_jpg	37	6	scripts/jobs/qwen35/gitksan/pdf2_rigsby/original/chain_gloss_v2/run_chain_gloss_pdfpages_impactful_jpg.sh	results/chain_gloss_v2/qwen35/gitksan/pdf2_rigsby/original/chain_gloss_pdfpages_impactful_jpg.jsonl	metrics/chain_gloss_v2/qwen35/gitksan/pdf2_rigsby/original/chain_gloss_pdfpages_impactful_jpg.json
qwen35_lezgi_grammar_original_shot_cheatsheet_txt	curated_v1	qwen35	Lezgi	grammar	original	shot	cheatsheet_txt	87	0	scripts/jobs/qwen35/lezgi/grammar/original/curated_v1/run_shot_cheatsheet_txt.sh	results/curated_v1/qwen35/lezgi/grammar/original/shot_cheatsheet_txt.jsonl	metrics/curated_v1/qwen35/lezgi/grammar/original/shot_cheatsheet_txt.json
qwen35_lezgi_grammar_original_modelgloss_cheatsheet_txt	curated_v1	qwen35	Lezgi	grammar	original	modelgloss	cheatsheet_txt	87	0	scripts/jobs/qwen35/lezgi/grammar/original/curated_v1/run_modelgloss_cheatsheet_txt.sh	results/curated_v1/qwen35/lezgi/grammar/original/modelgloss_cheatsheet_txt.jsonl	metrics/curated_v1/qwen35/lezgi/grammar/original/modelgloss_cheatsheet_txt.json
qwen35_lezgi_grammar_original_chain_gloss_cheatsheet_txt	chain_gloss_v2	qwen35	Lezgi	grammar	original	chain_gloss	cheatsheet_txt	87	0	scripts/jobs/qwen35/lezgi/grammar/original/chain_gloss_v2/run_chain_gloss_cheatsheet_txt.sh	results/chain_gloss_v2/qwen35/lezgi/grammar/original/chain_gloss_cheatsheet_txt.jsonl	metrics/chain_gloss_v2/qwen35/lezgi/grammar/original/chain_gloss_cheatsheet_txt.json
qwen35_lezgi_grammar_original_shot_cheatsheet_jpg	curated_v1	qwen35	Lezgi	grammar	original	shot	cheatsheet_jpg	87	1	scripts/jobs/qwen35/lezgi/grammar/original/curated_v1/run_shot_cheatsheet_jpg.sh	results/curated_v1/qwen35/lezgi/grammar/original/shot_cheatsheet_jpg.jsonl	metrics/curated_v1/qwen35/lezgi/grammar/original/shot_cheatsheet_jpg.json
qwen35_lezgi_grammar_original_modelgloss_cheatsheet_jpg	curated_v1	qwen35	Lezgi	grammar	original	modelgloss	cheatsheet_jpg	87	1	scripts/jobs/qwen35/lezgi/grammar/original/curated_v1/run_modelgloss_cheatsheet_jpg.sh	results/curated_v1/qwen35/lezgi/grammar/original/modelgloss_cheatsheet_jpg.jsonl	metrics/curated_v1/qwen35/lezgi/grammar/original/modelgloss_cheatsheet_jpg.json
qwen35_lezgi_grammar_original_chain_gloss_cheatsheet_jpg	chain_gloss_v2	qwen35	Lezgi	grammar	original	chain_gloss	cheatsheet_jpg	87	1	scripts/jobs/qwen35/lezgi/grammar/original/chain_gloss_v2/run_chain_gloss_cheatsheet_jpg.sh	results/chain_gloss_v2/qwen35/lezgi/grammar/original/chain_gloss_cheatsheet_jpg.jsonl	metrics/chain_gloss_v2/qwen35/lezgi/grammar/original/chain_gloss_cheatsheet_jpg.json
qwen35_lezgi_grammar_original_shot_summary_tables_txt	curated_v1	qwen35	Lezgi	grammar	original	shot	summary_tables_txt	87	0	scripts/jobs/qwen35/lezgi/grammar/original/curated_v1/run_shot_summary_tables_txt.sh	results/curated_v1/qwen35/lezgi/grammar/original/shot_summary_tables_txt.jsonl	metrics/curated_v1/qwen35/lezgi/grammar/original/shot_summary_tables_txt.json
qwen35_lezgi_grammar_original_modelgloss_summary_tables_txt	curated_v1	qwen35	Lezgi	grammar	original	modelgloss	summary_tables_txt	87	0	scripts/jobs/qwen35/lezgi/grammar/original/curated_v1/run_modelgloss_summary_tables_txt.sh	results/curated_v1/qwen35/lezgi/grammar/original/modelgloss_summary_tables_txt.jsonl	metrics/curated_v1/qwen35/lezgi/grammar/original/modelgloss_summary_tables_txt.json
qwen35_lezgi_grammar_original_chain_gloss_summary_tables_txt	chain_gloss_v2	qwen35	Lezgi	grammar	original	chain_gloss	summary_tables_txt	87	0	scripts/jobs/qwen35/lezgi/grammar/original/chain_gloss_v2/run_chain_gloss_summary_tables_txt.sh	results/chain_gloss_v2/qwen35/lezgi/grammar/original/chain_gloss_summary_tables_txt.jsonl	metrics/chain_gloss_v2/qwen35/lezgi/grammar/original/chain_gloss_summary_tables_txt.json
qwen35_lezgi_grammar_original_shot_summary_tables_jpg	curated_v1	qwen35	Lezgi	grammar	original	shot	summary_tables_jpg	87	2	scripts/jobs/qwen35/lezgi/grammar/original/curated_v1/run_shot_summary_tables_jpg.sh	results/curated_v1/qwen35/lezgi/grammar/original/shot_summary_tables_jpg.jsonl	metrics/curated_v1/qwen35/lezgi/grammar/original/shot_summary_tables_jpg.json
qwen35_lezgi_grammar_original_modelgloss_summary_tables_jpg	curated_v1	qwen35	Lezgi	grammar	original	modelgloss	summary_tables_jpg	87	2	scripts/jobs/qwen35/lezgi/grammar/original/curated_v1/run_modelgloss_summary_tables_jpg.sh	results/curated_v1/qwen35/lezgi/grammar/original/modelgloss_summary_tables_jpg.jsonl	metrics/curated_v1/qwen35/lezgi/grammar/original/modelgloss_summary_tables_jpg.json
qwen35_lezgi_grammar_original_chain_gloss_summary_tables_jpg	chain_gloss_v2	qwen35	Lezgi	grammar	original	chain_gloss	summary_tables_jpg	87	2	scripts/jobs/qwen35/lezgi/grammar/original/chain_gloss_v2/run_chain_gloss_summary_tables_jpg.sh	results/chain_gloss_v2/qwen35/lezgi/grammar/original/chain_gloss_summary_tables_jpg.jsonl	metrics/chain_gloss_v2/qwen35/lezgi/grammar/original/chain_gloss_summary_tables_jpg.json
qwen35_lezgi_grammar_original_shot_summary_text_txt	curated_v1	qwen35	Lezgi	grammar	original	shot	summary_text_txt	87	0	scripts/jobs/qwen35/lezgi/grammar/original/curated_v1/run_shot_summary_text_txt.sh	results/curated_v1/qwen35/lezgi/grammar/original/shot_summary_text_txt.jsonl	metrics/curated_v1/qwen35/lezgi/grammar/original/shot_summary_text_txt.json
qwen35_lezgi_grammar_original_modelgloss_summary_text_txt	curated_v1	qwen35	Lezgi	grammar	original	modelgloss	summary_text_txt	87	0	scripts/jobs/qwen35/lezgi/grammar/original/curated_v1/run_modelgloss_summary_text_txt.sh	results/curated_v1/qwen35/lezgi/grammar/original/modelgloss_summary_text_txt.jsonl	metrics/curated_v1/qwen35/lezgi/grammar/original/modelgloss_summary_text_txt.json
qwen35_lezgi_grammar_original_chain_gloss_summary_text_txt	chain_gloss_v2	qwen35	Lezgi	grammar	original	chain_gloss	summary_text_txt	87	0	scripts/jobs/qwen35/lezgi/grammar/original/chain_gloss_v2/run_chain_gloss_summary_text_txt.sh	results/chain_gloss_v2/qwen35/lezgi/grammar/original/chain_gloss_summary_text_txt.jsonl	metrics/chain_gloss_v2/qwen35/lezgi/grammar/original/chain_gloss_summary_text_txt.json
qwen35_lezgi_grammar_original_shot_pdfpages_impactful_jpg	curated_v1	qwen35	Lezgi	grammar	original	shot	pdfpages_impactful_jpg	87	9	scripts/jobs/qwen35/lezgi/grammar/original/curated_v1/run_shot_pdfpages_impactful_jpg.sh	results/curated_v1/qwen35/lezgi/grammar/original/shot_pdfpages_impactful_jpg.jsonl	metrics/curated_v1/qwen35/lezgi/grammar/original/shot_pdfpages_impactful_jpg.json
qwen35_lezgi_grammar_original_modelgloss_pdfpages_impactful_jpg	curated_v1	qwen35	Lezgi	grammar	original	modelgloss	pdfpages_impactful_jpg	87	9	scripts/jobs/qwen35/lezgi/grammar/original/curated_v1/run_modelgloss_pdfpages_impactful_jpg.sh	results/curated_v1/qwen35/lezgi/grammar/original/modelgloss_pdfpages_impactful_jpg.jsonl	metrics/curated_v1/qwen35/lezgi/grammar/original/modelgloss_pdfpages_impactful_jpg.json
qwen35_lezgi_grammar_original_chain_gloss_pdfpages_impactful_jpg	chain_gloss_v2	qwen35	Lezgi	grammar	original	chain_gloss	pdfpages_impactful_jpg	87	9	scripts/jobs/qwen35/lezgi/grammar/original/chain_gloss_v2/run_chain_gloss_pdfpages_impactful_jpg.sh	results/chain_gloss_v2/qwen35/lezgi/grammar/original/chain_gloss_pdfpages_impactful_jpg.jsonl	metrics/chain_gloss_v2/qwen35/lezgi/grammar/original/chain_gloss_pdfpages_impactful_jpg.json
qwen35_natugu_grammar_original_shot_cheatsheet_txt	curated_v1	qwen35	Natugu	grammar	original	shot	cheatsheet_txt	99	0	scripts/jobs/qwen35/natugu/grammar/original/curated_v1/run_shot_cheatsheet_txt.sh	results/curated_v1/qwen35/natugu/grammar/original/shot_cheatsheet_txt.jsonl	metrics/curated_v1/qwen35/natugu/grammar/original/shot_cheatsheet_txt.json
qwen35_natugu_grammar_original_modelgloss_cheatsheet_txt	curated_v1	qwen35	Natugu	grammar	original	modelgloss	cheatsheet_txt	99	0	scripts/jobs/qwen35/natugu/grammar/original/curated_v1/run_modelgloss_cheatsheet_txt.sh	results/curated_v1/qwen35/natugu/grammar/original/modelgloss_cheatsheet_txt.jsonl	metrics/curated_v1/qwen35/natugu/grammar/original/modelgloss_cheatsheet_txt.json
qwen35_natugu_grammar_original_chain_gloss_cheatsheet_txt	chain_gloss_v2	qwen35	Natugu	grammar	original	chain_gloss	cheatsheet_txt	99	0	scripts/jobs/qwen35/natugu/grammar/original/chain_gloss_v2/run_chain_gloss_cheatsheet_txt.sh	results/chain_gloss_v2/qwen35/natugu/grammar/original/chain_gloss_cheatsheet_txt.jsonl	metrics/chain_gloss_v2/qwen35/natugu/grammar/original/chain_gloss_cheatsheet_txt.json
qwen35_natugu_grammar_original_shot_cheatsheet_jpg	curated_v1	qwen35	Natugu	grammar	original	shot	cheatsheet_jpg	99	2	scripts/jobs/qwen35/natugu/grammar/original/curated_v1/run_shot_cheatsheet_jpg.sh	results/curated_v1/qwen35/natugu/grammar/original/shot_cheatsheet_jpg.jsonl	metrics/curated_v1/qwen35/natugu/grammar/original/shot_cheatsheet_jpg.json
qwen35_natugu_grammar_original_modelgloss_cheatsheet_jpg	curated_v1	qwen35	Natugu	grammar	original	modelgloss	cheatsheet_jpg	99	2	scripts/jobs/qwen35/natugu/grammar/original/curated_v1/run_modelgloss_cheatsheet_jpg.sh	results/curated_v1/qwen35/natugu/grammar/original/modelgloss_cheatsheet_jpg.jsonl	metrics/curated_v1/qwen35/natugu/grammar/original/modelgloss_cheatsheet_jpg.json
qwen35_natugu_grammar_original_chain_gloss_cheatsheet_jpg	chain_gloss_v2	qwen35	Natugu	grammar	original	chain_gloss	cheatsheet_jpg	99	2	scripts/jobs/qwen35/natugu/grammar/original/chain_gloss_v2/run_chain_gloss_cheatsheet_jpg.sh	results/chain_gloss_v2/qwen35/natugu/grammar/original/chain_gloss_cheatsheet_jpg.jsonl	metrics/chain_gloss_v2/qwen35/natugu/grammar/original/chain_gloss_cheatsheet_jpg.json
qwen35_natugu_grammar_original_shot_summary_tables_txt	curated_v1	qwen35	Natugu	grammar	original	shot	summary_tables_txt	99	0	scripts/jobs/qwen35/natugu/grammar/original/curated_v1/run_shot_summary_tables_txt.sh	results/curated_v1/qwen35/natugu/grammar/original/shot_summary_tables_txt.jsonl	metrics/curated_v1/qwen35/natugu/grammar/original/shot_summary_tables_txt.json
qwen35_natugu_grammar_original_modelgloss_summary_tables_txt	curated_v1	qwen35	Natugu	grammar	original	modelgloss	summary_tables_txt	99	0	scripts/jobs/qwen35/natugu/grammar/original/curated_v1/run_modelgloss_summary_tables_txt.sh	results/curated_v1/qwen35/natugu/grammar/original/modelgloss_summary_tables_txt.jsonl	metrics/curated_v1/qwen35/natugu/grammar/original/modelgloss_summary_tables_txt.json
qwen35_natugu_grammar_original_chain_gloss_summary_tables_txt	chain_gloss_v2	qwen35	Natugu	grammar	original	chain_gloss	summary_tables_txt	99	0	scripts/jobs/qwen35/natugu/grammar/original/chain_gloss_v2/run_chain_gloss_summary_tables_txt.sh	results/chain_gloss_v2/qwen35/natugu/grammar/original/chain_gloss_summary_tables_txt.jsonl	metrics/chain_gloss_v2/qwen35/natugu/grammar/original/chain_gloss_summary_tables_txt.json
qwen35_natugu_grammar_original_shot_summary_tables_jpg	curated_v1	qwen35	Natugu	grammar	original	shot	summary_tables_jpg	99	2	scripts/jobs/qwen35/natugu/grammar/original/curated_v1/run_shot_summary_tables_jpg.sh	results/curated_v1/qwen35/natugu/grammar/original/shot_summary_tables_jpg.jsonl	metrics/curated_v1/qwen35/natugu/grammar/original/shot_summary_tables_jpg.json
qwen35_natugu_grammar_original_modelgloss_summary_tables_jpg	curated_v1	qwen35	Natugu	grammar	original	modelgloss	summary_tables_jpg	99	2	scripts/jobs/qwen35/natugu/grammar/original/curated_v1/run_modelgloss_summary_tables_jpg.sh	results/curated_v1/qwen35/natugu/grammar/original/modelgloss_summary_tables_jpg.jsonl	metrics/curated_v1/qwen35/natugu/grammar/original/modelgloss_summary_tables_jpg.json
qwen35_natugu_grammar_original_chain_gloss_summary_tables_jpg	chain_gloss_v2	qwen35	Natugu	grammar	original	chain_gloss	summary_tables_jpg	99	2	scripts/jobs/qwen35/natugu/grammar/original/chain_gloss_v2/run_chain_gloss_summary_tables_jpg.sh	results/chain_gloss_v2/qwen35/natugu/grammar/original/chain_gloss_summary_tables_jpg.jsonl	metrics/chain_gloss_v2/qwen35/natugu/grammar/original/chain_gloss_summary_tables_jpg.json
qwen35_natugu_grammar_original_shot_summary_text_txt	curated_v1	qwen35	Natugu	grammar	original	shot	summary_text_txt	99	0	scripts/jobs/qwen35/natugu/grammar/original/curated_v1/run_shot_summary_text_txt.sh	results/curated_v1/qwen35/natugu/grammar/original/shot_summary_text_txt.jsonl	metrics/curated_v1/qwen35/natugu/grammar/original/shot_summary_text_txt.json
qwen35_natugu_grammar_original_modelgloss_summary_text_txt	curated_v1	qwen35	Natugu	grammar	original	modelgloss	summary_text_txt	99	0	scripts/jobs/qwen35/natugu/grammar/original/curated_v1/run_modelgloss_summary_text_txt.sh	results/curated_v1/qwen35/natugu/grammar/original/modelgloss_summary_text_txt.jsonl	metrics/curated_v1/qwen35/natugu/grammar/original/modelgloss_summary_text_txt.json
qwen35_natugu_grammar_original_chain_gloss_summary_text_txt	chain_gloss_v2	qwen35	Natugu	grammar	original	chain_gloss	summary_text_txt	99	0	scripts/jobs/qwen35/natugu/grammar/original/chain_gloss_v2/run_chain_gloss_summary_text_txt.sh	results/chain_gloss_v2/qwen35/natugu/grammar/original/chain_gloss_summary_text_txt.jsonl	metrics/chain_gloss_v2/qwen35/natugu/grammar/original/chain_gloss_summary_text_txt.json
qwen35_natugu_grammar_original_shot_pdfpages_impactful_jpg	curated_v1	qwen35	Natugu	grammar	original	shot	pdfpages_impactful_jpg	99	9	scripts/jobs/qwen35/natugu/grammar/original/curated_v1/run_shot_pdfpages_impactful_jpg.sh	results/curated_v1/qwen35/natugu/grammar/original/shot_pdfpages_impactful_jpg.jsonl	metrics/curated_v1/qwen35/natugu/grammar/original/shot_pdfpages_impactful_jpg.json
qwen35_natugu_grammar_original_modelgloss_pdfpages_impactful_jpg	curated_v1	qwen35	Natugu	grammar	original	modelgloss	pdfpages_impactful_jpg	99	9	scripts/jobs/qwen35/natugu/grammar/original/curated_v1/run_modelgloss_pdfpages_impactful_jpg.sh	results/curated_v1/qwen35/natugu/grammar/original/modelgloss_pdfpages_impactful_jpg.jsonl	metrics/curated_v1/qwen35/natugu/grammar/original/modelgloss_pdfpages_impactful_jpg.json
qwen35_natugu_grammar_original_chain_gloss_pdfpages_impactful_jpg	chain_gloss_v2	qwen35	Natugu	grammar	original	chain_gloss	pdfpages_impactful_jpg	99	9	scripts/jobs/qwen35/natugu/grammar/original/chain_gloss_v2/run_chain_gloss_pdfpages_impactful_jpg.sh	results/chain_gloss_v2/qwen35/natugu/grammar/original/chain_gloss_pdfpages_impactful_jpg.jsonl	metrics/chain_gloss_v2/qwen35/natugu/grammar/original/chain_gloss_pdfpages_impactful_jpg.json
qwen35_tsez_grammar_original_shot_cheatsheet_txt	curated_v1	qwen35	Tsez	grammar	original	shot	cheatsheet_txt	445	0	scripts/jobs/qwen35/tsez/grammar/original/curated_v1/run_shot_cheatsheet_txt.sh	results/curated_v1/qwen35/tsez/grammar/original/shot_cheatsheet_txt.jsonl	metrics/curated_v1/qwen35/tsez/grammar/original/shot_cheatsheet_txt.json
qwen35_tsez_grammar_original_modelgloss_cheatsheet_txt	curated_v1	qwen35	Tsez	grammar	original	modelgloss	cheatsheet_txt	445	0	scripts/jobs/qwen35/tsez/grammar/original/curated_v1/run_modelgloss_cheatsheet_txt.sh	results/curated_v1/qwen35/tsez/grammar/original/modelgloss_cheatsheet_txt.jsonl	metrics/curated_v1/qwen35/tsez/grammar/original/modelgloss_cheatsheet_txt.json
qwen35_tsez_grammar_original_chain_gloss_cheatsheet_txt	chain_gloss_v2	qwen35	Tsez	grammar	original	chain_gloss	cheatsheet_txt	445	0	scripts/jobs/qwen35/tsez/grammar/original/chain_gloss_v2/run_chain_gloss_cheatsheet_txt.sh	results/chain_gloss_v2/qwen35/tsez/grammar/original/chain_gloss_cheatsheet_txt.jsonl	metrics/chain_gloss_v2/qwen35/tsez/grammar/original/chain_gloss_cheatsheet_txt.json
qwen35_tsez_grammar_original_shot_cheatsheet_jpg	curated_v1	qwen35	Tsez	grammar	original	shot	cheatsheet_jpg	445	2	scripts/jobs/qwen35/tsez/grammar/original/curated_v1/run_shot_cheatsheet_jpg.sh	results/curated_v1/qwen35/tsez/grammar/original/shot_cheatsheet_jpg.jsonl	metrics/curated_v1/qwen35/tsez/grammar/original/shot_cheatsheet_jpg.json
qwen35_tsez_grammar_original_modelgloss_cheatsheet_jpg	curated_v1	qwen35	Tsez	grammar	original	modelgloss	cheatsheet_jpg	445	2	scripts/jobs/qwen35/tsez/grammar/original/curated_v1/run_modelgloss_cheatsheet_jpg.sh	results/curated_v1/qwen35/tsez/grammar/original/modelgloss_cheatsheet_jpg.jsonl	metrics/curated_v1/qwen35/tsez/grammar/original/modelgloss_cheatsheet_jpg.json
qwen35_tsez_grammar_original_chain_gloss_cheatsheet_jpg	chain_gloss_v2	qwen35	Tsez	grammar	original	chain_gloss	cheatsheet_jpg	445	2	scripts/jobs/qwen35/tsez/grammar/original/chain_gloss_v2/run_chain_gloss_cheatsheet_jpg.sh	results/chain_gloss_v2/qwen35/tsez/grammar/original/chain_gloss_cheatsheet_jpg.jsonl	metrics/chain_gloss_v2/qwen35/tsez/grammar/original/chain_gloss_cheatsheet_jpg.json
qwen35_tsez_grammar_original_shot_summary_tables_txt	curated_v1	qwen35	Tsez	grammar	original	shot	summary_tables_txt	445	0	scripts/jobs/qwen35/tsez/grammar/original/curated_v1/run_shot_summary_tables_txt.sh	results/curated_v1/qwen35/tsez/grammar/original/shot_summary_tables_txt.jsonl	metrics/curated_v1/qwen35/tsez/grammar/original/shot_summary_tables_txt.json
qwen35_tsez_grammar_original_modelgloss_summary_tables_txt	curated_v1	qwen35	Tsez	grammar	original	modelgloss	summary_tables_txt	445	0	scripts/jobs/qwen35/tsez/grammar/original/curated_v1/run_modelgloss_summary_tables_txt.sh	results/curated_v1/qwen35/tsez/grammar/original/modelgloss_summary_tables_txt.jsonl	metrics/curated_v1/qwen35/tsez/grammar/original/modelgloss_summary_tables_txt.json
qwen35_tsez_grammar_original_chain_gloss_summary_tables_txt	chain_gloss_v2	qwen35	Tsez	grammar	original	chain_gloss	summary_tables_txt	445	0	scripts/jobs/qwen35/tsez/grammar/original/chain_gloss_v2/run_chain_gloss_summary_tables_txt.sh	results/chain_gloss_v2/qwen35/tsez/grammar/original/chain_gloss_summary_tables_txt.jsonl	metrics/chain_gloss_v2/qwen35/tsez/grammar/original/chain_gloss_summary_tables_txt.json
qwen35_tsez_grammar_original_shot_summary_tables_jpg	curated_v1	qwen35	Tsez	grammar	original	shot	summary_tables_jpg	445	2	scripts/jobs/qwen35/tsez/grammar/original/curated_v1/run_shot_summary_tables_jpg.sh	results/curated_v1/qwen35/tsez/grammar/original/shot_summary_tables_jpg.jsonl	metrics/curated_v1/qwen35/tsez/grammar/original/shot_summary_tables_jpg.json
qwen35_tsez_grammar_original_modelgloss_summary_tables_jpg	curated_v1	qwen35	Tsez	grammar	original	modelgloss	summary_tables_jpg	445	2	scripts/jobs/qwen35/tsez/grammar/original/curated_v1/run_modelgloss_summary_tables_jpg.sh	results/curated_v1/qwen35/tsez/grammar/original/modelgloss_summary_tables_jpg.jsonl	metrics/curated_v1/qwen35/tsez/grammar/original/modelgloss_summary_tables_jpg.json
qwen35_tsez_grammar_original_chain_gloss_summary_tables_jpg	chain_gloss_v2	qwen35	Tsez	grammar	original	chain_gloss	summary_tables_jpg	445	2	scripts/jobs/qwen35/tsez/grammar/original/chain_gloss_v2/run_chain_gloss_summary_tables_jpg.sh	results/chain_gloss_v2/qwen35/tsez/grammar/original/chain_gloss_summary_tables_jpg.jsonl	metrics/chain_gloss_v2/qwen35/tsez/grammar/original/chain_gloss_summary_tables_jpg.json
qwen35_tsez_grammar_original_shot_summary_text_txt	curated_v1	qwen35	Tsez	grammar	original	shot	summary_text_txt	445	0	scripts/jobs/qwen35/tsez/grammar/original/curated_v1/run_shot_summary_text_txt.sh	results/curated_v1/qwen35/tsez/grammar/original/shot_summary_text_txt.jsonl	metrics/curated_v1/qwen35/tsez/grammar/original/shot_summary_text_txt.json
qwen35_tsez_grammar_original_modelgloss_summary_text_txt	curated_v1	qwen35	Tsez	grammar	original	modelgloss	summary_text_txt	445	0	scripts/jobs/qwen35/tsez/grammar/original/curated_v1/run_modelgloss_summary_text_txt.sh	results/curated_v1/qwen35/tsez/grammar/original/modelgloss_summary_text_txt.jsonl	metrics/curated_v1/qwen35/tsez/grammar/original/modelgloss_summary_text_txt.json
qwen35_tsez_grammar_original_chain_gloss_summary_text_txt	chain_gloss_v2	qwen35	Tsez	grammar	original	chain_gloss	summary_text_txt	445	0	scripts/jobs/qwen35/tsez/grammar/original/chain_gloss_v2/run_chain_gloss_summary_text_txt.sh	results/chain_gloss_v2/qwen35/tsez/grammar/original/chain_gloss_summary_text_txt.jsonl	metrics/chain_gloss_v2/qwen35/tsez/grammar/original/chain_gloss_summary_text_txt.json
qwen35_tsez_grammar_original_shot_pdfpages_impactful_jpg	curated_v1	qwen35	Tsez	grammar	original	shot	pdfpages_impactful_jpg	445	9	scripts/jobs/qwen35/tsez/grammar/original/curated_v1/run_shot_pdfpages_impactful_jpg.sh	results/curated_v1/qwen35/tsez/grammar/original/shot_pdfpages_impactful_jpg.jsonl	metrics/curated_v1/qwen35/tsez/grammar/original/shot_pdfpages_impactful_jpg.json
qwen35_tsez_grammar_original_modelgloss_pdfpages_impactful_jpg	curated_v1	qwen35	Tsez	grammar	original	modelgloss	pdfpages_impactful_jpg	445	9	scripts/jobs/qwen35/tsez/grammar/original/curated_v1/run_modelgloss_pdfpages_impactful_jpg.sh	results/curated_v1/qwen35/tsez/grammar/original/modelgloss_pdfpages_impactful_jpg.jsonl	metrics/curated_v1/qwen35/tsez/grammar/original/modelgloss_pdfpages_impactful_jpg.json
qwen35_tsez_grammar_original_chain_gloss_pdfpages_impactful_jpg	chain_gloss_v2	qwen35	Tsez	grammar	original	chain_gloss	pdfpages_impactful_jpg	445	9	scripts/jobs/qwen35/tsez/grammar/original/chain_gloss_v2/run_chain_gloss_pdfpages_impactful_jpg.sh	results/chain_gloss_v2/qwen35/tsez/grammar/original/chain_gloss_pdfpages_impactful_jpg.jsonl	metrics/chain_gloss_v2/qwen35/tsez/grammar/original/chain_gloss_pdfpages_impactful_jpg.json
qwen35_lezgi_grammar_cyrillic_shot_cheatsheet_txt	curated_v1	qwen35	Lezgi	grammar	cyrillic	shot	cheatsheet_txt	87	0	scripts/jobs/qwen35/lezgi/grammar/cyrillic/curated_v1/run_shot_cheatsheet_txt.sh	results/curated_v1/qwen35/lezgi/grammar/cyrillic/shot_cheatsheet_txt.jsonl	metrics/curated_v1/qwen35/lezgi/grammar/cyrillic/shot_cheatsheet_txt.json
qwen35_lezgi_grammar_cyrillic_modelgloss_cheatsheet_txt	curated_v1	qwen35	Lezgi	grammar	cyrillic	modelgloss	cheatsheet_txt	87	0	scripts/jobs/qwen35/lezgi/grammar/cyrillic/curated_v1/run_modelgloss_cheatsheet_txt.sh	results/curated_v1/qwen35/lezgi/grammar/cyrillic/modelgloss_cheatsheet_txt.jsonl	metrics/curated_v1/qwen35/lezgi/grammar/cyrillic/modelgloss_cheatsheet_txt.json
qwen35_lezgi_grammar_cyrillic_chain_gloss_cheatsheet_txt	chain_gloss_v2	qwen35	Lezgi	grammar	cyrillic	chain_gloss	cheatsheet_txt	87	0	scripts/jobs/qwen35/lezgi/grammar/cyrillic/chain_gloss_v2/run_chain_gloss_cheatsheet_txt.sh	results/chain_gloss_v2/qwen35/lezgi/grammar/cyrillic/chain_gloss_cheatsheet_txt.jsonl	metrics/chain_gloss_v2/qwen35/lezgi/grammar/cyrillic/chain_gloss_cheatsheet_txt.json
qwen35_lezgi_grammar_cyrillic_shot_cheatsheet_jpg	curated_v1	qwen35	Lezgi	grammar	cyrillic	shot	cheatsheet_jpg	87	2	scripts/jobs/qwen35/lezgi/grammar/cyrillic/curated_v1/run_shot_cheatsheet_jpg.sh	results/curated_v1/qwen35/lezgi/grammar/cyrillic/shot_cheatsheet_jpg.jsonl	metrics/curated_v1/qwen35/lezgi/grammar/cyrillic/shot_cheatsheet_jpg.json
qwen35_lezgi_grammar_cyrillic_modelgloss_cheatsheet_jpg	curated_v1	qwen35	Lezgi	grammar	cyrillic	modelgloss	cheatsheet_jpg	87	2	scripts/jobs/qwen35/lezgi/grammar/cyrillic/curated_v1/run_modelgloss_cheatsheet_jpg.sh	results/curated_v1/qwen35/lezgi/grammar/cyrillic/modelgloss_cheatsheet_jpg.jsonl	metrics/curated_v1/qwen35/lezgi/grammar/cyrillic/modelgloss_cheatsheet_jpg.json
qwen35_lezgi_grammar_cyrillic_chain_gloss_cheatsheet_jpg	chain_gloss_v2	qwen35	Lezgi	grammar	cyrillic	chain_gloss	cheatsheet_jpg	87	2	scripts/jobs/qwen35/lezgi/grammar/cyrillic/chain_gloss_v2/run_chain_gloss_cheatsheet_jpg.sh	results/chain_gloss_v2/qwen35/lezgi/grammar/cyrillic/chain_gloss_cheatsheet_jpg.jsonl	metrics/chain_gloss_v2/qwen35/lezgi/grammar/cyrillic/chain_gloss_cheatsheet_jpg.json
qwen35_lezgi_grammar_cyrillic_shot_summary_tables_txt	curated_v1	qwen35	Lezgi	grammar	cyrillic	shot	summary_tables_txt	87	0	scripts/jobs/qwen35/lezgi/grammar/cyrillic/curated_v1/run_shot_summary_tables_txt.sh	results/curated_v1/qwen35/lezgi/grammar/cyrillic/shot_summary_tables_txt.jsonl	metrics/curated_v1/qwen35/lezgi/grammar/cyrillic/shot_summary_tables_txt.json
qwen35_lezgi_grammar_cyrillic_modelgloss_summary_tables_txt	curated_v1	qwen35	Lezgi	grammar	cyrillic	modelgloss	summary_tables_txt	87	0	scripts/jobs/qwen35/lezgi/grammar/cyrillic/curated_v1/run_modelgloss_summary_tables_txt.sh	results/curated_v1/qwen35/lezgi/grammar/cyrillic/modelgloss_summary_tables_txt.jsonl	metrics/curated_v1/qwen35/lezgi/grammar/cyrillic/modelgloss_summary_tables_txt.json
qwen35_lezgi_grammar_cyrillic_chain_gloss_summary_tables_txt	chain_gloss_v2	qwen35	Lezgi	grammar	cyrillic	chain_gloss	summary_tables_txt	87	0	scripts/jobs/qwen35/lezgi/grammar/cyrillic/chain_gloss_v2/run_chain_gloss_summary_tables_txt.sh	results/chain_gloss_v2/qwen35/lezgi/grammar/cyrillic/chain_gloss_summary_tables_txt.jsonl	metrics/chain_gloss_v2/qwen35/lezgi/grammar/cyrillic/chain_gloss_summary_tables_txt.json
qwen35_lezgi_grammar_cyrillic_shot_summary_tables_jpg	curated_v1	qwen35	Lezgi	grammar	cyrillic	shot	summary_tables_jpg	87	2	scripts/jobs/qwen35/lezgi/grammar/cyrillic/curated_v1/run_shot_summary_tables_jpg.sh	results/curated_v1/qwen35/lezgi/grammar/cyrillic/shot_summary_tables_jpg.jsonl	metrics/curated_v1/qwen35/lezgi/grammar/cyrillic/shot_summary_tables_jpg.json
qwen35_lezgi_grammar_cyrillic_modelgloss_summary_tables_jpg	curated_v1	qwen35	Lezgi	grammar	cyrillic	modelgloss	summary_tables_jpg	87	2	scripts/jobs/qwen35/lezgi/grammar/cyrillic/curated_v1/run_modelgloss_summary_tables_jpg.sh	results/curated_v1/qwen35/lezgi/grammar/cyrillic/modelgloss_summary_tables_jpg.jsonl	metrics/curated_v1/qwen35/lezgi/grammar/cyrillic/modelgloss_summary_tables_jpg.json
qwen35_lezgi_grammar_cyrillic_chain_gloss_summary_tables_jpg	chain_gloss_v2	qwen35	Lezgi	grammar	cyrillic	chain_gloss	summary_tables_jpg	87	2	scripts/jobs/qwen35/lezgi/grammar/cyrillic/chain_gloss_v2/run_chain_gloss_summary_tables_jpg.sh	results/chain_gloss_v2/qwen35/lezgi/grammar/cyrillic/chain_gloss_summary_tables_jpg.jsonl	metrics/chain_gloss_v2/qwen35/lezgi/grammar/cyrillic/chain_gloss_summary_tables_jpg.json
qwen35_lezgi_grammar_cyrillic_shot_summary_text_txt	curated_v1	qwen35	Lezgi	grammar	cyrillic	shot	summary_text_txt	87	0	scripts/jobs/qwen35/lezgi/grammar/cyrillic/curated_v1/run_shot_summary_text_txt.sh	results/curated_v1/qwen35/lezgi/grammar/cyrillic/shot_summary_text_txt.jsonl	metrics/curated_v1/qwen35/lezgi/grammar/cyrillic/shot_summary_text_txt.json
qwen35_lezgi_grammar_cyrillic_modelgloss_summary_text_txt	curated_v1	qwen35	Lezgi	grammar	cyrillic	modelgloss	summary_text_txt	87	0	scripts/jobs/qwen35/lezgi/grammar/cyrillic/curated_v1/run_modelgloss_summary_text_txt.sh	results/curated_v1/qwen35/lezgi/grammar/cyrillic/modelgloss_summary_text_txt.jsonl	metrics/curated_v1/qwen35/lezgi/grammar/cyrillic/modelgloss_summary_text_txt.json
qwen35_lezgi_grammar_cyrillic_chain_gloss_summary_text_txt	chain_gloss_v2	qwen35	Lezgi	grammar	cyrillic	chain_gloss	summary_text_txt	87	0	scripts/jobs/qwen35/lezgi/grammar/cyrillic/chain_gloss_v2/run_chain_gloss_summary_text_txt.sh	results/chain_gloss_v2/qwen35/lezgi/grammar/cyrillic/chain_gloss_summary_text_txt.jsonl	metrics/chain_gloss_v2/qwen35/lezgi/grammar/cyrillic/chain_gloss_summary_text_txt.json
