old_path	new_path
scripts/jobs/qwen3/tsez/run_tsez_qwen_modelgloss_curated_v1_cheatsheet_txt.sh	archive/superseded_jobs/scripts/jobs/qwen3/tsez/run_tsez_qwen_modelgloss_curated_v1_cheatsheet_txt.sh
scripts/jobs/qwen3/tsez/run_tsez_qwen_curated_v1_cheatsheet_jpg.sh	archive/superseded_jobs/scripts/jobs/qwen3/tsez/run_tsez_qwen_curated_v1_cheatsheet_jpg.sh
scripts/jobs/qwen3/tsez/run_tsez_qwen_modelgloss_curated_v1_pdfpages_impactful_jpg.sh	archive/superseded_jobs/scripts/jobs/qwen3/tsez/run_tsez_qwen_modelgloss_curated_v1_pdfpages_impactful_jpg.sh
scripts/jobs/qwen3/tsez/run_tsez_qwen_modelgloss_curated_v1_summary_text_txt.sh	archive/superseded_jobs/scripts/jobs/qwen3/tsez/run_tsez_qwen_modelgloss_curated_v1_summary_text_txt.sh
scripts/jobs/qwen3/tsez/run_tsez_qwen_curated_v1_summary_tables_jpg.sh	archive/superseded_jobs/scripts/jobs/qwen3/tsez/run_tsez_qwen_curated_v1_summary_tables_jpg.sh
scripts/jobs/qwen3/tsez/run_tsez_qwen_curated_v1_pdfpages_impactful_jpg.sh	archive/superseded_jobs/scripts/jobs/qwen3/tsez/run_tsez_qwen_curated_v1_pdfpages_impactful_jpg.sh
scripts/jobs/qwen3/tsez/run_tsez_qwen_modelgloss_curated_v1_summary_tables_jpg.sh	archive/superseded_jobs/scripts/jobs/qwen3/tsez/run_tsez_qwen_modelgloss_curated_v1_summary_tables_jpg.sh
scripts/jobs/qwen3/tsez/run_tsez_qwen_modelgloss_curated_v1_summary_tables_txt.sh	archive/superseded_jobs/scripts/jobs/qwen3/tsez/run_tsez_qwen_modelgloss_curated_v1_summary_tables_txt.sh
scripts/jobs/qwen3/tsez/run_tsez_qwen_curated_v1_summary_tables_txt.sh	archive/superseded_jobs/scripts/jobs/qwen3/tsez/run_tsez_qwen_curated_v1_summary_tables_txt.sh
scripts/jobs/qwen3/tsez/run_tsez_qwen_modelgloss_curated_v1_cheatsheet_jpg.sh	archive/superseded_jobs/scripts/jobs/qwen3/tsez/run_tsez_qwen_modelgloss_curated_v1_cheatsheet_jpg.sh
scripts/jobs/qwen3/tsez/run_tsez_qwen_curated_v1_summary_text_txt.sh	archive/superseded_jobs/scripts/jobs/qwen3/tsez/run_tsez_qwen_curated_v1_summary_text_txt.sh
scripts/jobs/qwen3/tsez/run_tsez_qwen_curated_v1_cheatsheet_txt.sh	archive/superseded_jobs/scripts/jobs/qwen3/tsez/run_tsez_qwen_curated_v1_cheatsheet_txt.sh
scripts/jobs/qwen3/lezgi/run_lezgi_qwen_curated_v1_summary_tables_txt.sh	archive/superseded_jobs/scripts/jobs/qwen3/lezgi/run_lezgi_qwen_curated_v1_summary_tables_txt.sh
scripts/jobs/qwen3/lezgi/run_lezgi_qwen_curated_v1_summary_text_txt.sh	archive/superseded_jobs/scripts/jobs/qwen3/lezgi/run_lezgi_qwen_curated_v1_summary_text_txt.sh
scripts/jobs/qwen3/lezgi/run_lezgi_qwen_curated_v1_cheatsheet_txt.sh	archive/superseded_jobs/scripts/jobs/qwen3/lezgi/run_lezgi_qwen_curated_v1_cheatsheet_txt.sh
scripts/jobs/qwen3/lezgi/run_lezgi_qwen_curated_v1_cheatsheet_jpg.sh	archive/superseded_jobs/scripts/jobs/qwen3/lezgi/run_lezgi_qwen_curated_v1_cheatsheet_jpg.sh
scripts/jobs/qwen3/lezgi/run_lezgi_qwen_modelgloss_curated_v1_summary_tables_jpg.sh	archive/superseded_jobs/scripts/jobs/qwen3/lezgi/run_lezgi_qwen_modelgloss_curated_v1_summary_tables_jpg.sh
scripts/jobs/qwen3/lezgi/run_lezgi_qwen_modelgloss_curated_v1_summary_tables_txt.sh	archive/superseded_jobs/scripts/jobs/qwen3/lezgi/run_lezgi_qwen_modelgloss_curated_v1_summary_tables_txt.sh
scripts/jobs/qwen3/lezgi/run_lezgi_qwen_modelgloss_curated_v1_summary_text_txt.sh	archive/superseded_jobs/scripts/jobs/qwen3/lezgi/run_lezgi_qwen_modelgloss_curated_v1_summary_text_txt.sh
scripts/jobs/qwen3/lezgi/run_lezgi_qwen_curated_v1_summary_tables_jpg.sh	archive/superseded_jobs/scripts/jobs/qwen3/lezgi/run_lezgi_qwen_curated_v1_summary_tables_jpg.sh
scripts/jobs/qwen3/lezgi/run_lezgi_qwen_curated_v1_pdfpages_impactful_jpg.sh	archive/superseded_jobs/scripts/jobs/qwen3/lezgi/run_lezgi_qwen_curated_v1_pdfpages_impactful_jpg.sh
scripts/jobs/qwen3/lezgi/run_lezgi_qwen_modelgloss_curated_v1_pdfpages_impactful_jpg.sh	archive/superseded_jobs/scripts/jobs/qwen3/lezgi/run_lezgi_qwen_modelgloss_curated_v1_pdfpages_impactful_jpg.sh
scripts/jobs/qwen3/lezgi/run_lezgi_qwen_modelgloss_curated_v1_cheatsheet_txt.sh	archive/superseded_jobs/scripts/jobs/qwen3/lezgi/run_lezgi_qwen_modelgloss_curated_v1_cheatsheet_txt.sh
scripts/jobs/qwen3/lezgi/run_lezgi_qwen_modelgloss_curated_v1_cheatsheet_jpg.sh	archive/superseded_jobs/scripts/jobs/qwen3/lezgi/run_lezgi_qwen_modelgloss_curated_v1_cheatsheet_jpg.sh
scripts/jobs/qwen3/natugu/run_natugu_qwen_curated_v1_summary_tables_txt.sh	archive/superseded_jobs/scripts/jobs/qwen3/natugu/run_natugu_qwen_curated_v1_summary_tables_txt.sh
scripts/jobs/qwen3/natugu/run_natugu_qwen_curated_v1_pdfpages_impactful_jpg.sh	archive/superseded_jobs/scripts/jobs/qwen3/natugu/run_natugu_qwen_curated_v1_pdfpages_impactful_jpg.sh
scripts/jobs/qwen3/natugu/run_natugu_qwen_modelgloss_curated_v1_cheatsheet_jpg.sh	archive/superseded_jobs/scripts/jobs/qwen3/natugu/run_natugu_qwen_modelgloss_curated_v1_cheatsheet_jpg.sh
scripts/jobs/qwen3/natugu/run_natugu_qwen_modelgloss_curated_v1_pdfpages_impactful_jpg.sh	archive/superseded_jobs/scripts/jobs/qwen3/natugu/run_natugu_qwen_modelgloss_curated_v1_pdfpages_impactful_jpg.sh
scripts/jobs/qwen3/natugu/run_natugu_qwen_modelgloss_curated_v1_summary_text_txt.sh	archive/superseded_jobs/scripts/jobs/qwen3/natugu/run_natugu_qwen_modelgloss_curated_v1_summary_text_txt.sh
scripts/jobs/qwen3/natugu/run_natugu_qwen_modelgloss_curated_v1_summary_tables_jpg.sh	archive/superseded_jobs/scripts/jobs/qwen3/natugu/run_natugu_qwen_modelgloss_curated_v1_summary_tables_jpg.sh
scripts/jobs/qwen3/natugu/run_natugu_qwen_modelgloss_curated_v1_summary_tables_txt.sh	archive/superseded_jobs/scripts/jobs/qwen3/natugu/run_natugu_qwen_modelgloss_curated_v1_summary_tables_txt.sh
scripts/jobs/qwen3/natugu/run_natugu_qwen_curated_v1_summary_tables_jpg.sh	archive/superseded_jobs/scripts/jobs/qwen3/natugu/run_natugu_qwen_curated_v1_summary_tables_jpg.sh
scripts/jobs/qwen3/natugu/run_natugu_qwen_curated_v1_cheatsheet_jpg.sh	archive/superseded_jobs/scripts/jobs/qwen3/natugu/run_natugu_qwen_curated_v1_cheatsheet_jpg.sh
scripts/jobs/qwen3/natugu/run_natugu_qwen_curated_v1_cheatsheet_txt.sh	archive/superseded_jobs/scripts/jobs/qwen3/natugu/run_natugu_qwen_curated_v1_cheatsheet_txt.sh
scripts/jobs/qwen3/natugu/run_natugu_qwen_modelgloss_curated_v1_cheatsheet_txt.sh	archive/superseded_jobs/scripts/jobs/qwen3/natugu/run_natugu_qwen_modelgloss_curated_v1_cheatsheet_txt.sh
scripts/jobs/qwen3/natugu/run_natugu_qwen_curated_v1_summary_text_txt.sh	archive/superseded_jobs/scripts/jobs/qwen3/natugu/run_natugu_qwen_curated_v1_summary_text_txt.sh
scripts/jobs/qwen3/gitksan/pdf2_rigsby/run_gitksan_qwen_pdf2_rigsby_modelgloss_curated_v1_cheatsheet_txt.sh	archive/superseded_jobs/scripts/jobs/qwen3/gitksan/pdf2_rigsby/run_gitksan_qwen_pdf2_rigsby_modelgloss_curated_v1_cheatsheet_txt.sh
scripts/jobs/qwen3/gitksan/pdf2_rigsby/run_gitksan_qwen_pdf2_rigsby_curated_v1_cheatsheet_txt.sh	archive/superseded_jobs/scripts/jobs/qwen3/gitksan/pdf2_rigsby/run_gitksan_qwen_pdf2_rigsby_curated_v1_cheatsheet_txt.sh
scripts/jobs/qwen3/gitksan/pdf2_rigsby/run_gitksan_qwen_pdf2_rigsby_modelgloss_curated_v1_cheatsheet_jpg.sh	archive/superseded_jobs/scripts/jobs/qwen3/gitksan/pdf2_rigsby/run_gitksan_qwen_pdf2_rigsby_modelgloss_curated_v1_cheatsheet_jpg.sh
scripts/jobs/qwen3/gitksan/pdf2_rigsby/run_gitksan_qwen_pdf2_rigsby_curated_v1_pdfpages_impactful_jpg.sh	archive/superseded_jobs/scripts/jobs/qwen3/gitksan/pdf2_rigsby/run_gitksan_qwen_pdf2_rigsby_curated_v1_pdfpages_impactful_jpg.sh
scripts/jobs/qwen3/gitksan/pdf2_rigsby/run_gitksan_qwen_pdf2_rigsby_curated_v1_summary_tables_txt.sh	archive/superseded_jobs/scripts/jobs/qwen3/gitksan/pdf2_rigsby/run_gitksan_qwen_pdf2_rigsby_curated_v1_summary_tables_txt.sh
scripts/jobs/qwen3/gitksan/pdf2_rigsby/run_gitksan_qwen_pdf2_rigsby_modelgloss_curated_v1_pdfpages_impactful_jpg.sh	archive/superseded_jobs/scripts/jobs/qwen3/gitksan/pdf2_rigsby/run_gitksan_qwen_pdf2_rigsby_modelgloss_curated_v1_pdfpages_impactful_jpg.sh
scripts/jobs/qwen3/gitksan/pdf2_rigsby/run_gitksan_qwen_pdf2_rigsby_modelgloss_curated_v1_summary_text_txt.sh	archive/superseded_jobs/scripts/jobs/qwen3/gitksan/pdf2_rigsby/run_gitksan_qwen_pdf2_rigsby_modelgloss_curated_v1_summary_text_txt.sh
scripts/jobs/qwen3/gitksan/pdf2_rigsby/run_gitksan_qwen_pdf2_rigsby_curated_v1_summary_text_txt.sh	archive/superseded_jobs/scripts/jobs/qwen3/gitksan/pdf2_rigsby/run_gitksan_qwen_pdf2_rigsby_curated_v1_summary_text_txt.sh
scripts/jobs/qwen3/gitksan/pdf2_rigsby/run_gitksan_qwen_pdf2_rigsby_modelgloss_curated_v1_summary_tables_txt.sh	archive/superseded_jobs/scripts/jobs/qwen3/gitksan/pdf2_rigsby/run_gitksan_qwen_pdf2_rigsby_modelgloss_curated_v1_summary_tables_txt.sh
scripts/jobs/qwen3/gitksan/pdf2_rigsby/run_gitksan_qwen_pdf2_rigsby_modelgloss_curated_v1_summary_tables_jpg.sh	archive/superseded_jobs/scripts/jobs/qwen3/gitksan/pdf2_rigsby/run_gitksan_qwen_pdf2_rigsby_modelgloss_curated_v1_summary_tables_jpg.sh
scripts/jobs/qwen3/gitksan/pdf2_rigsby/run_gitksan_qwen_pdf2_rigsby_curated_v1_cheatsheet_jpg.sh	archive/superseded_jobs/scripts/jobs/qwen3/gitksan/pdf2_rigsby/run_gitksan_qwen_pdf2_rigsby_curated_v1_cheatsheet_jpg.sh
scripts/jobs/qwen3/gitksan/pdf2_rigsby/run_gitksan_qwen_pdf2_rigsby_curated_v1_summary_tables_jpg.sh	archive/superseded_jobs/scripts/jobs/qwen3/gitksan/pdf2_rigsby/run_gitksan_qwen_pdf2_rigsby_curated_v1_summary_tables_jpg.sh
scripts/jobs/qwen3/gitksan/pdf1_brown/run_gitksan_qwen_pdf1_brown_curated_v1_summary_tables_jpg.sh	archive/superseded_jobs/scripts/jobs/qwen3/gitksan/pdf1_brown/run_gitksan_qwen_pdf1_brown_curated_v1_summary_tables_jpg.sh
scripts/jobs/qwen3/gitksan/pdf1_brown/run_gitksan_qwen_pdf1_brown_modelgloss_curated_v1_summary_tables_txt.sh	archive/superseded_jobs/scripts/jobs/qwen3/gitksan/pdf1_brown/run_gitksan_qwen_pdf1_brown_modelgloss_curated_v1_summary_tables_txt.sh
scripts/jobs/qwen3/gitksan/pdf1_brown/run_gitksan_qwen_pdf1_brown_curated_v1_summary_text_txt.sh	archive/superseded_jobs/scripts/jobs/qwen3/gitksan/pdf1_brown/run_gitksan_qwen_pdf1_brown_curated_v1_summary_text_txt.sh
scripts/jobs/qwen3/gitksan/pdf1_brown/run_gitksan_qwen_pdf1_brown_curated_v1_cheatsheet_jpg.sh	archive/superseded_jobs/scripts/jobs/qwen3/gitksan/pdf1_brown/run_gitksan_qwen_pdf1_brown_curated_v1_cheatsheet_jpg.sh
scripts/jobs/qwen3/gitksan/pdf1_brown/run_gitksan_qwen_pdf1_brown_modelgloss_curated_v1_pdfpages_impactful_jpg.sh	archive/superseded_jobs/scripts/jobs/qwen3/gitksan/pdf1_brown/run_gitksan_qwen_pdf1_brown_modelgloss_curated_v1_pdfpages_impactful_jpg.sh
scripts/jobs/qwen3/gitksan/pdf1_brown/run_gitksan_qwen_pdf1_brown_curated_v1_pdfpages_impactful_jpg.sh	archive/superseded_jobs/scripts/jobs/qwen3/gitksan/pdf1_brown/run_gitksan_qwen_pdf1_brown_curated_v1_pdfpages_impactful_jpg.sh
scripts/jobs/qwen3/gitksan/pdf1_brown/run_gitksan_qwen_pdf1_brown_modelgloss_curated_v1_cheatsheet_jpg.sh	archive/superseded_jobs/scripts/jobs/qwen3/gitksan/pdf1_brown/run_gitksan_qwen_pdf1_brown_modelgloss_curated_v1_cheatsheet_jpg.sh
scripts/jobs/qwen3/gitksan/pdf1_brown/run_gitksan_qwen_pdf1_brown_modelgloss_curated_v1_summary_tables_jpg.sh	archive/superseded_jobs/scripts/jobs/qwen3/gitksan/pdf1_brown/run_gitksan_qwen_pdf1_brown_modelgloss_curated_v1_summary_tables_jpg.sh
scripts/jobs/qwen3/gitksan/pdf1_brown/run_gitksan_qwen_pdf1_brown_curated_v1_summary_tables_txt.sh	archive/superseded_jobs/scripts/jobs/qwen3/gitksan/pdf1_brown/run_gitksan_qwen_pdf1_brown_curated_v1_summary_tables_txt.sh
scripts/jobs/qwen3/gitksan/pdf1_brown/run_gitksan_qwen_pdf1_brown_modelgloss_curated_v1_summary_text_txt.sh	archive/superseded_jobs/scripts/jobs/qwen3/gitksan/pdf1_brown/run_gitksan_qwen_pdf1_brown_modelgloss_curated_v1_summary_text_txt.sh
scripts/jobs/qwen3/gitksan/pdf1_brown/run_gitksan_qwen_pdf1_brown_curated_v1_cheatsheet_txt.sh	archive/superseded_jobs/scripts/jobs/qwen3/gitksan/pdf1_brown/run_gitksan_qwen_pdf1_brown_curated_v1_cheatsheet_txt.sh
scripts/jobs/qwen3/gitksan/pdf1_brown/run_gitksan_qwen_pdf1_brown_modelgloss_curated_v1_cheatsheet_txt.sh	archive/superseded_jobs/scripts/jobs/qwen3/gitksan/pdf1_brown/run_gitksan_qwen_pdf1_brown_modelgloss_curated_v1_cheatsheet_txt.sh
scripts/jobs/qwen3/lezgi_cyrillic/run_lezgi_cyrillic_qwen_modelgloss_curated_v1_cheatsheet_jpg.sh	archive/superseded_jobs/scripts/jobs/qwen3/lezgi_cyrillic/run_lezgi_cyrillic_qwen_modelgloss_curated_v1_cheatsheet_jpg.sh
scripts/jobs/qwen3/lezgi_cyrillic/run_lezgi_cyrillic_qwen_modelgloss_curated_v1_summary_text_txt.sh	archive/superseded_jobs/scripts/jobs/qwen3/lezgi_cyrillic/run_lezgi_cyrillic_qwen_modelgloss_curated_v1_summary_text_txt.sh
scripts/jobs/qwen3/lezgi_cyrillic/run_lezgi_cyrillic_qwen_modelgloss_curated_v1_cheatsheet_txt.sh	archive/superseded_jobs/scripts/jobs/qwen3/lezgi_cyrillic/run_lezgi_cyrillic_qwen_modelgloss_curated_v1_cheatsheet_txt.sh
scripts/jobs/qwen3/lezgi_cyrillic/run_lezgi_cyrillic_qwen_curated_v1_cheatsheet_txt.sh	archive/superseded_jobs/scripts/jobs/qwen3/lezgi_cyrillic/run_lezgi_cyrillic_qwen_curated_v1_cheatsheet_txt.sh
scripts/jobs/qwen3/lezgi_cyrillic/run_lezgi_cyrillic_qwen_curated_v1_summary_text_txt.sh	archive/superseded_jobs/scripts/jobs/qwen3/lezgi_cyrillic/run_lezgi_cyrillic_qwen_curated_v1_summary_text_txt.sh
scripts/jobs/qwen3/lezgi_cyrillic/run_lezgi_cyrillic_qwen_curated_v1_cheatsheet_jpg.sh	archive/superseded_jobs/scripts/jobs/qwen3/lezgi_cyrillic/run_lezgi_cyrillic_qwen_curated_v1_cheatsheet_jpg.sh
scripts/jobs/qwen3/lezgi_cyrillic/run_lezgi_cyrillic_qwen_modelgloss_curated_v1_summary_tables_jpg.sh	archive/superseded_jobs/scripts/jobs/qwen3/lezgi_cyrillic/run_lezgi_cyrillic_qwen_modelgloss_curated_v1_summary_tables_jpg.sh
scripts/jobs/qwen3/lezgi_cyrillic/run_lezgi_cyrillic_qwen_curated_v1_summary_tables_txt.sh	archive/superseded_jobs/scripts/jobs/qwen3/lezgi_cyrillic/run_lezgi_cyrillic_qwen_curated_v1_summary_tables_txt.sh
scripts/jobs/qwen3/lezgi_cyrillic/run_lezgi_cyrillic_qwen_curated_v1_summary_tables_jpg.sh	archive/superseded_jobs/scripts/jobs/qwen3/lezgi_cyrillic/run_lezgi_cyrillic_qwen_curated_v1_summary_tables_jpg.sh
scripts/jobs/qwen3/lezgi_cyrillic/run_lezgi_cyrillic_qwen_modelgloss_curated_v1_summary_tables_txt.sh	archive/superseded_jobs/scripts/jobs/qwen3/lezgi_cyrillic/run_lezgi_cyrillic_qwen_modelgloss_curated_v1_summary_tables_txt.sh
scripts/jobs/qwen35/tsez/run_tsez_qwen35_curated_v1_summary_tables_txt.sh	archive/superseded_jobs/scripts/jobs/qwen35/tsez/run_tsez_qwen35_curated_v1_summary_tables_txt.sh
scripts/jobs/qwen35/tsez/run_tsez_qwen35_modelgloss_curated_v1_pdfpages_impactful_jpg.sh	archive/superseded_jobs/scripts/jobs/qwen35/tsez/run_tsez_qwen35_modelgloss_curated_v1_pdfpages_impactful_jpg.sh
scripts/jobs/qwen35/tsez/run_tsez_qwen35_modelgloss_curated_v1_cheatsheet_txt.sh	archive/superseded_jobs/scripts/jobs/qwen35/tsez/run_tsez_qwen35_modelgloss_curated_v1_cheatsheet_txt.sh
scripts/jobs/qwen35/tsez/run_tsez_qwen35_curated_v1_cheatsheet_jpg.sh	archive/superseded_jobs/scripts/jobs/qwen35/tsez/run_tsez_qwen35_curated_v1_cheatsheet_jpg.sh
scripts/jobs/qwen35/tsez/run_tsez_qwen35_curated_v1_summary_text_txt.sh	archive/superseded_jobs/scripts/jobs/qwen35/tsez/run_tsez_qwen35_curated_v1_summary_text_txt.sh
scripts/jobs/qwen35/tsez/run_tsez_qwen35_curated_v1_pdfpages_impactful_jpg.sh	archive/superseded_jobs/scripts/jobs/qwen35/tsez/run_tsez_qwen35_curated_v1_pdfpages_impactful_jpg.sh
scripts/jobs/qwen35/tsez/run_tsez_qwen35_modelgloss_curated_v1_summary_tables_txt.sh	archive/superseded_jobs/scripts/jobs/qwen35/tsez/run_tsez_qwen35_modelgloss_curated_v1_summary_tables_txt.sh
scripts/jobs/qwen35/tsez/run_tsez_qwen35_modelgloss_curated_v1_summary_tables_jpg.sh	archive/superseded_jobs/scripts/jobs/qwen35/tsez/run_tsez_qwen35_modelgloss_curated_v1_summary_tables_jpg.sh
scripts/jobs/qwen35/tsez/run_tsez_qwen35_curated_v1_cheatsheet_txt.sh	archive/superseded_jobs/scripts/jobs/qwen35/tsez/run_tsez_qwen35_curated_v1_cheatsheet_txt.sh
scripts/jobs/qwen35/tsez/run_tsez_qwen35_curated_v1_summary_tables_jpg.sh	archive/superseded_jobs/scripts/jobs/qwen35/tsez/run_tsez_qwen35_curated_v1_summary_tables_jpg.sh
scripts/jobs/qwen35/tsez/run_tsez_qwen35_modelgloss_curated_v1_cheatsheet_jpg.sh	archive/superseded_jobs/scripts/jobs/qwen35/tsez/run_tsez_qwen35_modelgloss_curated_v1_cheatsheet_jpg.sh
scripts/jobs/qwen35/tsez/run_tsez_qwen35_modelgloss_curated_v1_summary_text_txt.sh	archive/superseded_jobs/scripts/jobs/qwen35/tsez/run_tsez_qwen35_modelgloss_curated_v1_summary_text_txt.sh
scripts/jobs/qwen35/lezgi/run_lezgi_qwen35_curated_v1_cheatsheet_txt.sh	archive/superseded_jobs/scripts/jobs/qwen35/lezgi/run_lezgi_qwen35_curated_v1_cheatsheet_txt.sh
scripts/jobs/qwen35/lezgi/run_lezgi_qwen35_curated_v1_cheatsheet_jpg.sh	archive/superseded_jobs/scripts/jobs/qwen35/lezgi/run_lezgi_qwen35_curated_v1_cheatsheet_jpg.sh
scripts/jobs/qwen35/lezgi/run_lezgi_qwen35_modelgloss_curated_v1_pdfpages_impactful_jpg.sh	archive/superseded_jobs/scripts/jobs/qwen35/lezgi/run_lezgi_qwen35_modelgloss_curated_v1_pdfpages_impactful_jpg.sh
scripts/jobs/qwen35/lezgi/run_lezgi_qwen35_modelgloss_curated_v1_summary_text_txt.sh	archive/superseded_jobs/scripts/jobs/qwen35/lezgi/run_lezgi_qwen35_modelgloss_curated_v1_summary_text_txt.sh
scripts/jobs/qwen35/lezgi/run_lezgi_qwen35_curated_v1_summary_tables_jpg.sh	archive/superseded_jobs/scripts/jobs/qwen35/lezgi/run_lezgi_qwen35_curated_v1_summary_tables_jpg.sh
scripts/jobs/qwen35/lezgi/run_lezgi_qwen35_curated_v1_summary_tables_txt.sh	archive/superseded_jobs/scripts/jobs/qwen35/lezgi/run_lezgi_qwen35_curated_v1_summary_tables_txt.sh
scripts/jobs/qwen35/lezgi/run_lezgi_qwen35_curated_v1_summary_text_txt.sh	archive/superseded_jobs/scripts/jobs/qwen35/lezgi/run_lezgi_qwen35_curated_v1_summary_text_txt.sh
scripts/jobs/qwen35/lezgi/run_lezgi_qwen35_modelgloss_curated_v1_summary_tables_txt.sh	archive/superseded_jobs/scripts/jobs/qwen35/lezgi/run_lezgi_qwen35_modelgloss_curated_v1_summary_tables_txt.sh
scripts/jobs/qwen35/lezgi/run_lezgi_qwen35_modelgloss_curated_v1_cheatsheet_txt.sh	archive/superseded_jobs/scripts/jobs/qwen35/lezgi/run_lezgi_qwen35_modelgloss_curated_v1_cheatsheet_txt.sh
scripts/jobs/qwen35/lezgi/run_lezgi_qwen35_modelgloss_curated_v1_cheatsheet_jpg.sh	archive/superseded_jobs/scripts/jobs/qwen35/lezgi/run_lezgi_qwen35_modelgloss_curated_v1_cheatsheet_jpg.sh
scripts/jobs/qwen35/lezgi/run_lezgi_qwen35_curated_v1_pdfpages_impactful_jpg.sh	archive/superseded_jobs/scripts/jobs/qwen35/lezgi/run_lezgi_qwen35_curated_v1_pdfpages_impactful_jpg.sh
scripts/jobs/qwen35/lezgi/run_lezgi_qwen35_modelgloss_curated_v1_summary_tables_jpg.sh	archive/superseded_jobs/scripts/jobs/qwen35/lezgi/run_lezgi_qwen35_modelgloss_curated_v1_summary_tables_jpg.sh
scripts/jobs/qwen35/natugu/run_natugu_qwen35_curated_v1_summary_text_txt.sh	archive/superseded_jobs/scripts/jobs/qwen35/natugu/run_natugu_qwen35_curated_v1_summary_text_txt.sh
scripts/jobs/qwen35/natugu/run_natugu_qwen35_modelgloss_curated_v1_summary_text_txt.sh	archive/superseded_jobs/scripts/jobs/qwen35/natugu/run_natugu_qwen35_modelgloss_curated_v1_summary_text_txt.sh
scripts/jobs/qwen35/natugu/run_natugu_qwen35_modelgloss_curated_v1_cheatsheet_txt.sh	archive/superseded_jobs/scripts/jobs/qwen35/natugu/run_natugu_qwen35_modelgloss_curated_v1_cheatsheet_txt.sh
scripts/jobs/qwen35/natugu/run_natugu_qwen35_curated_v1_summary_tables_txt.sh	archive/superseded_jobs/scripts/jobs/qwen35/natugu/run_natugu_qwen35_curated_v1_summary_tables_txt.sh
scripts/jobs/qwen35/natugu/run_natugu_qwen35_modelgloss_curated_v1_summary_tables_txt.sh	archive/superseded_jobs/scripts/jobs/qwen35/natugu/run_natugu_qwen35_modelgloss_curated_v1_summary_tables_txt.sh
scripts/jobs/qwen35/natugu/run_natugu_qwen35_curated_v1_pdfpages_impactful_jpg.sh	archive/superseded_jobs/scripts/jobs/qwen35/natugu/run_natugu_qwen35_curated_v1_pdfpages_impactful_jpg.sh
scripts/jobs/qwen35/natugu/run_natugu_qwen35_modelgloss_curated_v1_summary_tables_jpg.sh	archive/superseded_jobs/scripts/jobs/qwen35/natugu/run_natugu_qwen35_modelgloss_curated_v1_summary_tables_jpg.sh
scripts/jobs/qwen35/natugu/run_natugu_qwen35_modelgloss_curated_v1_cheatsheet_jpg.sh	archive/superseded_jobs/scripts/jobs/qwen35/natugu/run_natugu_qwen35_modelgloss_curated_v1_cheatsheet_jpg.sh
scripts/jobs/qwen35/natugu/run_natugu_qwen35_curated_v1_cheatsheet_jpg.sh	archive/superseded_jobs/scripts/jobs/qwen35/natugu/run_natugu_qwen35_curated_v1_cheatsheet_jpg.sh
scripts/jobs/qwen35/natugu/run_natugu_qwen35_curated_v1_cheatsheet_txt.sh	archive/superseded_jobs/scripts/jobs/qwen35/natugu/run_natugu_qwen35_curated_v1_cheatsheet_txt.sh
scripts/jobs/qwen35/natugu/run_natugu_qwen35_curated_v1_summary_tables_jpg.sh	archive/superseded_jobs/scripts/jobs/qwen35/natugu/run_natugu_qwen35_curated_v1_summary_tables_jpg.sh
scripts/jobs/qwen35/natugu/run_natugu_qwen35_modelgloss_curated_v1_pdfpages_impactful_jpg.sh	archive/superseded_jobs/scripts/jobs/qwen35/natugu/run_natugu_qwen35_modelgloss_curated_v1_pdfpages_impactful_jpg.sh
scripts/jobs/qwen35/gitksan/pdf2_rigsby/run_gitksan_qwen35_pdf2_rigsby_curated_v1_summary_tables_jpg.sh	archive/superseded_jobs/scripts/jobs/qwen35/gitksan/pdf2_rigsby/run_gitksan_qwen35_pdf2_rigsby_curated_v1_summary_tables_jpg.sh
scripts/jobs/qwen35/gitksan/pdf2_rigsby/run_gitksan_qwen35_pdf2_rigsby_modelgloss_curated_v1_cheatsheet_txt.sh	archive/superseded_jobs/scripts/jobs/qwen35/gitksan/pdf2_rigsby/run_gitksan_qwen35_pdf2_rigsby_modelgloss_curated_v1_cheatsheet_txt.sh
scripts/jobs/qwen35/gitksan/pdf2_rigsby/run_gitksan_qwen35_pdf2_rigsby_modelgloss_curated_v1_summary_text_txt.sh	archive/superseded_jobs/scripts/jobs/qwen35/gitksan/pdf2_rigsby/run_gitksan_qwen35_pdf2_rigsby_modelgloss_curated_v1_summary_text_txt.sh
scripts/jobs/qwen35/gitksan/pdf2_rigsby/run_gitksan_qwen35_pdf2_rigsby_curated_v1_summary_text_txt.sh	archive/superseded_jobs/scripts/jobs/qwen35/gitksan/pdf2_rigsby/run_gitksan_qwen35_pdf2_rigsby_curated_v1_summary_text_txt.sh
scripts/jobs/qwen35/gitksan/pdf2_rigsby/run_gitksan_qwen35_pdf2_rigsby_modelgloss_curated_v1_pdfpages_impactful_jpg.sh	archive/superseded_jobs/scripts/jobs/qwen35/gitksan/pdf2_rigsby/run_gitksan_qwen35_pdf2_rigsby_modelgloss_curated_v1_pdfpages_impactful_jpg.sh
scripts/jobs/qwen35/gitksan/pdf2_rigsby/run_gitksan_qwen35_pdf2_rigsby_curated_v1_pdfpages_impactful_jpg.sh	archive/superseded_jobs/scripts/jobs/qwen35/gitksan/pdf2_rigsby/run_gitksan_qwen35_pdf2_rigsby_curated_v1_pdfpages_impactful_jpg.sh
scripts/jobs/qwen35/gitksan/pdf2_rigsby/run_gitksan_qwen35_pdf2_rigsby_curated_v1_summary_tables_txt.sh	archive/superseded_jobs/scripts/jobs/qwen35/gitksan/pdf2_rigsby/run_gitksan_qwen35_pdf2_rigsby_curated_v1_summary_tables_txt.sh
scripts/jobs/qwen35/gitksan/pdf2_rigsby/run_gitksan_qwen35_pdf2_rigsby_modelgloss_curated_v1_summary_tables_txt.sh	archive/superseded_jobs/scripts/jobs/qwen35/gitksan/pdf2_rigsby/run_gitksan_qwen35_pdf2_rigsby_modelgloss_curated_v1_summary_tables_txt.sh
scripts/jobs/qwen35/gitksan/pdf2_rigsby/run_gitksan_qwen35_pdf2_rigsby_curated_v1_cheatsheet_txt.sh	archive/superseded_jobs/scripts/jobs/qwen35/gitksan/pdf2_rigsby/run_gitksan_qwen35_pdf2_rigsby_curated_v1_cheatsheet_txt.sh
scripts/jobs/qwen35/gitksan/pdf2_rigsby/run_gitksan_qwen35_pdf2_rigsby_modelgloss_curated_v1_summary_tables_jpg.sh	archive/superseded_jobs/scripts/jobs/qwen35/gitksan/pdf2_rigsby/run_gitksan_qwen35_pdf2_rigsby_modelgloss_curated_v1_summary_tables_jpg.sh
scripts/jobs/qwen35/gitksan/pdf2_rigsby/run_gitksan_qwen35_pdf2_rigsby_modelgloss_curated_v1_cheatsheet_jpg.sh	archive/superseded_jobs/scripts/jobs/qwen35/gitksan/pdf2_rigsby/run_gitksan_qwen35_pdf2_rigsby_modelgloss_curated_v1_cheatsheet_jpg.sh
scripts/jobs/qwen35/gitksan/pdf2_rigsby/run_gitksan_qwen35_pdf2_rigsby_curated_v1_cheatsheet_jpg.sh	archive/superseded_jobs/scripts/jobs/qwen35/gitksan/pdf2_rigsby/run_gitksan_qwen35_pdf2_rigsby_curated_v1_cheatsheet_jpg.sh
scripts/jobs/qwen35/gitksan/pdf1_brown/run_gitksan_qwen35_pdf1_brown_modelgloss_curated_v1_cheatsheet_jpg.sh	archive/superseded_jobs/scripts/jobs/qwen35/gitksan/pdf1_brown/run_gitksan_qwen35_pdf1_brown_modelgloss_curated_v1_cheatsheet_jpg.sh
scripts/jobs/qwen35/gitksan/pdf1_brown/run_gitksan_qwen35_pdf1_brown_curated_v1_cheatsheet_txt.sh	archive/superseded_jobs/scripts/jobs/qwen35/gitksan/pdf1_brown/run_gitksan_qwen35_pdf1_brown_curated_v1_cheatsheet_txt.sh
scripts/jobs/qwen35/gitksan/pdf1_brown/run_gitksan_qwen35_pdf1_brown_modelgloss_curated_v1_pdfpages_impactful_jpg.sh	archive/superseded_jobs/scripts/jobs/qwen35/gitksan/pdf1_brown/run_gitksan_qwen35_pdf1_brown_modelgloss_curated_v1_pdfpages_impactful_jpg.sh
scripts/jobs/qwen35/gitksan/pdf1_brown/run_gitksan_qwen35_pdf1_brown_curated_v1_summary_tables_jpg.sh	archive/superseded_jobs/scripts/jobs/qwen35/gitksan/pdf1_brown/run_gitksan_qwen35_pdf1_brown_curated_v1_summary_tables_jpg.sh
scripts/jobs/qwen35/gitksan/pdf1_brown/run_gitksan_qwen35_pdf1_brown_modelgloss_curated_v1_summary_tables_jpg.sh	archive/superseded_jobs/scripts/jobs/qwen35/gitksan/pdf1_brown/run_gitksan_qwen35_pdf1_brown_modelgloss_curated_v1_summary_tables_jpg.sh
scripts/jobs/qwen35/gitksan/pdf1_brown/run_gitksan_qwen35_pdf1_brown_modelgloss_curated_v1_summary_text_txt.sh	archive/superseded_jobs/scripts/jobs/qwen35/gitksan/pdf1_brown/run_gitksan_qwen35_pdf1_brown_modelgloss_curated_v1_summary_text_txt.sh
scripts/jobs/qwen35/gitksan/pdf1_brown/run_gitksan_qwen35_pdf1_brown_curated_v1_summary_tables_txt.sh	archive/superseded_jobs/scripts/jobs/qwen35/gitksan/pdf1_brown/run_gitksan_qwen35_pdf1_brown_curated_v1_summary_tables_txt.sh
scripts/jobs/qwen35/gitksan/pdf1_brown/run_gitksan_qwen35_pdf1_brown_modelgloss_curated_v1_cheatsheet_txt.sh	archive/superseded_jobs/scripts/jobs/qwen35/gitksan/pdf1_brown/run_gitksan_qwen35_pdf1_brown_modelgloss_curated_v1_cheatsheet_txt.sh
scripts/jobs/qwen35/gitksan/pdf1_brown/run_gitksan_qwen35_pdf1_brown_curated_v1_summary_text_txt.sh	archive/superseded_jobs/scripts/jobs/qwen35/gitksan/pdf1_brown/run_gitksan_qwen35_pdf1_brown_curated_v1_summary_text_txt.sh
scripts/jobs/qwen35/gitksan/pdf1_brown/run_gitksan_qwen35_pdf1_brown_curated_v1_cheatsheet_jpg.sh	archive/superseded_jobs/scripts/jobs/qwen35/gitksan/pdf1_brown/run_gitksan_qwen35_pdf1_brown_curated_v1_cheatsheet_jpg.sh
scripts/jobs/qwen35/gitksan/pdf1_brown/run_gitksan_qwen35_pdf1_brown_modelgloss_curated_v1_summary_tables_txt.sh	archive/superseded_jobs/scripts/jobs/qwen35/gitksan/pdf1_brown/run_gitksan_qwen35_pdf1_brown_modelgloss_curated_v1_summary_tables_txt.sh
scripts/jobs/qwen35/gitksan/pdf1_brown/run_gitksan_qwen35_pdf1_brown_curated_v1_pdfpages_impactful_jpg.sh	archive/superseded_jobs/scripts/jobs/qwen35/gitksan/pdf1_brown/run_gitksan_qwen35_pdf1_brown_curated_v1_pdfpages_impactful_jpg.sh
scripts/jobs/qwen35/lezgi_cyrillic/run_lezgi_cyrillic_qwen35_modelgloss_curated_v1_summary_tables_txt.sh	archive/superseded_jobs/scripts/jobs/qwen35/lezgi_cyrillic/run_lezgi_cyrillic_qwen35_modelgloss_curated_v1_summary_tables_txt.sh
scripts/jobs/qwen35/lezgi_cyrillic/run_lezgi_cyrillic_qwen35_modelgloss_curated_v1_summary_tables_jpg.sh	archive/superseded_jobs/scripts/jobs/qwen35/lezgi_cyrillic/run_lezgi_cyrillic_qwen35_modelgloss_curated_v1_summary_tables_jpg.sh
scripts/jobs/qwen35/lezgi_cyrillic/run_lezgi_cyrillic_qwen35_modelgloss_curated_v1_summary_text_txt.sh	archive/superseded_jobs/scripts/jobs/qwen35/lezgi_cyrillic/run_lezgi_cyrillic_qwen35_modelgloss_curated_v1_summary_text_txt.sh
scripts/jobs/qwen35/lezgi_cyrillic/run_lezgi_cyrillic_qwen35_curated_v1_summary_tables_txt.sh	archive/superseded_jobs/scripts/jobs/qwen35/lezgi_cyrillic/run_lezgi_cyrillic_qwen35_curated_v1_summary_tables_txt.sh
scripts/jobs/qwen35/lezgi_cyrillic/run_lezgi_cyrillic_qwen35_modelgloss_curated_v1_cheatsheet_txt.sh	archive/superseded_jobs/scripts/jobs/qwen35/lezgi_cyrillic/run_lezgi_cyrillic_qwen35_modelgloss_curated_v1_cheatsheet_txt.sh
scripts/jobs/qwen35/lezgi_cyrillic/run_lezgi_cyrillic_qwen35_curated_v1_cheatsheet_jpg.sh	archive/superseded_jobs/scripts/jobs/qwen35/lezgi_cyrillic/run_lezgi_cyrillic_qwen35_curated_v1_cheatsheet_jpg.sh
scripts/jobs/qwen35/lezgi_cyrillic/run_lezgi_cyrillic_qwen35_curated_v1_summary_tables_jpg.sh	archive/superseded_jobs/scripts/jobs/qwen35/lezgi_cyrillic/run_lezgi_cyrillic_qwen35_curated_v1_summary_tables_jpg.sh
scripts/jobs/qwen35/lezgi_cyrillic/run_lezgi_cyrillic_qwen35_modelgloss_curated_v1_cheatsheet_jpg.sh	archive/superseded_jobs/scripts/jobs/qwen35/lezgi_cyrillic/run_lezgi_cyrillic_qwen35_modelgloss_curated_v1_cheatsheet_jpg.sh
scripts/jobs/qwen35/lezgi_cyrillic/run_lezgi_cyrillic_qwen35_curated_v1_summary_text_txt.sh	archive/superseded_jobs/scripts/jobs/qwen35/lezgi_cyrillic/run_lezgi_cyrillic_qwen35_curated_v1_summary_text_txt.sh
scripts/jobs/qwen35/lezgi_cyrillic/run_lezgi_cyrillic_qwen35_curated_v1_cheatsheet_txt.sh	archive/superseded_jobs/scripts/jobs/qwen35/lezgi_cyrillic/run_lezgi_cyrillic_qwen35_curated_v1_cheatsheet_txt.sh
scripts/submit/curated_v1/submit_lezgi_pdfpages_impactful_jobs.sh	archive/superseded_submit/scripts/submit/curated_v1/submit_lezgi_pdfpages_impactful_jobs.sh
scripts/submit/curated_v1/submit_qwen35_gitksan.sh	archive/superseded_submit/scripts/submit/curated_v1/submit_qwen35_gitksan.sh
scripts/submit/curated_v1/submit_qwen35_language.sh	archive/superseded_submit/scripts/submit/curated_v1/submit_qwen35_language.sh
scripts/submit/curated_v1/submit_qwen35_jobs.sh	archive/superseded_submit/scripts/submit/curated_v1/submit_qwen35_jobs.sh
scripts/submit/curated_v1/submit_qwen3_language.sh	archive/superseded_submit/scripts/submit/curated_v1/submit_qwen3_language.sh
scripts/submit/curated_v1/submit_qwen3_jobs.sh	archive/superseded_submit/scripts/submit/curated_v1/submit_qwen3_jobs.sh
scripts/submit/curated_v1/submit_qwen3_gitksan.sh	archive/superseded_submit/scripts/submit/curated_v1/submit_qwen3_gitksan.sh
scripts/submit/curated_v1/submit_lezgi_curated_v1_remaining_when_slots_open.sh	archive/superseded_submit/scripts/submit/curated_v1/submit_lezgi_curated_v1_remaining_when_slots_open.sh
scripts/generators/create_modelgloss_curated_v1_submit_scripts.py	archive/superseded_generators/scripts/generators/create_modelgloss_curated_v1_submit_scripts.py
scripts/generators/create_lezgi_curated_v1_run_scripts.py	archive/superseded_generators/scripts/generators/create_lezgi_curated_v1_run_scripts.py
scripts/generators/create_tsez_curated_v1_run_scripts.py	archive/superseded_generators/scripts/generators/create_tsez_curated_v1_run_scripts.py
scripts/generators/create_gitksan_curated_v1_run_scripts.py	archive/superseded_generators/scripts/generators/create_gitksan_curated_v1_run_scripts.py
scripts/generators/create_natugu_curated_v1_run_scripts.py	archive/superseded_generators/scripts/generators/create_natugu_curated_v1_run_scripts.py
inputs/grammar_pdfs/gitksan/gitksan Grammar PDF 1.pdf	inputs/grammar_pdfs/gitksan/pdf1_brown/gitksan Grammar PDF 1.pdf
inputs/grammar_pdfs/gitksan/gitksan Grammar PDF 2(1986_Rigsby).pdf	inputs/grammar_pdfs/gitksan/pdf2_rigsby/gitksan Grammar PDF 2(1986_Rigsby).pdf
