JobID|JobName|State|Submit|Start|End|Elapsed|ExitCode
5631822|run_natugu_qwen_summary.sh|COMPLETED|2026-05-05T23:51:28|2026-05-06T00:34:57|2026-05-06T01:30:01|00:55:04|0:0
5631822.batch|batch|COMPLETED|2026-05-06T00:34:57|2026-05-06T00:34:57|2026-05-06T01:30:01|00:55:04|0:0
5631823|run_natugu_qwen_pdfpages.sh|COMPLETED|2026-05-05T23:51:33|2026-05-06T01:30:19|2026-05-06T02:04:04|00:33:45|0:0
5631823.batch|batch|COMPLETED|2026-05-06T01:30:19|2026-05-06T01:30:19|2026-05-06T02:04:04|00:33:45|0:0
5631824|run_natugu_qwen_modelgloss_summary.sh|COMPLETED|2026-05-05T23:51:40|2026-05-06T02:04:27|2026-05-06T02:32:04|00:27:37|0:0
5631824.batch|batch|COMPLETED|2026-05-06T02:04:27|2026-05-06T02:04:27|2026-05-06T02:32:04|00:27:37|0:0
5631825|run_natugu_qwen_modelgloss_pdfpages.sh|COMPLETED|2026-05-05T23:51:44|2026-05-06T02:32:26|2026-05-06T02:49:58|00:17:32|0:0
5631825.batch|batch|COMPLETED|2026-05-06T02:32:26|2026-05-06T02:32:26|2026-05-06T02:49:58|00:17:32|0:0
5631827|run_natugu_qwen_modelgloss_cheatsheet.sh|COMPLETED|2026-05-05T23:51:47|2026-05-06T02:50:14|2026-05-06T02:58:09|00:07:55|0:0
5631827.batch|batch|COMPLETED|2026-05-06T02:50:14|2026-05-06T02:50:14|2026-05-06T02:58:09|00:07:55|0:0
5631863|run_natugu_qwen_summary_modelinput_all.sh|COMPLETED|2026-05-06T00:13:26|2026-05-06T03:02:57|2026-05-06T03:45:06|00:42:09|0:0
5631863.batch|batch|COMPLETED|2026-05-06T03:02:57|2026-05-06T03:02:57|2026-05-06T03:45:06|00:42:09|0:0
5631864|run_natugu_qwen_pdfpages_modelinput_all.sh|COMPLETED|2026-05-06T00:13:26|2026-05-06T03:45:09|2026-05-06T04:24:25|00:39:16|0:0
5631864.batch|batch|COMPLETED|2026-05-06T03:45:09|2026-05-06T03:45:09|2026-05-06T04:24:25|00:39:16|0:0
5631865|run_natugu_qwen_modelgloss_summary_modelinput_all.sh|COMPLETED|2026-05-06T00:13:27|2026-05-06T04:38:26|2026-05-06T05:01:22|00:22:56|0:0
5631865.batch|batch|COMPLETED|2026-05-06T04:38:26|2026-05-06T04:38:26|2026-05-06T05:01:22|00:22:56|0:0
5631866|run_natugu_qwen_modelgloss_pdfpages_modelinput_all.sh|COMPLETED|2026-05-06T00:13:27|2026-05-06T05:01:46|2026-05-06T05:21:35|00:19:49|0:0
5631866.batch|batch|COMPLETED|2026-05-06T05:01:46|2026-05-06T05:01:46|2026-05-06T05:21:35|00:19:49|0:0
5631895|run_natugu_qwen_summary_original_all_2gpu.sh|FAILED|2026-05-06T00:25:18|2026-05-06T06:53:45|2026-05-06T07:01:08|00:07:23|1:0
5631895.batch|batch|FAILED|2026-05-06T06:53:45|2026-05-06T06:53:45|2026-05-06T07:01:08|00:07:23|1:0
5631896|run_natugu_qwen_pdfpages_original_all_2gpu.sh|FAILED|2026-05-06T00:25:18|2026-05-06T07:01:21|2026-05-06T07:04:08|00:02:47|1:0
5631896.batch|batch|FAILED|2026-05-06T07:01:21|2026-05-06T07:01:21|2026-05-06T07:04:08|00:02:47|1:0
5631897|run_natugu_qwen_modelgloss_summary_original_all_2gpu.sh|FAILED|2026-05-06T00:25:18|2026-05-06T07:04:23|2026-05-06T07:06:33|00:02:10|1:0
5631897.batch|batch|FAILED|2026-05-06T07:04:23|2026-05-06T07:04:23|2026-05-06T07:06:33|00:02:10|1:0
5631898|run_natugu_qwen_modelgloss_pdfpages_original_all_2gpu.sh|FAILED|2026-05-06T00:25:18|2026-05-06T07:06:55|2026-05-06T07:09:42|00:02:47|1:0
5631898.batch|batch|FAILED|2026-05-06T07:06:55|2026-05-06T07:06:55|2026-05-06T07:09:42|00:02:47|1:0
5631950|run_natugu_qwen_summary_text.sh|CANCELLED by 4430322|2026-05-06T00:47:26|None|2026-05-06T00:55:31|00:00:00|0:0
5631957|run_natugu_qwen_summary_text.sh|COMPLETED|2026-05-06T00:55:31|2026-05-06T05:04:19|2026-05-06T05:13:50|00:09:31|0:0
5631957.batch|batch|COMPLETED|2026-05-06T05:04:19|2026-05-06T05:04:19|2026-05-06T05:13:50|00:09:31|0:0
5631958|run_natugu_qwen_summary_combined_image.sh|FAILED|2026-05-06T00:58:24|2026-05-06T05:13:57|2026-05-06T05:15:55|00:01:58|1:0
5631958.batch|batch|FAILED|2026-05-06T05:13:57|2026-05-06T05:13:57|2026-05-06T05:15:55|00:01:58|1:0
5631989|run_natugu_qwen_modelgloss_summary_text.sh|COMPLETED|2026-05-06T01:20:45|2026-05-06T08:15:09|2026-05-06T08:21:49|00:06:40|0:0
5631989.batch|batch|COMPLETED|2026-05-06T08:15:09|2026-05-06T08:15:09|2026-05-06T08:21:49|00:06:40|0:0
5631990|run_natugu_qwen_modelgloss_summary_combined_image.sh|FAILED|2026-05-06T01:20:45|2026-05-06T08:16:09|2026-05-06T08:18:05|00:01:56|1:0
5631990.batch|batch|FAILED|2026-05-06T08:16:09|2026-05-06T08:16:09|2026-05-06T08:18:05|00:01:56|1:0
5631991|run_natugu_qwen35_modelgloss_summary_text.sh|CANCELLED by 4430322|2026-05-06T01:21:04|None|2026-05-06T01:22:18|00:00:00|0:0
5631992|run_natugu_qwen35_modelgloss_summary_combined_image.sh|CANCELLED by 4430322|2026-05-06T01:21:04|None|2026-05-06T01:22:18|00:00:00|0:0
