id	model	method	material	variant	cohort	records	empty	bleu	chrf_plus_plus	xcomet_xl	xcomet_xxl
gemini25flashlite_lezgi_grammar_cyrillic_chain_gloss_cheatsheet_jpg	gemini25flashlite	chain_gloss	cheatsheet_jpg	cyrillic	valid_reference84	84	3	12.428926771388847	34.531397270422396	0.5102950875603017	0.3294273048994087
gemini25flashlite_lezgi_grammar_cyrillic_chain_gloss_cheatsheet_jpg	gemini25flashlite	chain_gloss	cheatsheet_jpg	cyrillic	valid_reference_no_overlap83	83	3	12.078901700566497	34.20450421999458	0.5063188006001783	0.327782991959388
gemini25flashlite_lezgi_grammar_cyrillic_chain_gloss_cheatsheet_txt	gemini25flashlite	chain_gloss	cheatsheet_txt	cyrillic	valid_reference84	84	3	10.510689772242678	32.05384142115138	0.48339662825067836	0.2938664143993741
gemini25flashlite_lezgi_grammar_cyrillic_chain_gloss_cheatsheet_txt	gemini25flashlite	chain_gloss	cheatsheet_txt	cyrillic	valid_reference_no_overlap83	83	3	9.950061138536366	31.635762985774807	0.4790961844734399	0.2918377723320421
gemini25flashlite_lezgi_grammar_cyrillic_chain_gloss_summary_tables_jpg	gemini25flashlite	chain_gloss	summary_tables_jpg	cyrillic	valid_reference84	84	4	12.15283653634046	33.63806138315486	0.510632221187864	0.31062819799851804
gemini25flashlite_lezgi_grammar_cyrillic_chain_gloss_summary_tables_jpg	gemini25flashlite	chain_gloss	summary_tables_jpg	cyrillic	valid_reference_no_overlap83	83	4	11.794951809650728	33.30498986063391	0.5066599960786751	0.3087573897946312
gemini25flashlite_lezgi_grammar_cyrillic_chain_gloss_summary_tables_txt	gemini25flashlite	chain_gloss	summary_tables_txt	cyrillic	valid_reference84	84	4	11.3521593116976	31.766687644016024	0.48384111144003417	0.2888964276228632
gemini25flashlite_lezgi_grammar_cyrillic_chain_gloss_summary_tables_txt	gemini25flashlite	chain_gloss	summary_tables_txt	cyrillic	valid_reference_no_overlap83	83	4	10.823463041623247	31.343925820019958	0.4795460228819445	0.2868079061967781
gemini25flashlite_lezgi_grammar_cyrillic_chain_gloss_summary_text_txt	gemini25flashlite	chain_gloss	summary_text_txt	cyrillic	valid_reference84	84	6	10.022049024471578	30.247691492192942	0.4736505878113565	0.28856353577049004
gemini25flashlite_lezgi_grammar_cyrillic_chain_gloss_summary_text_txt	gemini25flashlite	chain_gloss	summary_text_txt	cyrillic	valid_reference_no_overlap83	83	6	9.415406769794018	29.812802608515522	0.46923272186015025	0.2864710035991956
gemini25flashlite_lezgi_grammar_cyrillic_modelgloss_cheatsheet_jpg	gemini25flashlite	modelgloss	cheatsheet_jpg	cyrillic	valid_reference84	84	0	17.944585659174123	43.35855339533813	0.5706946377952894	0.392132726808389
gemini25flashlite_lezgi_grammar_cyrillic_modelgloss_cheatsheet_jpg	gemini25flashlite	modelgloss	cheatsheet_jpg	cyrillic	valid_reference_no_overlap83	83	0	17.664348573472193	43.09257417762752	0.5674460562596838	0.3912439008793199
gemini25flashlite_lezgi_grammar_cyrillic_modelgloss_cheatsheet_txt	gemini25flashlite	modelgloss	cheatsheet_txt	cyrillic	valid_reference84	84	1	18.038215922783	42.36750703442427	0.5659569622505278	0.37823499898825375
gemini25flashlite_lezgi_grammar_cyrillic_modelgloss_cheatsheet_txt	gemini25flashlite	modelgloss	cheatsheet_txt	cyrillic	valid_reference_no_overlap83	83	1	17.76216048961016	42.09422817615862	0.5626513002866722	0.3771787305553275
gemini25flashlite_lezgi_grammar_cyrillic_modelgloss_summary_tables_jpg	gemini25flashlite	modelgloss	summary_tables_jpg	cyrillic	valid_reference84	84	0	18.35577208512834	43.28388182811745	0.5716444186511493	0.38964123881998514
gemini25flashlite_lezgi_grammar_cyrillic_modelgloss_summary_tables_jpg	gemini25flashlite	modelgloss	summary_tables_jpg	cyrillic	valid_reference_no_overlap83	83	0	18.079783001672457	43.01673708009419	0.5684072802583855	0.3887223949633449
gemini25flashlite_lezgi_grammar_cyrillic_modelgloss_summary_tables_txt	gemini25flashlite	modelgloss	summary_tables_txt	cyrillic	valid_reference84	84	0	18.213229764000317	42.3586811292783	0.565756027897199	0.3830737327890737
gemini25flashlite_lezgi_grammar_cyrillic_modelgloss_summary_tables_txt	gemini25flashlite	modelgloss	summary_tables_txt	cyrillic	valid_reference_no_overlap83	83	0	17.939579896392807	42.08667765810447	0.56244794503752	0.38207576235374774
gemini25flashlite_lezgi_grammar_cyrillic_modelgloss_summary_text_txt	gemini25flashlite	modelgloss	summary_text_txt	cyrillic	valid_reference84	84	1	17.389451275117395	42.25063801463298	0.5538049246228877	0.3800300208053419
gemini25flashlite_lezgi_grammar_cyrillic_modelgloss_summary_text_txt	gemini25flashlite	modelgloss	summary_text_txt	cyrillic	valid_reference_no_overlap83	83	1	17.114780054055522	41.97873116170322	0.5503528525671327	0.3789953791412963
gemini25flashlite_lezgi_grammar_cyrillic_shot_cheatsheet_jpg	gemini25flashlite	shot	cheatsheet_jpg	cyrillic	valid_reference84	84	0	12.217622417352944	33.52463793343813	0.5187848746067002	0.33223651881728855
gemini25flashlite_lezgi_grammar_cyrillic_shot_cheatsheet_jpg	gemini25flashlite	shot	cheatsheet_jpg	cyrillic	valid_reference_no_overlap83	83	0	11.880345004650207	33.19274742015247	0.5149108742374972	0.33062605182808563
gemini25flashlite_lezgi_grammar_cyrillic_shot_cheatsheet_txt	gemini25flashlite	shot	cheatsheet_txt	cyrillic	valid_reference84	84	1	11.48976110182312	33.29756568936393	0.4770377714719091	0.2990956353467135
gemini25flashlite_lezgi_grammar_cyrillic_shot_cheatsheet_txt	gemini25flashlite	shot	cheatsheet_txt	cyrillic	valid_reference_no_overlap83	83	1	10.965239787244792	32.88706563212445	0.47266071496239626	0.29712999594139766
gemini25flashlite_lezgi_grammar_cyrillic_shot_summary_tables_jpg	gemini25flashlite	shot	summary_tables_jpg	cyrillic	valid_reference84	84	0	12.141044924055288	33.12431867692439	0.5190493783780507	0.33582168968305703
gemini25flashlite_lezgi_grammar_cyrillic_shot_summary_tables_jpg	gemini25flashlite	shot	summary_tables_jpg	cyrillic	valid_reference_no_overlap83	83	0	11.78469659624264	32.78816950785621	0.5151785648012736	0.33425441752356216
gemini25flashlite_lezgi_grammar_cyrillic_shot_summary_tables_txt	gemini25flashlite	shot	summary_tables_txt	cyrillic	valid_reference84	84	1	12.102970750823204	32.61450024746852	0.47228729050783885	0.30779509202000643
gemini25flashlite_lezgi_grammar_cyrillic_shot_summary_tables_txt	gemini25flashlite	shot	summary_tables_txt	cyrillic	valid_reference_no_overlap83	83	1	11.577844593931282	32.197355529700026	0.4678529992879155	0.30593426534569407
gemini25flashlite_lezgi_grammar_cyrillic_shot_summary_text_txt	gemini25flashlite	shot	summary_text_txt	cyrillic	valid_reference84	84	2	12.160569750285724	32.71828914943031	0.4907964258676484	0.3186010591508377
gemini25flashlite_lezgi_grammar_cyrillic_shot_summary_text_txt	gemini25flashlite	shot	summary_text_txt	cyrillic	valid_reference_no_overlap83	83	2	11.643350441218201	32.300636340370126	0.4865851362785661	0.3168704248515956
gemini25flashlite_lezgi_grammar_original_chain_gloss_baseline	gemini25flashlite	chain_gloss	baseline	original	valid_reference84	84	4	13.958405087253626	33.34972013649723	0.4994505555147216	0.3153331976916109
gemini25flashlite_lezgi_grammar_original_chain_gloss_baseline	gemini25flashlite	chain_gloss	baseline	original	valid_reference_no_overlap83	83	4	13.450570624484481	32.93292776336113	0.4953435325478933	0.31356319156755885
gemini25flashlite_lezgi_grammar_original_chain_gloss_cheatsheet_jpg	gemini25flashlite	chain_gloss	cheatsheet_jpg	original	valid_reference84	84	3	13.2937121221484	33.594123437271215	0.49337465972417877	0.31698168042515007
gemini25flashlite_lezgi_grammar_original_chain_gloss_cheatsheet_jpg	gemini25flashlite	chain_gloss	cheatsheet_jpg	original	valid_reference_no_overlap83	83	3	12.997928104291187	33.273041874005145	0.4887882483651839	0.3135431187160044
gemini25flashlite_lezgi_grammar_original_chain_gloss_cheatsheet_txt	gemini25flashlite	chain_gloss	cheatsheet_txt	original	valid_reference84	84	3	11.103711980735095	31.525839216422813	0.4826674780675343	0.29508055090194657
gemini25flashlite_lezgi_grammar_original_chain_gloss_cheatsheet_txt	gemini25flashlite	chain_gloss	cheatsheet_txt	original	valid_reference_no_overlap83	83	3	10.560209989031284	31.102814856544132	0.4783582493483302	0.293066536985248
gemini25flashlite_lezgi_grammar_original_chain_gloss_pdfpages_impactful_jpg	gemini25flashlite	chain_gloss	pdfpages_impactful_jpg	original	valid_reference84	84	2	12.796126171142895	34.56834398982398	0.509966621086711	0.32685310065391515
gemini25flashlite_lezgi_grammar_original_chain_gloss_pdfpages_impactful_jpg	gemini25flashlite	chain_gloss	pdfpages_impactful_jpg	original	valid_reference_no_overlap83	83	2	12.447882350622406	34.241997363220946	0.5059863766991949	0.32517777320491265
gemini25flashlite_lezgi_grammar_original_chain_gloss_summary_tables_jpg	gemini25flashlite	chain_gloss	summary_tables_jpg	original	valid_reference84	84	2	11.026447673352779	33.26016539332947	0.4915206567162559	0.3124432468875533
gemini25flashlite_lezgi_grammar_original_chain_gloss_summary_tables_jpg	gemini25flashlite	chain_gloss	summary_tables_jpg	original	valid_reference_no_overlap83	83	2	10.66070982914006	32.92742834833598	0.487318171794156	0.3105943067425705
gemini25flashlite_lezgi_grammar_original_chain_gloss_summary_tables_txt	gemini25flashlite	chain_gloss	summary_tables_txt	original	valid_reference84	84	4	11.65427366067916	31.26174716478633	0.4764355302211784	0.2929296850980747
gemini25flashlite_lezgi_grammar_original_chain_gloss_summary_tables_txt	gemini25flashlite	chain_gloss	summary_tables_txt	original	valid_reference_no_overlap83	83	4	11.127802693464357	30.835769109615356	0.4720512177929821	0.2908897571355464
gemini25flashlite_lezgi_grammar_original_chain_gloss_summary_text_txt	gemini25flashlite	chain_gloss	summary_text_txt	original	valid_reference84	84	8	10.780983709424737	29.942863261794656	0.4704144393049535	0.2812530148242201
gemini25flashlite_lezgi_grammar_original_chain_gloss_summary_text_txt	gemini25flashlite	chain_gloss	summary_text_txt	original	valid_reference_no_overlap83	83	8	10.162019229423095	29.500219378807103	0.4659575836127063	0.27907240408730793
gemini25flashlite_lezgi_grammar_original_modelgloss_baseline	gemini25flashlite	modelgloss	baseline	original	valid_reference84	84	1	19.100665335433476	43.39436832236058	0.5684907340577671	0.39129672368012725
gemini25flashlite_lezgi_grammar_original_modelgloss_baseline	gemini25flashlite	modelgloss	baseline	original	valid_reference_no_overlap83	83	1	18.82711767509372	43.127106395985685	0.5652155994650829	0.3903978254242116
gemini25flashlite_lezgi_grammar_original_modelgloss_cheatsheet_jpg	gemini25flashlite	modelgloss	cheatsheet_jpg	original	valid_reference84	84	0	18.493268400792306	43.88350326313144	0.5588042058405422	0.3906745048505919
gemini25flashlite_lezgi_grammar_original_modelgloss_cheatsheet_jpg	gemini25flashlite	modelgloss	cheatsheet_jpg	original	valid_reference_no_overlap83	83	0	18.235676773014166	43.622962223117185	0.5554123660886144	0.38976810998227224
gemini25flashlite_lezgi_grammar_original_modelgloss_cheatsheet_txt	gemini25flashlite	modelgloss	cheatsheet_txt	original	valid_reference84	84	1	17.576680433498165	42.026190271438935	0.5641078998645147	0.37782332451925393
gemini25flashlite_lezgi_grammar_original_modelgloss_cheatsheet_txt	gemini25flashlite	modelgloss	cheatsheet_txt	original	valid_reference_no_overlap83	83	1	17.302739458128546	41.75139270810094	0.5607799600405865	0.3767620961529663
gemini25flashlite_lezgi_grammar_original_modelgloss_pdfpages_impactful_jpg	gemini25flashlite	modelgloss	pdfpages_impactful_jpg	original	valid_reference84	84	0	17.5728541297177	42.75357871503849	0.5698626866298062	0.38939373807183336
gemini25flashlite_lezgi_grammar_original_modelgloss_pdfpages_impactful_jpg	gemini25flashlite	modelgloss	pdfpages_impactful_jpg	original	valid_reference_no_overlap83	83	0	17.294250779031437	42.48378557716034	0.5666040815861828	0.38847191227846833
gemini25flashlite_lezgi_grammar_original_modelgloss_summary_tables_jpg	gemini25flashlite	modelgloss	summary_tables_jpg	original	valid_reference84	84	0	18.552824046695147	43.90505365608378	0.5769388037068504	0.39371895506268456
gemini25flashlite_lezgi_grammar_original_modelgloss_summary_tables_jpg	gemini25flashlite	modelgloss	summary_tables_jpg	original	valid_reference_no_overlap83	83	0	18.280897194312075	43.642507306635274	0.5737654530858419	0.3928492403174021
gemini25flashlite_lezgi_grammar_original_modelgloss_summary_tables_txt	gemini25flashlite	modelgloss	summary_tables_txt	original	valid_reference84	84	1	18.865374443568875	42.545167788822	0.56285557753983	0.38292625546455383
gemini25flashlite_lezgi_grammar_original_modelgloss_summary_tables_txt	gemini25flashlite	modelgloss	summary_tables_txt	original	valid_reference_no_overlap83	83	1	18.595678685702147	42.272588023376855	0.5595125494951225	0.3819265081939927
gemini25flashlite_lezgi_grammar_original_modelgloss_summary_text_txt	gemini25flashlite	modelgloss	summary_text_txt	original	valid_reference84	84	1	16.60371225847155	41.590290466744285	0.5487479936508906	0.37063807071674437
gemini25flashlite_lezgi_grammar_original_modelgloss_summary_text_txt	gemini25flashlite	modelgloss	summary_text_txt	original	valid_reference_no_overlap83	83	1	16.328837221539004	41.31481987468102	0.5452349947159549	0.36949027302753495
gemini25flashlite_lezgi_grammar_original_shot_baseline	gemini25flashlite	shot	baseline	original	valid_reference84	84	1	12.943627699902477	33.95780264584514	0.51200432294891	0.3199224605978954
gemini25flashlite_lezgi_grammar_original_shot_baseline	gemini25flashlite	shot	baseline	original	valid_reference_no_overlap83	83	1	12.411665471680488	33.548045717238274	0.508048550192132	0.3182077467980155
gemini25flashlite_lezgi_grammar_original_shot_cheatsheet_jpg	gemini25flashlite	shot	cheatsheet_jpg	original	valid_reference84	84	0	9.81506665372787	33.01750492208414	0.49910101631567594	0.32662867985311006
gemini25flashlite_lezgi_grammar_original_shot_cheatsheet_jpg	gemini25flashlite	shot	cheatsheet_jpg	original	valid_reference_no_overlap83	83	0	9.44467376167241	32.68617015754312	0.49498986102730397	0.3249506485390376
gemini25flashlite_lezgi_grammar_original_shot_cheatsheet_txt	gemini25flashlite	shot	cheatsheet_txt	original	valid_reference84	84	2	12.421312376821493	33.0756319575731	0.48383040726184845	0.3021640279995544
gemini25flashlite_lezgi_grammar_original_shot_cheatsheet_txt	gemini25flashlite	shot	cheatsheet_txt	original	valid_reference_no_overlap83	83	2	11.901285976625363	32.660213442986155	0.47953518973775655	0.30023535718041733
gemini25flashlite_lezgi_grammar_original_shot_pdfpages_impactful_jpg	gemini25flashlite	shot	pdfpages_impactful_jpg	original	valid_reference84	84	0	12.911224985807985	34.18188399923762	0.5104362153936	0.3296248380626951
gemini25flashlite_lezgi_grammar_original_shot_pdfpages_impactful_jpg	gemini25flashlite	shot	pdfpages_impactful_jpg	original	valid_reference_no_overlap83	83	0	12.592498675007842	33.85542530778847	0.5064217353082565	0.3280482676373907
gemini25flashlite_lezgi_grammar_original_shot_summary_tables_jpg	gemini25flashlite	shot	summary_tables_jpg	original	valid_reference84	84	0	12.998805057218505	33.48471620457593	0.522606131931146	0.3368990974766867
gemini25flashlite_lezgi_grammar_original_shot_summary_tables_jpg	gemini25flashlite	shot	summary_tables_jpg	original	valid_reference_no_overlap83	83	0	12.657352930238966	33.15005163933699	0.5187781708068159	0.33534480613398265
gemini25flashlite_lezgi_grammar_original_shot_summary_tables_txt	gemini25flashlite	shot	summary_tables_txt	original	valid_reference84	84	1	11.032950223853971	32.842676391227606	0.4783831075543449	0.2978538367897272
gemini25flashlite_lezgi_grammar_original_shot_summary_tables_txt	gemini25flashlite	shot	summary_tables_txt	original	valid_reference_no_overlap83	83	1	10.69073457707238	32.50853647915022	0.4740223389074027	0.29582912061946937
gemini25flashlite_lezgi_grammar_original_shot_summary_text_txt	gemini25flashlite	shot	summary_text_txt	original	valid_reference84	84	1	11.907915545161483	33.31931636192368	0.48520072638278916	0.30582368560135365
gemini25flashlite_lezgi_grammar_original_shot_summary_text_txt	gemini25flashlite	shot	summary_text_txt	original	valid_reference_no_overlap83	83	1	11.401649756865512	32.90784144641009	0.48092201872762425	0.30393910704247923
qwen35_lezgi_grammar_cyrillic_chain_gloss_cheatsheet_jpg	qwen35	chain_gloss	cheatsheet_jpg	cyrillic	valid_reference84	84	0	5.536302747148965	22.815257772090636	0.37815796495193527	0.19484266958066396
qwen35_lezgi_grammar_cyrillic_chain_gloss_cheatsheet_jpg	qwen35	chain_gloss	cheatsheet_jpg	cyrillic	valid_reference_no_overlap83	83	0	5.098426781909937	22.419313425893677	0.3722532788314015	0.19084969378379454
qwen35_lezgi_grammar_cyrillic_chain_gloss_cheatsheet_txt	qwen35	chain_gloss	cheatsheet_txt	cyrillic	valid_reference84	84	0	4.379070454910565	24.52245137772978	0.36907211052519934	0.20227502259824956
qwen35_lezgi_grammar_cyrillic_chain_gloss_cheatsheet_txt	qwen35	chain_gloss	cheatsheet_txt	cyrillic	valid_reference_no_overlap83	83	0	3.9671921095589178	24.14623379674469	0.36339434191405057	0.19909875444978117
qwen35_lezgi_grammar_cyrillic_chain_gloss_summary_tables_jpg	qwen35	chain_gloss	summary_tables_jpg	cyrillic	valid_reference84	84	0	7.362605567682943	25.126488938467006	0.393045824021101	0.19378685472267015
qwen35_lezgi_grammar_cyrillic_chain_gloss_summary_tables_jpg	qwen35	chain_gloss	summary_tables_jpg	cyrillic	valid_reference_no_overlap83	83	0	6.7702649069433765	24.68640753858202	0.3883891455739377	0.19094742008720536
qwen35_lezgi_grammar_cyrillic_chain_gloss_summary_tables_txt	qwen35	chain_gloss	summary_tables_txt	cyrillic	valid_reference84	84	0	4.586084340034273	24.318106366901322	0.38049489720946267	0.2013969010717812
qwen35_lezgi_grammar_cyrillic_chain_gloss_summary_tables_txt	qwen35	chain_gloss	summary_tables_txt	cyrillic	valid_reference_no_overlap83	83	0	4.149200704962067	23.937104004390125	0.37495475253426885	0.19821005314588547
qwen35_lezgi_grammar_cyrillic_chain_gloss_summary_text_txt	qwen35	chain_gloss	summary_text_txt	cyrillic	valid_reference84	84	0	5.497293629399627	24.006032668372416	0.38046314833419664	0.19611143622369992
qwen35_lezgi_grammar_cyrillic_chain_gloss_summary_text_txt	qwen35	chain_gloss	summary_text_txt	cyrillic	valid_reference_no_overlap83	83	0	5.162309967530184	23.673887217119386	0.37621868751853343	0.19495433120124311
qwen35_lezgi_grammar_cyrillic_modelgloss_cheatsheet_jpg	qwen35	modelgloss	cheatsheet_jpg	cyrillic	valid_reference84	84	0	12.61339515838599	37.17565676520046	0.5328777120226905	0.35264804187629906
qwen35_lezgi_grammar_cyrillic_modelgloss_cheatsheet_jpg	qwen35	modelgloss	cheatsheet_jpg	cyrillic	valid_reference_no_overlap83	83	0	12.299551680827484	36.871405988883104	0.529173504875367	0.35128349685166255
qwen35_lezgi_grammar_cyrillic_modelgloss_cheatsheet_txt	qwen35	modelgloss	cheatsheet_txt	cyrillic	valid_reference84	84	0	11.16568181703648	38.44609138854906	0.5171804594851676	0.3448728516343094
qwen35_lezgi_grammar_cyrillic_modelgloss_cheatsheet_txt	qwen35	modelgloss	cheatsheet_txt	cyrillic	valid_reference_no_overlap83	83	0	10.861753176289508	38.15845096528566	0.5132871288132955	0.3434146296188056
qwen35_lezgi_grammar_cyrillic_modelgloss_summary_tables_jpg	qwen35	modelgloss	summary_tables_jpg	cyrillic	valid_reference84	84	0	13.149137154543586	37.27872894792803	0.534620052647023	0.3570800962015277
qwen35_lezgi_grammar_cyrillic_modelgloss_summary_tables_jpg	qwen35	modelgloss	summary_tables_jpg	cyrillic	valid_reference_no_overlap83	83	0	12.845818389613685	36.97540587736523	0.5309368375554142	0.35576894942177345
qwen35_lezgi_grammar_cyrillic_modelgloss_summary_tables_txt	qwen35	modelgloss	summary_tables_txt	cyrillic	valid_reference84	84	0	12.193750262462993	39.48689552469152	0.5266341591874758	0.3569909121309008
qwen35_lezgi_grammar_cyrillic_modelgloss_summary_tables_txt	qwen35	modelgloss	summary_tables_txt	cyrillic	valid_reference_no_overlap83	83	0	11.896203460628518	39.20448311059344	0.5228547285120171	0.35567869084427156
qwen35_lezgi_grammar_cyrillic_modelgloss_summary_text_txt	qwen35	modelgloss	summary_text_txt	cyrillic	valid_reference84	84	0	11.857090326170992	38.99024030422646	0.5262474091280074	0.3449265239316793
qwen35_lezgi_grammar_cyrillic_modelgloss_summary_text_txt	qwen35	modelgloss	summary_text_txt	cyrillic	valid_reference_no_overlap83	83	0	11.559407118809414	38.704968771247536	0.522463318813278	0.34346894857036064
qwen35_lezgi_grammar_cyrillic_shot_cheatsheet_jpg	qwen35	shot	cheatsheet_jpg	cyrillic	valid_reference84	84	0	6.748552204541549	25.002390029989435	0.3965010116142886	0.2084679286040011
qwen35_lezgi_grammar_cyrillic_shot_cheatsheet_jpg	qwen35	shot	cheatsheet_jpg	cyrillic	valid_reference_no_overlap83	83	0	6.318911538439862	24.611795187409	0.39115371169096014	0.2053662737809032
qwen35_lezgi_grammar_cyrillic_shot_cheatsheet_txt	qwen35	shot	cheatsheet_txt	cyrillic	valid_reference84	84	0	6.241376519311926	25.726243439867048	0.38658600992390085	0.20010266834426493
qwen35_lezgi_grammar_cyrillic_shot_cheatsheet_txt	qwen35	shot	cheatsheet_txt	cyrillic	valid_reference_no_overlap83	83	0	5.847031072348626	25.34864605237456	0.38111925214888104	0.19690022725297743
qwen35_lezgi_grammar_cyrillic_shot_summary_tables_jpg	qwen35	shot	summary_tables_jpg	cyrillic	valid_reference84	84	0	6.296483171092449	24.055538260133254	0.3896707374425161	0.2069881178793453
qwen35_lezgi_grammar_cyrillic_shot_summary_tables_jpg	qwen35	shot	summary_tables_jpg	cyrillic	valid_reference_no_overlap83	83	0	5.8487236655923125	23.659093782211464	0.3842411450592868	0.20386863401137204
qwen35_lezgi_grammar_cyrillic_shot_summary_tables_txt	qwen35	shot	summary_tables_txt	cyrillic	valid_reference84	84	0	6.601344244420226	25.933219122079915	0.379599392414093	0.19293275165061155
qwen35_lezgi_grammar_cyrillic_shot_summary_tables_txt	qwen35	shot	summary_tables_txt	cyrillic	valid_reference_no_overlap83	83	0	6.24038995277238	25.56170977263405	0.37404845852449714	0.18964392602084632
qwen35_lezgi_grammar_cyrillic_shot_summary_text_txt	qwen35	shot	summary_text_txt	cyrillic	valid_reference84	84	0	5.783525206828176	24.61819546135989	0.36747673384490465	0.18751481743085952
qwen35_lezgi_grammar_cyrillic_shot_summary_text_txt	qwen35	shot	summary_text_txt	cyrillic	valid_reference_no_overlap83	83	0	5.412850113984591	24.239625536887573	0.3617797438279692	0.18416071548519364
qwen35_lezgi_grammar_original_chain_gloss_baseline	qwen35	chain_gloss	baseline	original	valid_reference84	84	0	6.366870529945038	26.25970012973704	0.38676874871764866	0.21354601416914237
qwen35_lezgi_grammar_original_chain_gloss_baseline	qwen35	chain_gloss	baseline	original	valid_reference_no_overlap83	83	0	5.801175275660577	25.82201949838571	0.3806931229240923	0.21003787479845873
qwen35_lezgi_grammar_original_chain_gloss_cheatsheet_jpg	qwen35	chain_gloss	cheatsheet_jpg	original	valid_reference84	84	0	5.594989283551352	24.930129021952776	0.3751705102622509	0.20310031525081113
qwen35_lezgi_grammar_original_chain_gloss_cheatsheet_jpg	qwen35	chain_gloss	cheatsheet_jpg	original	valid_reference_no_overlap83	83	0	4.930844492661877	24.47785922163826	0.36895514665597895	0.19946632408593074
qwen35_lezgi_grammar_original_chain_gloss_cheatsheet_txt	qwen35	chain_gloss	cheatsheet_txt	original	valid_reference84	84	0	4.381516584374466	24.399466358868498	0.3747879337696802	0.20806823457990373
qwen35_lezgi_grammar_original_chain_gloss_cheatsheet_txt	qwen35	chain_gloss	cheatsheet_txt	original	valid_reference_no_overlap83	83	0	3.9614925628710442	24.021797626916005	0.36917903049882633	0.20496176416615405
qwen35_lezgi_grammar_original_chain_gloss_pdfpages_impactful_jpg	qwen35	chain_gloss	pdfpages_impactful_jpg	original	valid_reference84	84	0	4.783479742038137	23.17083396465344	0.3727372946838538	0.20331507389034545
qwen35_lezgi_grammar_original_chain_gloss_pdfpages_impactful_jpg	qwen35	chain_gloss	pdfpages_impactful_jpg	original	valid_reference_no_overlap83	83	0	4.029559662035756	22.71012656853615	0.36677069028457965	0.19898272673767733
qwen35_lezgi_grammar_original_chain_gloss_summary_tables_jpg	qwen35	chain_gloss	summary_tables_jpg	original	valid_reference84	84	0	5.700618457433606	24.234614548035886	0.39069393401344615	0.19718128070235252
qwen35_lezgi_grammar_original_chain_gloss_summary_tables_jpg	qwen35	chain_gloss	summary_tables_jpg	original	valid_reference_no_overlap83	83	0	5.223771983811163	23.864310285521213	0.38568482467209	0.19483288386500025
qwen35_lezgi_grammar_original_chain_gloss_summary_tables_txt	qwen35	chain_gloss	summary_tables_txt	original	valid_reference84	84	0	5.18836448197253	24.23211927432199	0.37410006973715054	0.18605367919164045
qwen35_lezgi_grammar_original_chain_gloss_summary_tables_txt	qwen35	chain_gloss	summary_tables_txt	original	valid_reference_no_overlap83	83	0	4.8079953997670835	23.850071677993657	0.3684828789478325	0.18268197317080326
qwen35_lezgi_grammar_original_chain_gloss_summary_text_txt	qwen35	chain_gloss	summary_text_txt	original	valid_reference84	84	0	4.949161971776287	23.396057273501636	0.3708336583915211	0.19781597872220336
qwen35_lezgi_grammar_original_chain_gloss_summary_text_txt	qwen35	chain_gloss	summary_text_txt	original	valid_reference_no_overlap83	83	0	4.598640107504112	23.021981805609162	0.3657400633197233	0.19363025432250586
qwen35_lezgi_grammar_original_modelgloss_baseline	qwen35	modelgloss	baseline	original	valid_reference84	84	0	13.857302874611523	39.80286964093863	0.5504305444303013	0.35388220474123955
qwen35_lezgi_grammar_original_modelgloss_baseline	qwen35	modelgloss	baseline	original	valid_reference_no_overlap83	83	0	13.566078824783432	39.518460005425446	0.5469378171915031	0.3525325291487108
qwen35_lezgi_grammar_original_modelgloss_cheatsheet_jpg	qwen35	modelgloss	cheatsheet_jpg	original	valid_reference84	84	0	12.172995845571178	36.63272055465486	0.5324896144725028	0.35367914377933457
qwen35_lezgi_grammar_original_modelgloss_cheatsheet_jpg	qwen35	modelgloss	cheatsheet_jpg	original	valid_reference_no_overlap83	83	0	11.854083620663427	36.32555558083914	0.5287807314510805	0.3523270216691925
qwen35_lezgi_grammar_original_modelgloss_cheatsheet_txt	qwen35	modelgloss	cheatsheet_txt	original	valid_reference84	84	0	12.494106954833047	39.15280028918899	0.5208115687682515	0.3481625321188143
qwen35_lezgi_grammar_original_modelgloss_cheatsheet_txt	qwen35	modelgloss	cheatsheet_txt	original	valid_reference_no_overlap83	83	0	12.202684866117298	38.867480128019324	0.5169619864009949	0.34674394480794307
qwen35_lezgi_grammar_original_modelgloss_pdfpages_impactful_jpg	qwen35	modelgloss	pdfpages_impactful_jpg	original	valid_reference84	84	0	12.622911490113168	38.859623359368975	0.5359947713358062	0.35924716009980157
qwen35_lezgi_grammar_original_modelgloss_pdfpages_impactful_jpg	qwen35	modelgloss	pdfpages_impactful_jpg	original	valid_reference_no_overlap83	83	0	12.28808444273177	38.56703294753234	0.5323281191199659	0.357962122523641
qwen35_lezgi_grammar_original_modelgloss_summary_tables_jpg	qwen35	modelgloss	summary_tables_jpg	original	valid_reference84	84	0	11.798072013777912	37.243157926181524	0.5266649730148769	0.35159914940595627
qwen35_lezgi_grammar_original_modelgloss_summary_tables_jpg	qwen35	modelgloss	summary_tables_jpg	original	valid_reference_no_overlap83	83	0	11.471963569781002	36.940621298499565	0.5228859135903507	0.350221967122641
qwen35_lezgi_grammar_original_modelgloss_summary_tables_txt	qwen35	modelgloss	summary_tables_txt	original	valid_reference84	84	0	12.526517920612324	38.815229733491435	0.5211114532181195	0.3453871487152009
qwen35_lezgi_grammar_original_modelgloss_summary_tables_txt	qwen35	modelgloss	summary_tables_txt	original	valid_reference_no_overlap83	83	0	12.242008371107511	38.528730110890244	0.5172654839165239	0.34393512305006924
qwen35_lezgi_grammar_original_modelgloss_summary_text_txt	qwen35	modelgloss	summary_text_txt	original	valid_reference84	84	0	10.739397296480655	37.76984205270603	0.532987948152281	0.3503215931178558
qwen35_lezgi_grammar_original_modelgloss_summary_text_txt	qwen35	modelgloss	summary_text_txt	original	valid_reference_no_overlap83	83	0	10.42649883802358	37.476853562418626	0.5292850691510971	0.3489290185901056
qwen35_lezgi_grammar_original_shot_baseline	qwen35	shot	baseline	original	valid_reference84	84	0	6.722751532665982	25.37797628627955	0.3924168046741259	0.20461683259123847
qwen35_lezgi_grammar_original_shot_baseline	qwen35	shot	baseline	original	valid_reference_no_overlap83	83	0	6.351139253441979	24.99822486413085	0.3870202974382653	0.20146877902099886
qwen35_lezgi_grammar_original_shot_cheatsheet_jpg	qwen35	shot	cheatsheet_jpg	original	valid_reference84	84	0	6.148678271971484	24.199698374414297	0.38469925859854337	0.2086273923161484
qwen35_lezgi_grammar_original_shot_cheatsheet_jpg	qwen35	shot	cheatsheet_jpg	original	valid_reference_no_overlap83	83	0	5.701242213278326	23.80345348701703	0.3792097688798445	0.20552765874259443
qwen35_lezgi_grammar_original_shot_cheatsheet_txt	qwen35	shot	cheatsheet_txt	original	valid_reference84	84	0	6.883492239556524	25.666090060589582	0.38053543617328006	0.1888782006821462
qwen35_lezgi_grammar_original_shot_cheatsheet_txt	qwen35	shot	cheatsheet_txt	original	valid_reference_no_overlap83	83	0	6.519186525489928	25.28769603010795	0.3749957799193371	0.1855405250407127
qwen35_lezgi_grammar_original_shot_pdfpages_impactful_jpg	qwen35	shot	pdfpages_impactful_jpg	original	valid_reference84	84	0	5.405774434156372	23.86359846766027	0.38440971945722896	0.20193203991012915
qwen35_lezgi_grammar_original_shot_pdfpages_impactful_jpg	qwen35	shot	pdfpages_impactful_jpg	original	valid_reference_no_overlap83	83	0	4.954044380047255	23.470933014781846	0.3789167413151408	0.19875163944011712
qwen35_lezgi_grammar_original_shot_summary_tables_jpg	qwen35	shot	summary_tables_jpg	original	valid_reference84	84	0	6.039199966021554	23.831479907399952	0.39296908605666386	0.21078783530919326
qwen35_lezgi_grammar_original_shot_summary_tables_jpg	qwen35	shot	summary_tables_jpg	original	valid_reference_no_overlap83	83	0	5.595177654387522	23.434079949974976	0.38757923281336404	0.20771413116929044
qwen35_lezgi_grammar_original_shot_summary_tables_txt	qwen35	shot	summary_tables_txt	original	valid_reference84	84	0	7.391708701229246	26.354705611402185	0.37963887215370223	0.19532305658573196
qwen35_lezgi_grammar_original_shot_summary_tables_txt	qwen35	shot	summary_tables_txt	original	valid_reference_no_overlap83	83	0	7.048953331708602	25.984212648240966	0.37408841392361974	0.19206302981060672
qwen35_lezgi_grammar_original_shot_summary_text_txt	qwen35	shot	summary_text_txt	original	valid_reference84	84	0	5.746828945144376	24.60846738505628	0.35329055200730053	0.18690902269667103
qwen35_lezgi_grammar_original_shot_summary_text_txt	qwen35	shot	summary_text_txt	original	valid_reference_no_overlap83	83	0	5.363201534686072	24.226766440916553	0.34742264413689994	0.18354762201926794
qwen3_lezgi_grammar_cyrillic_chain_gloss_cheatsheet_jpg	qwen3	chain_gloss	cheatsheet_jpg	cyrillic	valid_reference84	84	1	3.292828950051182	17.684303705399746	0.3245224498567127	0.15045629388519696
qwen3_lezgi_grammar_cyrillic_chain_gloss_cheatsheet_jpg	qwen3	chain_gloss	cheatsheet_jpg	cyrillic	valid_reference_no_overlap83	83	1	2.478257231398256	17.168567201349152	0.31830785935183603	0.1466998190405857
qwen3_lezgi_grammar_cyrillic_chain_gloss_cheatsheet_txt	qwen3	chain_gloss	cheatsheet_txt	cyrillic	valid_reference84	84	1	4.186891624313874	20.172773174959875	0.3222627728467896	0.14841944697712148
qwen3_lezgi_grammar_cyrillic_chain_gloss_cheatsheet_txt	qwen3	chain_gloss	cheatsheet_txt	cyrillic	valid_reference_no_overlap83	83	1	3.54378435652438	19.680998032631685	0.31602095731769697	0.14463843180831656
qwen3_lezgi_grammar_cyrillic_chain_gloss_summary_tables_jpg	qwen3	chain_gloss	summary_tables_jpg	cyrillic	valid_reference84	84	0	3.0079773176768874	17.367451021435276	0.310951258455004	0.14606295047061785
qwen3_lezgi_grammar_cyrillic_chain_gloss_summary_tables_jpg	qwen3	chain_gloss	summary_tables_jpg	cyrillic	valid_reference_no_overlap83	83	0	2.1019089586699753	16.84700804983354	0.30457315961998627	0.14225354377763816
qwen3_lezgi_grammar_cyrillic_chain_gloss_summary_tables_txt	qwen3	chain_gloss	summary_tables_txt	cyrillic	valid_reference84	84	1	4.241006459910475	19.623468679890475	0.31989539556560065	0.15493748904693694
qwen3_lezgi_grammar_cyrillic_chain_gloss_summary_tables_txt	qwen3	chain_gloss	summary_tables_txt	cyrillic	valid_reference_no_overlap83	83	1	3.614471560532017	19.12863145301117	0.31362505741866237	0.1512350045054792
qwen3_lezgi_grammar_cyrillic_chain_gloss_summary_text_txt	qwen3	chain_gloss	summary_text_txt	cyrillic	valid_reference84	84	1	4.454053926668378	19.91795082913364	0.31315435291755767	0.14216036101182303
qwen3_lezgi_grammar_cyrillic_chain_gloss_summary_text_txt	qwen3	chain_gloss	summary_text_txt	cyrillic	valid_reference_no_overlap83	83	1	4.070198830594845	19.537391325341954	0.3066969352314271	0.13840506917022796
qwen3_lezgi_grammar_cyrillic_modelgloss_cheatsheet_jpg	qwen3	modelgloss	cheatsheet_jpg	cyrillic	valid_reference84	84	0	9.778003550854688	33.91773038077957	0.5085520362924962	0.32961845947873025
qwen3_lezgi_grammar_cyrillic_modelgloss_cheatsheet_jpg	qwen3	modelgloss	cheatsheet_jpg	cyrillic	valid_reference_no_overlap83	83	0	9.61048325998479	33.75692431936563	0.5033288908651076	0.32705759840557375
qwen3_lezgi_grammar_cyrillic_modelgloss_cheatsheet_txt	qwen3	modelgloss	cheatsheet_txt	cyrillic	valid_reference84	84	0	8.361296025763265	35.653669692151716	0.523949630381096	0.34597456286705675
qwen3_lezgi_grammar_cyrillic_modelgloss_cheatsheet_txt	qwen3	modelgloss	cheatsheet_txt	cyrillic	valid_reference_no_overlap83	83	0	7.981181382527689	35.38842253901656	0.5190058215914002	0.34330241337239026
qwen3_lezgi_grammar_cyrillic_modelgloss_summary_tables_jpg	qwen3	modelgloss	summary_tables_jpg	cyrillic	valid_reference84	84	0	9.99988511275605	34.39811124391053	0.5076004557666325	0.3329030725040606
qwen3_lezgi_grammar_cyrillic_modelgloss_summary_tables_jpg	qwen3	modelgloss	summary_tables_jpg	cyrillic	valid_reference_no_overlap83	83	0	9.831310778852785	34.240403960597185	0.5023658455136311	0.3303817850818117
qwen3_lezgi_grammar_cyrillic_modelgloss_summary_tables_txt	qwen3	modelgloss	summary_tables_txt	cyrillic	valid_reference84	84	0	8.164699953209006	36.19724408095594	0.5127047747373581	0.34908816324813025
qwen3_lezgi_grammar_cyrillic_modelgloss_summary_tables_txt	qwen3	modelgloss	summary_tables_txt	cyrillic	valid_reference_no_overlap83	83	0	7.817224328292995	35.938656516184366	0.5076254857591835	0.346453527011067
qwen3_lezgi_grammar_cyrillic_modelgloss_summary_text_txt	qwen3	modelgloss	summary_text_txt	cyrillic	valid_reference84	84	0	8.977775694275225	36.33876122240194	0.5135722531094438	0.338318361590306
qwen3_lezgi_grammar_cyrillic_modelgloss_summary_text_txt	qwen3	modelgloss	summary_text_txt	cyrillic	valid_reference_no_overlap83	83	0	8.65584400382731	36.08063683382538	0.5085034156779209	0.33555396870676296
qwen3_lezgi_grammar_cyrillic_shot_cheatsheet_jpg	qwen3	shot	cheatsheet_jpg	cyrillic	valid_reference84	84	5	3.8595786617174768	18.134572342477696	0.3383052705654076	0.14705639323663144
qwen3_lezgi_grammar_cyrillic_shot_cheatsheet_jpg	qwen3	shot	cheatsheet_jpg	cyrillic	valid_reference_no_overlap83	83	5	3.1097808033888006	17.635884205502364	0.33186038161616727	0.14245555298515114
qwen3_lezgi_grammar_cyrillic_shot_cheatsheet_txt	qwen3	shot	cheatsheet_txt	cyrillic	valid_reference84	84	0	4.005859381309376	19.7428067370607	0.31405502735149293	0.13983433596080258
qwen3_lezgi_grammar_cyrillic_shot_cheatsheet_txt	qwen3	shot	cheatsheet_txt	cyrillic	valid_reference_no_overlap83	83	0	3.412175726568441	19.279012270881786	0.3113726955580424	0.13630053948566137
qwen3_lezgi_grammar_cyrillic_shot_summary_tables_jpg	qwen3	shot	summary_tables_jpg	cyrillic	valid_reference84	84	5	3.7131782058267957	18.74255655535613	0.3334858806005546	0.13903606363705226
qwen3_lezgi_grammar_cyrillic_shot_summary_tables_jpg	qwen3	shot	summary_tables_jpg	cyrillic	valid_reference_no_overlap83	83	5	2.980390264385746	18.238174520639333	0.32737928323717	0.1351419956569212
qwen3_lezgi_grammar_cyrillic_shot_summary_tables_txt	qwen3	shot	summary_tables_txt	cyrillic	valid_reference84	84	1	4.075073258024172	19.943780968019542	0.3275677936062926	0.1527915463028919
qwen3_lezgi_grammar_cyrillic_shot_summary_tables_txt	qwen3	shot	summary_tables_txt	cyrillic	valid_reference_no_overlap83	83	1	3.532603882735251	19.48529306430385	0.32504826622555055	0.1494138607957277
qwen3_lezgi_grammar_cyrillic_shot_summary_text_txt	qwen3	shot	summary_text_txt	cyrillic	valid_reference84	84	0	3.7753492121835484	20.199629243911353	0.32824330156048137	0.14946044227551847
qwen3_lezgi_grammar_cyrillic_shot_summary_text_txt	qwen3	shot	summary_text_txt	cyrillic	valid_reference_no_overlap83	83	0	3.216105694236683	19.74612680893621	0.32573191282978975	0.1460426229848919
qwen3_lezgi_grammar_original_chain_gloss_baseline	qwen3	chain_gloss	baseline	original	valid_reference84	84	1	4.2634809273315035	19.263656345955404	0.34216355638844625	0.15518026382085823
qwen3_lezgi_grammar_original_chain_gloss_baseline	qwen3	chain_gloss	baseline	original	valid_reference_no_overlap83	83	1	3.6289452909978097	18.77547905138926	0.33576515281056785	0.15067730152822403
qwen3_lezgi_grammar_original_chain_gloss_cheatsheet_jpg	qwen3	chain_gloss	cheatsheet_jpg	original	valid_reference84	84	1	4.09816818515882	17.74044653475053	0.3374643912982373	0.16405569566857248
qwen3_lezgi_grammar_original_chain_gloss_cheatsheet_jpg	qwen3	chain_gloss	cheatsheet_jpg	original	valid_reference_no_overlap83	83	1	3.309753897220772	17.21577549868455	0.3314057277986802	0.16046306903821878
qwen3_lezgi_grammar_original_chain_gloss_cheatsheet_txt	qwen3	chain_gloss	cheatsheet_txt	original	valid_reference84	84	0	3.8527102513783973	20.250525144731142	0.32398717992362525	0.15662347347963423
qwen3_lezgi_grammar_original_chain_gloss_cheatsheet_txt	qwen3	chain_gloss	cheatsheet_txt	original	valid_reference_no_overlap83	83	0	3.085524341187607	19.75800167351283	0.31776614038341017	0.15294130200363068
qwen3_lezgi_grammar_original_chain_gloss_pdfpages_impactful_jpg	qwen3	chain_gloss	pdfpages_impactful_jpg	original	valid_reference84	84	1	3.6017549898583354	17.62296012218464	0.30968173167535235	0.13541307034237043
qwen3_lezgi_grammar_original_chain_gloss_pdfpages_impactful_jpg	qwen3	chain_gloss	pdfpages_impactful_jpg	original	valid_reference_no_overlap83	83	1	2.736581348504056	17.11240530532663	0.302891980811774	0.1306719490921641
qwen3_lezgi_grammar_original_chain_gloss_summary_tables_jpg	qwen3	chain_gloss	summary_tables_jpg	original	valid_reference84	84	0	3.62465680344157	17.81352044607095	0.317864435591868	0.14538290165364742
qwen3_lezgi_grammar_original_chain_gloss_summary_tables_jpg	qwen3	chain_gloss	summary_tables_jpg	original	valid_reference_no_overlap83	83	0	2.8239967739337324	17.293331830480344	0.31156962804765587	0.14156530160142713
qwen3_lezgi_grammar_original_chain_gloss_summary_tables_txt	qwen3	chain_gloss	summary_tables_txt	original	valid_reference84	84	0	4.096434932180941	20.206960361507555	0.3204705310719354	0.15572679229080677
qwen3_lezgi_grammar_original_chain_gloss_summary_tables_txt	qwen3	chain_gloss	summary_tables_txt	original	valid_reference_no_overlap83	83	0	3.4154691512961266	19.713439470010208	0.31420712226844694	0.15203381742698602
qwen3_lezgi_grammar_original_chain_gloss_summary_text_txt	qwen3	chain_gloss	summary_text_txt	original	valid_reference84	84	0	3.9647811949743472	20.8062595129789	0.32210522925569895	0.14886866093036674
qwen3_lezgi_grammar_original_chain_gloss_summary_text_txt	qwen3	chain_gloss	summary_text_txt	original	valid_reference_no_overlap83	83	0	3.2439131171018403	20.337639397408754	0.31546515908585976	0.14428965522941337
qwen3_lezgi_grammar_original_modelgloss_baseline	qwen3	modelgloss	baseline	original	valid_reference84	84	0	8.809500149153884	34.7787215992417	0.5011863224208355	0.3354441330191635
qwen3_lezgi_grammar_original_modelgloss_baseline	qwen3	modelgloss	baseline	original	valid_reference_no_overlap83	83	0	8.463536036072586	34.507069416673524	0.495968256908727	0.3326451108757272
qwen3_lezgi_grammar_original_modelgloss_cheatsheet_jpg	qwen3	modelgloss	cheatsheet_jpg	original	valid_reference84	84	0	8.491878444480438	34.65257251566719	0.5132973632287412	0.3374281031567426
qwen3_lezgi_grammar_original_modelgloss_cheatsheet_jpg	qwen3	modelgloss	cheatsheet_jpg	original	valid_reference_no_overlap83	83	0	8.288795820227232	34.49703246001068	0.5081313904150423	0.33496133417609225
qwen3_lezgi_grammar_original_modelgloss_cheatsheet_txt	qwen3	modelgloss	cheatsheet_txt	original	valid_reference84	84	0	8.853132307430887	35.68155831576042	0.5317002928682736	0.3480802560668616
qwen3_lezgi_grammar_original_modelgloss_cheatsheet_txt	qwen3	modelgloss	cheatsheet_txt	original	valid_reference_no_overlap83	83	0	8.488643334434299	35.41577210707529	0.526849865554327	0.3454334763697831
qwen3_lezgi_grammar_original_modelgloss_pdfpages_impactful_jpg	qwen3	modelgloss	pdfpages_impactful_jpg	original	valid_reference84	84	0	9.81271967443672	34.67434824648182	0.4976309271795409	0.3242287193203256
qwen3_lezgi_grammar_original_modelgloss_pdfpages_impactful_jpg	qwen3	modelgloss	pdfpages_impactful_jpg	original	valid_reference_no_overlap83	83	0	9.630875601720536	34.51740960992428	0.4922762021242854	0.3216029216187546
qwen3_lezgi_grammar_original_modelgloss_summary_tables_jpg	qwen3	modelgloss	summary_tables_jpg	original	valid_reference84	84	1	9.740353677634147	33.62253116485173	0.5109201802739075	0.334222952081334
qwen3_lezgi_grammar_original_modelgloss_summary_tables_jpg	qwen3	modelgloss	summary_tables_jpg	original	valid_reference_no_overlap83	83	1	9.564875723813119	33.45870299559655	0.5057255667017166	0.33171756682266673
qwen3_lezgi_grammar_original_modelgloss_summary_tables_txt	qwen3	modelgloss	summary_tables_txt	original	valid_reference84	84	0	8.394931182652119	35.6766835727792	0.5105488220495837	0.34318769288559753
qwen3_lezgi_grammar_original_modelgloss_summary_tables_txt	qwen3	modelgloss	summary_tables_txt	original	valid_reference_no_overlap83	83	0	8.056565076010871	35.414347175675495	0.5054435577378216	0.34048196664416647
qwen3_lezgi_grammar_original_modelgloss_summary_text_txt	qwen3	modelgloss	summary_text_txt	original	valid_reference84	84	0	8.69399760715	36.161442330024315	0.5195249379390762	0.3441745321310702
qwen3_lezgi_grammar_original_modelgloss_summary_text_txt	qwen3	modelgloss	summary_text_txt	original	valid_reference_no_overlap83	83	0	8.361943100338584	35.9017857575471	0.5145278196018862	0.34148069551910265
qwen3_lezgi_grammar_original_shot_baseline	qwen3	shot	baseline	original	valid_reference84	84	0	3.9325841331684206	19.88813382572778	0.3436556460247153	0.15835256085154556
qwen3_lezgi_grammar_original_shot_baseline	qwen3	shot	baseline	original	valid_reference_no_overlap83	83	0	3.289458797924168	19.399955223598734	0.33712400962789374	0.15261114927300487
qwen3_lezgi_grammar_original_shot_cheatsheet_jpg	qwen3	shot	cheatsheet_jpg	original	valid_reference84	84	1	3.900044980479679	19.734405493161542	0.34246616030023214	0.15759224435758024
qwen3_lezgi_grammar_original_shot_cheatsheet_jpg	qwen3	shot	cheatsheet_jpg	original	valid_reference_no_overlap83	83	1	3.269013841334036	19.249712286379122	0.33585676838116474	0.15340996318193803
qwen3_lezgi_grammar_original_shot_cheatsheet_txt	qwen3	shot	cheatsheet_txt	original	valid_reference84	84	1	4.062784557923914	19.518655557485417	0.3307808602140063	0.14762486845609687
qwen3_lezgi_grammar_original_shot_cheatsheet_txt	qwen3	shot	cheatsheet_txt	original	valid_reference_no_overlap83	83	1	3.5116067449718025	19.056478634131953	0.3283000444791403	0.14418493381824837
qwen3_lezgi_grammar_original_shot_pdfpages_impactful_jpg	qwen3	shot	pdfpages_impactful_jpg	original	valid_reference84	84	5	2.830992877931357	17.832232357621066	0.3307394193751471	0.14312202749507769
qwen3_lezgi_grammar_original_shot_pdfpages_impactful_jpg	qwen3	shot	pdfpages_impactful_jpg	original	valid_reference_no_overlap83	83	5	2.0361090861386035	17.334751438321717	0.32459973211748055	0.13927718799516378
qwen3_lezgi_grammar_original_shot_summary_tables_jpg	qwen3	shot	summary_tables_jpg	original	valid_reference84	84	2	3.7408783130628884	18.789913139261465	0.33446100708984194	0.14319781409133048
qwen3_lezgi_grammar_original_shot_summary_tables_jpg	qwen3	shot	summary_tables_jpg	original	valid_reference_no_overlap83	83	2	3.015452265863222	18.287935738452855	0.3283661582383765	0.13935388768293772
qwen3_lezgi_grammar_original_shot_summary_tables_txt	qwen3	shot	summary_tables_txt	original	valid_reference84	84	0	3.5618748715124187	19.806465750586693	0.3199899448525338	0.14747923931905202
qwen3_lezgi_grammar_original_shot_summary_tables_txt	qwen3	shot	summary_tables_txt	original	valid_reference_no_overlap83	83	0	2.9804757311679695	19.34854606628637	0.3173791180892163	0.1440375501132873
qwen3_lezgi_grammar_original_shot_summary_text_txt	qwen3	shot	summary_text_txt	original	valid_reference84	84	0	3.5563424097334395	19.793758174909907	0.3269016453552814	0.1447453699296429
qwen3_lezgi_grammar_original_shot_summary_text_txt	qwen3	shot	summary_text_txt	original	valid_reference_no_overlap83	83	0	2.9342295998850103	19.335150691741354	0.32437409209199697	0.14127074253846364
